3.483438800797554791e+01,0.000000000000000000e+00,-1.437196533080711145e-05
-2.003873867045903978e+00,0.000000000000000000e+00,1.434879832738406469e+00
3.513119671382235509e+01,0.000000000000000000e+00,1.018053122569581971e-03
3.163882028607192609e+01,0.000000000000000000e+00,5.226450729748827878e-02
3.480064836992870880e+01,0.000000000000000000e+00,2.412495057042827670e-02
4.650801813636179105e+01,0.000000000000000000e+00,-6.281866596998151309e+00
4.697158771629815277e+01,0.000000000000000000e+00,-7.028906522686525271e+00
3.475753957614684708e+01,0.000000000000000000e+00,6.696793448314663534e-03
3.595727134260884839e+01,0.000000000000000000e+00,6.924697936227708350e-01
3.466027568959999883e+01,0.000000000000000000e+00,-6.528445059030000197e-04
3.023453369426408699e+01,0.000000000000000000e+00,1.232180367983670526e-02
2.475448989837339653e+01,0.000000000000000000e+00,-1.503790852089147145e-03
3.483944017698518536e+01,0.000000000000000000e+00,4.487387494044106639e-03
3.471399194957086110e+01,0.000000000000000000e+00,7.525933311419988669e+00
3.534981323630862704e+01,0.000000000000000000e+00,4.002367720685534036e-01
2.731866543417310211e+01,0.000000000000000000e+00,-2.145739902801421968e-04
4.379692035339397194e+01,0.000000000000000000e+00,6.419357938524868246e+00
3.481663257508247256e+01,0.000000000000000000e+00,-1.227496966429723804e-03
3.476490512513000652e+01,0.000000000000000000e+00,7.097675848697428645e-03
2.406318791442927818e+01,0.000000000000000000e+00,-9.344306839841041989e-02
3.243041967988148855e+01,0.000000000000000000e+00,-1.161570233900224847e-01
3.550486040793560250e+01,0.000000000000000000e+00,-1.014288760191705663e+00
3.433225712197484114e+01,0.000000000000000000e+00,6.746361150064108081e+00
2.622053678249386977e+01,0.000000000000000000e+00,6.842184543859085311e-02
2.619983369474431001e+01,0.000000000000000000e+00,-3.302087667717491966e-03
1.215639960047045243e+01,0.000000000000000000e+00,-4.014040358890593296e+00
3.472984241534105365e+01,0.000000000000000000e+00,8.389599788048037604e-03
2.050559325798414889e+01,0.000000000000000000e+00,5.567139962844736695e-04
3.501498576000238216e+01,0.000000000000000000e+00,3.616136319963519918e-01
2.191512205516009004e+01,0.000000000000000000e+00,-3.012453707203933007e-04
2.404589445901800460e+01,0.000000000000000000e+00,2.209984406818643166e+00
3.044617102979324841e+01,0.000000000000000000e+00,3.648786529064331763e-01
3.242015556727660908e+01,0.000000000000000000e+00,-4.600804180866566867e-02
3.444850787041293927e+01,0.000000000000000000e+00,3.767726659385749466e-01
3.483116550898496655e+01,0.000000000000000000e+00,4.019269897112450092e-03
2.185364842869835655e+01,0.000000000000000000e+00,-3.648686108490330486e-04
1.178322017270448185e+01,0.000000000000000000e+00,-6.919482857399432418e-02
3.334016995469841760e+01,0.000000000000000000e+00,-1.108483516132602098e+00
2.240532907980129806e+01,0.000000000000000000e+00,-1.830458288681197920e-01
3.379373024423727401e+01,0.000000000000000000e+00,5.545112268130695909e+00
4.824105712230564791e+01,0.000000000000000000e+00,-1.019936298665857333e+00
3.479238799337556287e+01,0.000000000000000000e+00,-3.541005743824292805e-03
2.364945576162753937e+01,0.000000000000000000e+00,1.932219975259494987e-02
2.773453691721329051e+01,0.000000000000000000e+00,-1.430883928146445098e-03
3.316122517622321197e+01,0.000000000000000000e+00,4.857277130811429089e+00
2.540823926695555457e+01,0.000000000000000000e+00,1.939895080695732466e+00
3.624100574262818242e+01,0.000000000000000000e+00,-9.767604242454288155e+00
3.472461880460116390e+01,0.000000000000000000e+00,3.404547928465936034e-03
3.545185903765602120e+01,0.000000000000000000e+00,5.709403471610168257e-01
3.973290763888101651e+01,0.000000000000000000e+00,1.159232285575988364e+01
1.963827877318309234e+01,0.000000000000000000e+00,-4.070921312218346252e-04
2.055495320472195431e+01,0.000000000000000000e+00,7.219668284894944761e-05
1.605854440482679735e+01,0.000000000000000000e+00,3.654975936883633064e-02
3.474577217825797248e+01,0.000000000000000000e+00,-1.476888224102711851e-03
3.477229774321440203e+01,0.000000000000000000e+00,7.452822777547677508e-04
2.617304764559987262e+01,0.000000000000000000e+00,-3.461219057746418946e-03
4.744745124026994176e+01,0.000000000000000000e+00,-8.739611021313292705e-01
3.479720251768520001e+01,0.000000000000000000e+00,-1.085232052963921003e-03
4.117214327860531853e+01,0.000000000000000000e+00,2.656751262704022842e+00
3.477136110482335596e+01,0.000000000000000000e+00,-2.504010824125542638e-03
1.451477616620000077e+01,0.000000000000000000e+00,2.632571447759999867e-03
3.486377336520916970e+01,0.000000000000000000e+00,9.342336915402801867e-03
1.860341443546213114e+00,0.000000000000000000e+00,-5.797591148299826580e-01
2.677186744139749308e+01,0.000000000000000000e+00,-1.481431550593954611e-03
4.580612066651541880e+01,0.000000000000000000e+00,-7.314159422630188701e+00
4.232862357888602389e+01,0.000000000000000000e+00,-2.348884846398347825e+00
2.456994639114735435e+01,0.000000000000000000e+00,1.346892977546017148e-03
4.132727671829670157e+01,0.000000000000000000e+00,9.653945131879542174e-01
1.516835886870000039e+01,0.000000000000000000e+00,-1.875675975329999965e-04
3.254812554928354729e+01,0.000000000000000000e+00,3.121936262784281158e-01
3.194644516853959360e+01,0.000000000000000000e+00,-5.708298448730223518e-01
3.471371655396274747e+01,0.000000000000000000e+00,-7.184049344496819603e-03
-2.547132434055089600e+00,0.000000000000000000e+00,1.190114243719108345e+00
3.153834310899769378e+01,0.000000000000000000e+00,6.899427669876008196e+00
3.338726086823094619e+01,0.000000000000000000e+00,-4.708429685757142130e-03
3.581333857410447763e+01,0.000000000000000000e+00,6.364075089803249430e-01
2.622355476220942094e+01,0.000000000000000000e+00,8.332720119123607216e-02
3.520149459436778727e+01,0.000000000000000000e+00,8.654885149423376944e+00
4.668085922774013596e+01,0.000000000000000000e+00,5.776994402767726022e+00
3.377661086443130500e+01,0.000000000000000000e+00,-2.408030604852024609e-03
4.139567347524449303e+01,0.000000000000000000e+00,2.348813717520191746e-01
3.485197841018310072e+01,0.000000000000000000e+00,-1.774862163748857236e-03
2.995679350419171172e+01,0.000000000000000000e+00,5.423977427415538344e+00
3.127673262216910643e+01,0.000000000000000000e+00,5.743072150407480869e+00
3.158263724483292734e+01,0.000000000000000000e+00,-6.970901366501485175e-01
2.626506485042890304e+01,0.000000000000000000e+00,5.165869534247411951e-03
2.826306998874029830e+01,0.000000000000000000e+00,-1.541537560479082792e-03
2.050890138579793032e+01,0.000000000000000000e+00,-2.641521603292804250e-04
3.510395961913271634e+01,0.000000000000000000e+00,-1.315924104708728004e+00
3.263833880757223227e+01,0.000000000000000000e+00,-1.217414400215600656e+00
3.478563659424861498e+01,0.000000000000000000e+00,-2.591657317824459707e-03
2.946045948160312378e+01,0.000000000000000000e+00,-2.718018446224163519e-03
3.481324218319345931e+01,0.000000000000000000e+00,-4.996671326526778761e-04
2.333473674871794046e+01,0.000000000000000000e+00,1.407678409379648768e-03
2.783583319163270886e+01,0.000000000000000000e+00,-3.112460743446553504e-03
3.833107427384000943e+01,0.000000000000000000e+00,2.111092815163457814e-01
2.327710877128550138e+01,0.000000000000000000e+00,-4.263946623727022300e-04
3.481032067839915811e+01,0.000000000000000000e+00,1.795583856309297026e-03
3.485693613610403219e+01,0.000000000000000000e+00,-7.969584284200715851e-01
3.006455614481586736e+01,0.000000000000000000e+00,-3.814958757572495252e+00
3.179024858126245690e+01,0.000000000000000000e+00,-4.096826294337602703e-01
4.113769625940152252e+01,0.000000000000000000e+00,-1.586244017645910276e-01
3.371165140244034575e+01,0.000000000000000000e+00,4.048188324528330995e+00
1.937244317396245563e+01,0.000000000000000000e+00,1.360965744513367368e-02
2.421903789410310637e+01,0.000000000000000000e+00,-7.912565621245470915e+00
3.235940852523888367e+01,0.000000000000000000e+00,5.058281205091804539e-02
2.429951134776079513e+01,0.000000000000000000e+00,-8.314929014412214894e-03
4.800316486013536377e+01,0.000000000000000000e+00,4.487124363416621797e+00
2.205398271318848913e+01,0.000000000000000000e+00,1.649068600510004978e-02
3.089084902485840090e+01,0.000000000000000000e+00,7.045719691572864540e-02
4.989980579631198765e+01,0.000000000000000000e+00,7.183891402304224627e+00
3.782861775000051097e+01,0.000000000000000000e+00,6.338215001677364846e+00
3.413316324294959969e+01,0.000000000000000000e+00,9.377329031807239090e+00
3.479176568140056958e+01,0.000000000000000000e+00,1.399578704508478745e-02
3.477823089965478687e+01,0.000000000000000000e+00,2.384597083008456898e-03
3.593952748356191762e+01,0.000000000000000000e+00,5.056094007048194117e-01
3.581671112367392595e+01,0.000000000000000000e+00,4.908905228894056005e-01
3.937091655812670865e+01,0.000000000000000000e+00,-1.150840420434259137e+01
-2.087789273840611859e+00,0.000000000000000000e+00,1.338863262420434186e+00
4.475784286423722591e+01,0.000000000000000000e+00,-5.265714028583303730e+00
3.389820341116156754e+01,0.000000000000000000e+00,-6.178645466679076430e-03
3.484640134683491652e+01,0.000000000000000000e+00,3.341247482311700268e-02
2.813450565303021023e+01,0.000000000000000000e+00,6.934109525630396398e-01
3.480235252860082795e+01,0.000000000000000000e+00,-3.900770044872630803e-03
1.667671496052112801e+01,0.000000000000000000e+00,1.278321718947305133e-02
4.963940137905386507e+01,0.000000000000000000e+00,-8.342862453780334420e+00
3.209899764305261272e+01,0.000000000000000000e+00,8.355357678258132706e-03
2.173097582768309621e+01,0.000000000000000000e+00,-8.898400382675918183e-04
3.479406201815211119e+01,0.000000000000000000e+00,1.155413503863170384e-02
3.478306845243805157e+01,0.000000000000000000e+00,5.890362304523810710e-02
3.484074459682562974e+01,0.000000000000000000e+00,8.318769138038370177e-04
3.319111914775248096e+01,0.000000000000000000e+00,2.749897032135940056e-01
3.484213088963304727e+01,0.000000000000000000e+00,1.235850450434482564e-02
4.653449417111576025e+01,0.000000000000000000e+00,7.504179888116428110e+00
3.096241711056762469e+01,0.000000000000000000e+00,3.697295117228953654e-01
5.157322097472729894e+01,0.000000000000000000e+00,1.514941377347462925e+00
2.521724946391998046e+01,0.000000000000000000e+00,-1.748929134276881910e-03
3.481189432013675145e+01,0.000000000000000000e+00,-5.654826910025604302e-03
3.468173896140551449e+01,0.000000000000000000e+00,-1.877090319907111574e-02
3.475230320368207515e+01,0.000000000000000000e+00,-4.941083516633375597e-03
3.491471795093728758e+01,0.000000000000000000e+00,-1.523709019415243719e-02
2.760595254707447310e+01,0.000000000000000000e+00,-2.637736335689414967e-03
1.881842910730965812e+01,0.000000000000000000e+00,5.702435376676276597e-04
1.524380998840000068e+01,0.000000000000000000e+00,-7.102512379680000554e-05
3.477755292562171263e+01,0.000000000000000000e+00,-6.681422243917947701e-03
1.810392422087465292e+01,0.000000000000000000e+00,-5.064525775500083697e-03
3.178515150813265677e+01,0.000000000000000000e+00,4.928231694881065827e+00
3.328844064091332200e+01,0.000000000000000000e+00,2.888704507995095150e-01
3.486778402377375841e+01,0.000000000000000000e+00,4.951126601419864742e-02
3.438430011107109152e+01,0.000000000000000000e+00,3.795489067869286970e+00
3.448743469770244019e+01,0.000000000000000000e+00,-3.355814029662515432e-03
3.129664934702248047e+01,0.000000000000000000e+00,-3.123170267223409399e-03
3.337485311763114026e+01,0.000000000000000000e+00,1.103691795761146288e+00
3.417725573591214783e+01,0.000000000000000000e+00,3.750923683637595184e-04
3.346655066426887259e+01,0.000000000000000000e+00,4.278273568267815935e-02
2.923876413571137078e+01,0.000000000000000000e+00,3.786286361613403262e+00
3.479806528273206112e+01,0.000000000000000000e+00,7.682496573730253006e-04
3.414933242090102539e+01,0.000000000000000000e+00,-3.867962575568164141e+00
4.285897667209802364e+01,0.000000000000000000e+00,-1.188658717966032263e+01
3.481777417550735976e+01,0.000000000000000000e+00,-3.023308804062545437e-03
2.386825497683220831e+01,0.000000000000000000e+00,1.735082995153648276e-03
4.664880496303352686e+01,0.000000000000000000e+00,-1.864024707694430960e+00
3.458912431782638919e+01,0.000000000000000000e+00,1.871995646305420202e-01
2.359528185945773870e+01,0.000000000000000000e+00,1.904394055071475587e-05
3.482200235404070554e+01,0.000000000000000000e+00,-4.787414550894578472e-03
1.682410138006569866e+01,0.000000000000000000e+00,8.018665227469629411e-03
2.388391623019382948e+01,0.000000000000000000e+00,6.075877897800006089e-01
3.348377134171350633e+01,0.000000000000000000e+00,-1.918021267798238061e-01
4.007505555885087745e+01,0.000000000000000000e+00,1.081833689056541647e+00
3.483477925163339251e+01,0.000000000000000000e+00,1.149893791535785692e-01
3.476451695858005309e+01,0.000000000000000000e+00,5.847318438140533189e-03
3.276491119458963652e+01,0.000000000000000000e+00,-2.133276175849609102e-01
3.477384964412224377e+01,0.000000000000000000e+00,-1.152067817546775265e-02
3.359782457665853173e+01,0.000000000000000000e+00,1.114516228126364528e+00
3.484042211246034526e+01,0.000000000000000000e+00,-4.121685143527441600e-03
3.072431324997216606e+01,0.000000000000000000e+00,8.611161683956381971e-03
2.787523296077939250e+01,0.000000000000000000e+00,-5.058063127098983910e-03
3.451643312360000238e+01,0.000000000000000000e+00,-6.615370701559999955e-03
3.482815989444781479e+01,0.000000000000000000e+00,3.199984483772050532e-03
3.214523130736967715e+01,0.000000000000000000e+00,-1.283494169936500784e+00
3.244797934918897653e+01,0.000000000000000000e+00,1.010553071414654371e-02
2.898307696611575679e+01,0.000000000000000000e+00,1.211863649127381537e-02
3.973083027028766168e+01,0.000000000000000000e+00,-1.719647893900041025e+00
2.188651268484668577e+01,0.000000000000000000e+00,-7.123541945977721057e-02
3.890429619121254490e+01,0.000000000000000000e+00,1.155431179593571756e+01
1.517556735730000028e+01,0.000000000000000000e+00,3.164844444739999918e-04
1.897162024592354612e+01,0.000000000000000000e+00,-1.672665185224266634e-04
2.284550556999634452e+01,0.000000000000000000e+00,8.476800235018697727e-01
2.742865990098023232e+01,0.000000000000000000e+00,-4.292370851617889269e-03
3.210642424584784038e+01,0.000000000000000000e+00,7.562989817475782139e+00
3.222498166917269913e+01,0.000000000000000000e+00,6.457225242916879715e-01
3.479344835746078957e+01,0.000000000000000000e+00,4.706552349009283931e-02
3.461548937887352650e+01,0.000000000000000000e+00,1.323294558055808923e-01
3.541321863374278678e+01,0.000000000000000000e+00,-5.128731374625876249e+00
3.737301593689186774e+01,0.000000000000000000e+00,-1.093050988742611729e+01
3.485947293006229586e+01,0.000000000000000000e+00,-1.703402164491035287e-03
1.539051112110634278e+01,0.000000000000000000e+00,3.726600904499821881e-03
3.470616932400888288e+01,0.000000000000000000e+00,8.204877204680322000e-02
-2.802264546846958471e+00,0.000000000000000000e+00,1.463101802536246332e+00
3.566257073136279132e+01,0.000000000000000000e+00,9.532126530711005907e-01
3.478865149237365983e+01,0.000000000000000000e+00,-8.027432772339306586e-04
4.140203298346791172e+01,0.000000000000000000e+00,3.296998213724837257e+00
2.810364984195821236e+01,0.000000000000000000e+00,5.680872095203516603e-02
2.174788310350693976e+01,0.000000000000000000e+00,-8.198674511971863321e-04
3.484091341864226621e+01,0.000000000000000000e+00,-1.084800822787179882e-03
3.901375192326606367e+01,0.000000000000000000e+00,1.220388909995734039e+01
4.241520135293260552e+01,0.000000000000000000e+00,-2.262790135358175192e+00
6.394150089139536419e+00,0.000000000000000000e+00,-1.276599912397689440e+00
3.202001232955741727e+01,0.000000000000000000e+00,-5.587148476031361000e+00
4.089228194640630676e+01,0.000000000000000000e+00,-6.828240040516102560e-01
1.573375133575704155e+01,0.000000000000000000e+00,-4.404089108543094433e+00
2.201061330119967252e+01,0.000000000000000000e+00,1.118158325337588854e+00
2.464978627127348432e+01,0.000000000000000000e+00,2.011898094542574067e-01
3.482696191752030046e+01,0.000000000000000000e+00,-3.331733335339519091e-03
3.483594161448893800e+01,0.000000000000000000e+00,3.786717248359002842e-03
-3.034033330473139056e+00,0.000000000000000000e+00,1.130569301868225907e+00
4.286731073345222143e+01,0.000000000000000000e+00,3.302086495265354471e-01
3.445999854097350834e+01,0.000000000000000000e+00,-2.822551578479690765e-03
3.481232139982375884e+01,0.000000000000000000e+00,7.504964702984653381e-03
3.476933179119934891e+01,0.000000000000000000e+00,-8.288348187982666829e-03
3.207499045217353739e+01,0.000000000000000000e+00,-2.298985569896289327e+00
4.484306326031828860e+01,0.000000000000000000e+00,-7.840068156319382808e+00
3.147619685114258559e+01,0.000000000000000000e+00,1.463952222315163289e-02
3.865945591813527216e+01,0.000000000000000000e+00,1.201916829436653522e+01
1.773012200149707240e+01,0.000000000000000000e+00,-3.329629362166386798e-04
3.009457514273261936e+01,0.000000000000000000e+00,1.795038185155881427e+00
2.380281543351123119e+01,0.000000000000000000e+00,6.105804815761315101e-04
3.333455889535613181e+01,0.000000000000000000e+00,-1.277350623874787150e+00
3.375756331227756135e+01,0.000000000000000000e+00,5.855448671688958662e-01
3.510754554924911730e+01,0.000000000000000000e+00,-1.635059324925544511e+00
1.884491101734599994e+01,0.000000000000000000e+00,6.450636031803986137e-04
3.485273781644459490e+01,0.000000000000000000e+00,-3.709165387379835185e-03
3.440062900841758164e+01,0.000000000000000000e+00,1.940725129625608600e-02
3.485525490243576741e+01,0.000000000000000000e+00,1.394176331028237816e-03
3.480498955971808783e+01,0.000000000000000000e+00,4.903401301303866172e-02
2.698463575299010131e+01,0.000000000000000000e+00,3.736195262141462931e-03
3.300816938662637767e+01,0.000000000000000000e+00,2.238514632726780126e-02
3.268313442900148402e+01,0.000000000000000000e+00,-6.227820151523840719e-01
2.858418534100148989e+01,0.000000000000000000e+00,-2.193744176649199251e-03
3.516810040706784690e+01,0.000000000000000000e+00,-4.671392193339287124e-01
2.309625984812650046e+01,0.000000000000000000e+00,-8.962656396869760089e-05
3.108983236007037476e+01,0.000000000000000000e+00,-7.399448003956601849e-03
3.480684816224376732e+01,0.000000000000000000e+00,3.518907018666000280e-02
2.979309743893298901e+01,0.000000000000000000e+00,1.135847690616943462e-01
2.768957772003066964e+01,0.000000000000000000e+00,-1.830805519994753222e-03
2.309605512621724799e+01,0.000000000000000000e+00,1.696304847338248436e-04
3.256641427233626729e+01,0.000000000000000000e+00,-4.898823043969579780e-03
2.407925269724391981e+01,0.000000000000000000e+00,6.740494733383079612e-03
3.424331517825872595e+01,0.000000000000000000e+00,1.357824672696651414e+00
3.059970738766104503e+01,0.000000000000000000e+00,-1.841612512034139115e+00
3.242928033019116185e+01,0.000000000000000000e+00,2.855126900095897313e-01
1.853284363362202569e+01,0.000000000000000000e+00,1.164581336831845525e-02
3.406496284001994468e+01,0.000000000000000000e+00,5.368613928831044158e-01
9.643965283423257873e+00,0.000000000000000000e+00,-3.111507794878083377e+00
3.472377262002169829e+01,0.000000000000000000e+00,8.075279761638819664e+00
3.474673222506625336e+01,0.000000000000000000e+00,3.946068693847910175e-02
1.508633047500000046e+01,0.000000000000000000e+00,7.357105627670000624e-05
3.221628106606875264e+01,0.000000000000000000e+00,-1.104416073830643885e+00
3.277325352174077011e+01,0.000000000000000000e+00,-1.473924491832583616e-01
3.805380966468088388e+01,0.000000000000000000e+00,1.019007078070747419e+01
4.841027459730889859e+01,0.000000000000000000e+00,1.064591741717914175e+01
1.455779409001349656e+01,0.000000000000000000e+00,3.918709098435714695e-03
-4.114583449725005337e+00,0.000000000000000000e+00,1.343669269793495769e+00
3.205923296621826779e+01,0.000000000000000000e+00,1.409573026781320293e-01
4.267274450147189668e+01,0.000000000000000000e+00,4.846969206325330681e+00
3.060810527336915854e+01,0.000000000000000000e+00,1.872840999770241932e-01
1.721165744557113442e+01,0.000000000000000000e+00,8.652259099256183195e-01
1.512543561889999921e+01,0.000000000000000000e+00,-1.803005981480000077e-04
3.126197279231561055e+01,0.000000000000000000e+00,1.769430539620447107e-01
3.483058313516428939e+01,0.000000000000000000e+00,-2.540773849323696518e-03
3.479760261918165298e+01,0.000000000000000000e+00,-3.513916165414570671e-03
3.484761615858616324e+01,0.000000000000000000e+00,-2.438410736342672396e-03
3.886507046464437565e+01,0.000000000000000000e+00,5.781034258265941972e+00
3.482202543881655998e+01,0.000000000000000000e+00,2.267588349397864009e-02
3.481291563848369464e+01,0.000000000000000000e+00,-5.749943108233152890e-03
3.190172195665439148e+01,0.000000000000000000e+00,2.383852118889647764e-01
2.635106531773696048e+01,0.000000000000000000e+00,-1.311399854802042285e-03
4.249522999441446558e+01,0.000000000000000000e+00,-8.964795529263264839e+00
3.618558276223534875e+01,0.000000000000000000e+00,6.751598065532370407e-01
3.475600833548961077e+01,0.000000000000000000e+00,-8.252536043548202790e-03
4.972506102479129453e+01,0.000000000000000000e+00,8.294302842054147362e+00
3.478908549711863429e+01,0.000000000000000000e+00,-5.957761066078589435e-03
1.665246549329909342e+01,0.000000000000000000e+00,-2.948369299471925828e-04
1.836424979743463126e+01,0.000000000000000000e+00,1.565423737457211084e-02
1.463364133790000032e+01,0.000000000000000000e+00,-1.926388235589999998e-03
3.460570690910310532e+01,0.000000000000000000e+00,2.050057272303801581e-01
3.477792770451795690e+01,0.000000000000000000e+00,7.233289131432356703e-03
1.517379782519999942e+01,0.000000000000000000e+00,7.432073415299999880e-04
3.135485789967124148e+01,0.000000000000000000e+00,4.115163982697395834e-02
4.909827736932624020e+01,0.000000000000000000e+00,5.231773264520057865e+00
4.733018465241416806e+01,0.000000000000000000e+00,1.020387796167579353e+01
3.376462381275342040e+01,0.000000000000000000e+00,-4.416362477040367343e-03
3.795484466906498966e+01,0.000000000000000000e+00,9.248984369250713655e+00
2.126106865005938218e+01,0.000000000000000000e+00,-2.720726791914155587e-04
-2.809762599489498136e+00,0.000000000000000000e+00,1.383296163300014703e+00
2.535595657868562469e+01,0.000000000000000000e+00,3.468534490448413887e+00
3.185322495705167256e+01,0.000000000000000000e+00,3.064921851584756940e+00
3.394486946945953321e+01,0.000000000000000000e+00,-7.993343995817142833e+00
1.457725882624401414e+01,0.000000000000000000e+00,-2.503864349793963662e+00
3.125852767847740665e+01,0.000000000000000000e+00,-3.681052377921975594e-03
1.664269581057357783e+01,0.000000000000000000e+00,3.291931201017753443e-04
2.772520325595800017e+01,0.000000000000000000e+00,1.092519265699430087e-01
3.475792139777155398e+01,0.000000000000000000e+00,1.740751664387291814e-02
3.479760027952048063e+01,0.000000000000000000e+00,2.710651525793093212e-03
2.192334961495744494e+01,0.000000000000000000e+00,3.606153744310238839e-03
3.458945861214591844e+01,0.000000000000000000e+00,1.299087268714696208e-01
3.476927378918928468e+01,0.000000000000000000e+00,1.952192657659422917e-02
2.554487886712304601e+01,0.000000000000000000e+00,5.561782664049747405e-04
3.483948573031894824e+01,0.000000000000000000e+00,-3.170433821554935038e-03
2.246003038991680967e+01,0.000000000000000000e+00,-4.217414434659353599e-04
3.412289306536430900e+01,0.000000000000000000e+00,-2.876276008408619380e-03
3.336725882407449717e+01,0.000000000000000000e+00,3.777826856684242396e-02
3.483815689504537971e+01,0.000000000000000000e+00,1.661044229066152220e-02
7.169774521516490751e+00,0.000000000000000000e+00,-7.045056603921792115e-01
3.443829903649539403e+01,0.000000000000000000e+00,1.805394102540085948e-04
3.262283057070420966e+01,0.000000000000000000e+00,-2.220356059550198324e+00
3.308108203228065491e+01,0.000000000000000000e+00,1.727763448721864936e+00
3.058849279840606172e+01,0.000000000000000000e+00,5.272122379198412645e+00
2.614096386819236528e+01,0.000000000000000000e+00,3.362598049134486039e-03
1.673880145088442717e+01,0.000000000000000000e+00,-2.745390223146177908e-02
3.478673835765393818e+01,0.000000000000000000e+00,4.614334963100121673e-02
4.353960931122187361e+01,0.000000000000000000e+00,-1.191296811551344526e+01
1.980599374919867728e+01,0.000000000000000000e+00,5.794809227828493208e-04
3.338437670228551468e+01,0.000000000000000000e+00,-4.489790705742444099e-03
3.495290390328069208e+01,0.000000000000000000e+00,9.666683301970646625e-02
3.221779923176788429e+01,0.000000000000000000e+00,2.641448947638724287e-01
3.375009808267341782e+01,0.000000000000000000e+00,-2.655172675851477759e+00
3.516035510567775191e+01,0.000000000000000000e+00,5.221778167374537816e-01
3.443629407142486798e+01,0.000000000000000000e+00,-3.125633216481451981e+00
3.477907473697842278e+01,0.000000000000000000e+00,1.057185916685768508e-02
3.272014805737557452e+01,0.000000000000000000e+00,7.596956100804886924e-01
3.483061109437463188e+01,0.000000000000000000e+00,-3.040649203630325578e-03
2.033381438922453910e+01,0.000000000000000000e+00,3.868553532923218845e-03
1.515814688809999922e+01,0.000000000000000000e+00,-1.961545758360000100e-04
1.963917155192029540e+01,0.000000000000000000e+00,3.529796750006116215e-04
3.234073557402437871e+01,0.000000000000000000e+00,8.594369580276543796e-02
1.614849434003472339e+01,0.000000000000000000e+00,2.315275867591338500e-03
3.473779074394862221e+01,0.000000000000000000e+00,-1.852486472161394074e-02
2.727333058697405477e+01,0.000000000000000000e+00,-1.547008850723693854e-03
4.170418414926366779e+01,0.000000000000000000e+00,-9.231720766777586462e+00
3.081583132747337217e+01,0.000000000000000000e+00,5.913625417635261922e-03
3.955550267635247508e+01,0.000000000000000000e+00,1.101211373829372775e+01
1.531709946129999977e+01,0.000000000000000000e+00,-3.609708580139999861e-05
3.438944875464598283e+01,0.000000000000000000e+00,2.593395046111605651e-01
4.383154491700188515e+01,0.000000000000000000e+00,2.714625625239534212e+00
1.780359701698535346e+01,0.000000000000000000e+00,1.337247429520475525e-02
2.828507518848246249e+01,0.000000000000000000e+00,5.327233694715819423e-01
4.455152504300507843e+01,0.000000000000000000e+00,9.701481164721317274e-01
3.231555834673996941e+01,0.000000000000000000e+00,9.336641630608388809e-02
-3.800834724450759539e-01,0.000000000000000000e+00,6.514111126794385198e-01
3.481635102496959178e+01,0.000000000000000000e+00,1.515759076817906233e-02
2.029587728659705803e+01,0.000000000000000000e+00,1.097930447203134506e-02
3.401438032735923400e+01,0.000000000000000000e+00,6.929918134493583126e-02
3.983283244428969283e+01,0.000000000000000000e+00,1.240337254056311167e+01
3.491579859925738560e+01,0.000000000000000000e+00,-8.464974935250101085e-02
3.388325562892537590e+01,0.000000000000000000e+00,-3.169935356276909477e+00
5.092149990350797850e+01,0.000000000000000000e+00,4.672997011537657563e+00
2.401327546803949176e+01,0.000000000000000000e+00,3.409559034743696315e-02
4.738513939900422400e+01,0.000000000000000000e+00,9.068794209027883468e+00
3.467719075729999645e+01,0.000000000000000000e+00,-4.387025381730000254e-06
1.607742179830655260e+01,0.000000000000000000e+00,4.271478210838219707e-03
3.485045023617639259e+01,0.000000000000000000e+00,2.264416398854454237e-03
3.991113142598792507e+01,0.000000000000000000e+00,1.514884800886781679e+00
-3.485309648797429549e+00,0.000000000000000000e+00,1.425765300352302312e+00
3.480413471535707259e+01,0.000000000000000000e+00,2.613037530110271563e-03
3.466485888479999744e+01,0.000000000000000000e+00,-5.088223128059999895e-04
2.917082454216399512e+01,0.000000000000000000e+00,1.336847092270455895e-02
2.834291731497785705e+01,0.000000000000000000e+00,-6.216119800001622224e-03
4.356176400883378363e+01,0.000000000000000000e+00,-8.056276122929226347e+00
3.698035488799141746e+01,0.000000000000000000e+00,-7.808835557649980608e+00
3.471996606053703971e+01,0.000000000000000000e+00,-2.030701513932189894e-02
2.317866034140679332e+01,0.000000000000000000e+00,9.453851302753996447e-03
3.476844178789678352e+01,0.000000000000000000e+00,-1.366498767859723740e-02
3.477343282003145220e+01,0.000000000000000000e+00,4.149592066038585748e-03
4.444139475705964060e+01,0.000000000000000000e+00,-3.302860163648321468e+00
3.423151426319676460e+01,0.000000000000000000e+00,3.023503587063225417e-01
2.225082654349754208e+01,0.000000000000000000e+00,3.711409120661278427e-02
3.480772165571342924e+01,0.000000000000000000e+00,3.825591020673254489e-03
1.132082963245087548e+01,0.000000000000000000e+00,-3.264667266902752996e+00
3.217214625971232778e+01,0.000000000000000000e+00,-3.706021698383849330e-03
1.563640678198714262e+01,0.000000000000000000e+00,5.646550783922603227e-03
3.479823589549012297e+01,0.000000000000000000e+00,8.436150666279368382e-02
3.475538106036303532e+01,0.000000000000000000e+00,2.511978882145549791e-02
3.329797395005121530e+01,0.000000000000000000e+00,2.715889837123529382e+00
3.474437333028099317e+01,0.000000000000000000e+00,8.652786570962270218e+00
2.385989590110274960e+01,0.000000000000000000e+00,1.641385942386665645e-03
3.023476072788852420e+01,0.000000000000000000e+00,9.448884474180243090e-03
3.450777254468722788e+01,0.000000000000000000e+00,-2.888540017639476890e-03
1.878186739048672749e+01,0.000000000000000000e+00,4.257967526840954848e-04
3.471590964334730955e+01,0.000000000000000000e+00,1.170480699244775234e-02
3.767251976355790077e+01,0.000000000000000000e+00,-7.806052096453190536e+00
2.695610464534972550e+01,0.000000000000000000e+00,9.941105830399692145e-03
3.476006826436304209e+01,0.000000000000000000e+00,1.855814131207810143e-03
2.910501795003594694e+01,0.000000000000000000e+00,1.296942767964618382e-01
3.478004205986170660e+01,0.000000000000000000e+00,4.563262495502869859e-02
1.323864910522653204e+01,0.000000000000000000e+00,-1.975191106937937535e+00
-2.839313523457981603e+00,0.000000000000000000e+00,1.462110411222352191e+00
3.194412732798083354e+01,0.000000000000000000e+00,1.415747782536977938e-02
2.293778948225814318e+01,0.000000000000000000e+00,-8.488400517815931304e-04
3.484619490910350947e+01,0.000000000000000000e+00,-2.412263711100853109e-03
3.872882426060450456e+01,0.000000000000000000e+00,-1.775012978480067227e+00
3.464218985370000325e+01,0.000000000000000000e+00,-1.237509977309999990e-03
3.470170903746594604e+01,0.000000000000000000e+00,6.772487202170238661e-03
3.301089647225749246e+01,0.000000000000000000e+00,-3.986646542529899417e-03
3.486741671675969201e+01,0.000000000000000000e+00,4.616883403120906892e-02
2.358963758984159398e+01,0.000000000000000000e+00,5.093690569417677833e-04
3.324066455393419517e+01,0.000000000000000000e+00,2.847835699264710252e-01
1.564486208161000036e+01,0.000000000000000000e+00,6.122627737772477069e-03
3.043446815351966706e+01,0.000000000000000000e+00,1.496593155126759800e-03
3.934142989283710534e+01,0.000000000000000000e+00,2.354171683194655973e+00
1.988757521610878598e+01,0.000000000000000000e+00,-9.311549699609121902e-05
-2.856841618515869818e+00,0.000000000000000000e+00,9.941304000186055312e-01
1.478032314422921800e+01,0.000000000000000000e+00,4.233456513518345059e-03
6.111794387523281774e-02,0.000000000000000000e+00,4.315027311020450673e-01
2.201268363719569976e+01,0.000000000000000000e+00,1.510003529827996967e-02
3.998250564198918511e+01,0.000000000000000000e+00,9.864803719499809276e+00
3.478049571113164973e+01,0.000000000000000000e+00,-2.104958184555705616e-02
3.098343412799722074e+01,0.000000000000000000e+00,1.583629288675852953e-02
3.478041302376747979e+01,0.000000000000000000e+00,5.972432452862558999e-02
3.214221012585032611e+01,0.000000000000000000e+00,-4.287768997147454846e-03
3.336040516601286043e+01,0.000000000000000000e+00,-6.804957043932297056e-01
1.191713444330000016e+01,0.000000000000000000e+00,1.280586777789999992e-02
3.456920614696448979e+01,0.000000000000000000e+00,1.726135135127105924e+00
4.303143465495252684e+01,0.000000000000000000e+00,-8.407077745550383341e+00
3.480228103646108906e+01,0.000000000000000000e+00,-2.450984934820276979e-03
4.115135130735443880e+01,0.000000000000000000e+00,9.087046099717001724e+00
3.485212371672023579e+01,0.000000000000000000e+00,-2.505129802969445312e-03
3.484242028013832737e+01,0.000000000000000000e+00,1.313925091891683834e-02
4.360539164952709967e+01,0.000000000000000000e+00,1.163120025757309151e+01
5.265473060874299449e+01,0.000000000000000000e+00,3.313501030271645220e+00
3.476689566764947870e+01,0.000000000000000000e+00,9.660266658261901895e+00
3.213573159737690332e+01,0.000000000000000000e+00,-4.893232819135621692e-01
4.897093410917168654e+01,0.000000000000000000e+00,-6.025591785238123776e+00
3.457404939479163630e+01,0.000000000000000000e+00,2.055431445298410431e-01
3.724845438565522926e+01,0.000000000000000000e+00,4.463737753251914242e+00
3.148851199356060704e+01,0.000000000000000000e+00,2.243217072873364415e-02
2.239769767038563586e+01,0.000000000000000000e+00,-4.172112031744523741e-04
3.566947830827047028e+01,0.000000000000000000e+00,1.056371661493203007e+01
5.277507650327420663e+01,0.000000000000000000e+00,2.312494704107284527e+00
3.491946681313968526e+01,0.000000000000000000e+00,6.414205599188276263e-01
3.469245611782504568e+01,0.000000000000000000e+00,2.426338097670498097e-03
3.395194879398132315e+01,0.000000000000000000e+00,6.056981650948622509e+00
3.180522146934450589e+01,0.000000000000000000e+00,-9.942174575209003606e+00
3.136723057381788848e+01,0.000000000000000000e+00,1.130892177684945099e-01
3.098130938853672944e+01,0.000000000000000000e+00,-6.269670433036372614e+00
3.483926542998176501e+01,0.000000000000000000e+00,-3.329382646203892567e-03
1.883251305280829868e+01,0.000000000000000000e+00,3.827559397642599781e-01
5.131340002376075660e+01,0.000000000000000000e+00,-5.606626992187696779e+00
4.903093746503137851e+01,0.000000000000000000e+00,5.221922596139272343e+00
2.551532799887474923e+01,0.000000000000000000e+00,-5.626816044513383019e-01
3.281210774837767019e+01,0.000000000000000000e+00,3.061912997798231229e-01
2.774610499795117136e+01,0.000000000000000000e+00,-1.119079761042251608e-03
3.174569139088545811e+01,0.000000000000000000e+00,-3.048499892191337390e-03
3.483192294530498145e+01,0.000000000000000000e+00,1.197036060452950912e-02
1.465556149228582683e+01,0.000000000000000000e+00,3.610671804932234340e-03
1.800764426294968246e+01,0.000000000000000000e+00,-7.605701041054022116e-02
3.909925409110625338e+01,0.000000000000000000e+00,6.211968921876668936e+00
1.889388455485372731e+01,0.000000000000000000e+00,-1.788476874854548666e-04
3.471136274819414780e+01,0.000000000000000000e+00,2.002880749374052680e-03
3.480756017588946349e+01,0.000000000000000000e+00,-6.524821991850313779e-03
-3.540940969311134001e+00,0.000000000000000000e+00,1.364976966905305344e+00
3.468076751358801602e+01,0.000000000000000000e+00,-2.178914795525433573e-02
3.455178122371451366e+01,0.000000000000000000e+00,3.041891559999552741e-01
3.478119433512576819e+01,0.000000000000000000e+00,2.811529724907476172e-03
1.966509284675669988e+01,0.000000000000000000e+00,-1.771707065247918600e-01
2.967792702424097939e+01,0.000000000000000000e+00,4.503307109864006286e+00
2.538082205773329747e+01,0.000000000000000000e+00,-1.631109175860276372e-03
3.158121046432165713e+01,0.000000000000000000e+00,-1.686654331628748782e+00
4.638136858327337819e+01,0.000000000000000000e+00,4.537906149423961644e+00
3.463518507232605970e+01,0.000000000000000000e+00,-5.466611289340735924e-01
4.267046582011965228e+01,0.000000000000000000e+00,-7.968554102196183653e-01
3.549995402349006213e+01,0.000000000000000000e+00,4.308833164838558716e+00
1.671469788498323084e+01,0.000000000000000000e+00,-2.224276455943858697e-04
3.478262885612430466e+01,0.000000000000000000e+00,4.401427870398636616e-02
3.194884871519723646e+01,0.000000000000000000e+00,1.631800369774642212e-01
4.627992060072530478e+01,0.000000000000000000e+00,-1.116551716914207759e+01
3.479070914972013639e+01,0.000000000000000000e+00,4.052720010176567161e-02
3.480411062245072173e+01,0.000000000000000000e+00,4.884938375215757550e-02
3.444161578916665434e+01,0.000000000000000000e+00,-3.628275167599011308e-03
3.204841417465478060e+01,0.000000000000000000e+00,2.141589391439019663e-01
3.143181323543010208e+01,0.000000000000000000e+00,2.582294282936528629e-01
2.731931154890619950e+01,0.000000000000000000e+00,1.775049969419584706e-04
2.910564920634162078e+01,0.000000000000000000e+00,1.173400995708430844e-01
3.448707401663296679e+01,0.000000000000000000e+00,3.876091570183178292e-01
3.475938874733810025e+01,0.000000000000000000e+00,3.220478433583515154e-02
2.908854769723648204e+01,0.000000000000000000e+00,-8.944050276931375502e-05
3.480578893433687426e+01,0.000000000000000000e+00,1.240592450060013559e-03
3.476124873753682465e+01,0.000000000000000000e+00,2.092906065873927426e-02
3.479802582602878402e+01,0.000000000000000000e+00,-5.808613990036809059e-04
-4.376419016462535616e+00,0.000000000000000000e+00,1.327160995981212954e+00
2.473442173633849706e+01,0.000000000000000000e+00,2.522059965318435644e-04
3.637138077410995862e+01,0.000000000000000000e+00,6.431159674658023517e-01
5.354279591508261404e+01,0.000000000000000000e+00,-2.205705160820469413e+00
4.054035494017397667e+01,0.000000000000000000e+00,-6.277236356865016909e+00
3.389413544640523668e+01,0.000000000000000000e+00,5.115776810069062597e-01
3.451299027200886371e+01,0.000000000000000000e+00,9.856771167716360083e+00
3.498600245693584299e+01,0.000000000000000000e+00,1.498521041242511787e-01
3.481949591060816118e+01,0.000000000000000000e+00,1.536669265580339894e-02
3.478090230537454630e+01,0.000000000000000000e+00,-1.111218983985793468e-02
3.488425521536980511e+01,0.000000000000000000e+00,1.625232040137059714e-02
3.467118241810000256e+01,0.000000000000000000e+00,-3.047316672650000153e-04
3.036292631758372806e+01,0.000000000000000000e+00,2.135081839004115273e-02
3.471603064532130389e+01,0.000000000000000000e+00,-1.315919172351295505e-02
3.173918955615156179e+01,0.000000000000000000e+00,-3.308126336382759096e-03
2.915854583222256835e+01,0.000000000000000000e+00,1.327470817727064711e-01
3.480070427080798368e+01,0.000000000000000000e+00,-7.333075217495254976e-03
3.285202355809619945e+01,0.000000000000000000e+00,9.344734945464961973e-01
2.440173015430095660e+01,0.000000000000000000e+00,2.966298546275912117e-03
3.468456004303707374e+01,0.000000000000000000e+00,1.435486097700736270e-02
2.286796051081056191e+01,0.000000000000000000e+00,-5.641264310151843375e+00
3.481831018862106220e+01,0.000000000000000000e+00,5.347066710602345205e-05
2.855718051005679214e+01,0.000000000000000000e+00,-2.268856883590089635e-03
3.193201381601204147e+01,0.000000000000000000e+00,2.670525575448968181e-01
3.480882094824802664e+01,0.000000000000000000e+00,6.981668989600991332e-04
3.088121354493397419e+01,0.000000000000000000e+00,-2.314290936143311133e-04
3.481050181501997542e+01,0.000000000000000000e+00,2.789522271273072937e-02
3.201605364532175457e+01,0.000000000000000000e+00,-4.392602091232947203e-01
3.480191780223965736e+01,0.000000000000000000e+00,-7.245576030186314485e-03
4.133286249771181531e+01,0.000000000000000000e+00,-2.468007860314164414e+00
3.477433056270911749e+01,0.000000000000000000e+00,4.270918912904121678e-02
3.146083647564894292e+01,0.000000000000000000e+00,2.726302722725483796e-01
3.796758314782860566e+01,0.000000000000000000e+00,-1.610716937032305451e-01
3.302490643492937039e+01,0.000000000000000000e+00,-2.721143158169555664e-03
3.341262858354736665e+01,0.000000000000000000e+00,-6.159116119008943395e-03
2.393000701998074220e+01,0.000000000000000000e+00,5.265229940076509435e-02
4.057436790471921739e+01,0.000000000000000000e+00,1.004448748641084861e-02
-1.346396418057657307e+00,0.000000000000000000e+00,1.346577251493116689e+00
3.575946509648825611e+01,0.000000000000000000e+00,1.839326744187181228e+00
2.855270260034899721e+01,0.000000000000000000e+00,-2.279057723878873641e-03
3.663345925165139505e+01,0.000000000000000000e+00,-8.673753415581359150e+00
3.237467951589866999e+01,0.000000000000000000e+00,-6.177521452312630112e-03
2.403286169906068181e+01,0.000000000000000000e+00,5.210771904310366326e-02
4.370712492831866314e+01,0.000000000000000000e+00,1.858382468242308905e+00
4.070826691610486137e+01,0.000000000000000000e+00,-1.124752847117605192e+01
3.472745495480526756e+01,0.000000000000000000e+00,-6.046494753298301689e-03
4.496263645277478815e+01,0.000000000000000000e+00,8.870046452193552255e+00
4.170394680210662131e+01,0.000000000000000000e+00,1.226289378913073591e+01
4.724797005784709825e+01,0.000000000000000000e+00,1.120957751644384714e+01
4.439276161196191595e+01,0.000000000000000000e+00,-2.235479745816614905e+00
3.557491403244184625e+01,0.000000000000000000e+00,-1.195136927133241933e+00
3.490408736457895600e+01,0.000000000000000000e+00,3.083304154823178767e-01
3.481512488813297779e+01,0.000000000000000000e+00,-5.008527293428951740e-03
3.955672513729042095e+01,0.000000000000000000e+00,1.201162657419938284e+01
3.481067967737860869e+01,0.000000000000000000e+00,-4.270471019039976703e-03
3.474426471220027679e+01,0.000000000000000000e+00,-1.168511699181467266e-02
1.510996695979999949e+01,0.000000000000000000e+00,-1.451672565230000000e-04
3.479312356485495172e+01,0.000000000000000000e+00,-9.123246759791552307e+00
4.124441495814386371e+01,0.000000000000000000e+00,1.261197778065238917e-01
3.206015794074625092e+01,0.000000000000000000e+00,7.307313437060893868e+00
3.333398766557844795e+01,0.000000000000000000e+00,7.833456189691966332e-01
2.676512215565600172e+01,0.000000000000000000e+00,8.679483398386871051e-02
3.481246850384945901e+01,0.000000000000000000e+00,6.347475158532191490e-04
2.537018549336206519e+01,0.000000000000000000e+00,2.985684352885626530e-02
5.183127776366109174e+01,0.000000000000000000e+00,9.974863922101375735e-01
3.481159220215349137e+01,0.000000000000000000e+00,2.292596686940441553e-02
3.278721759358921162e+01,0.000000000000000000e+00,3.777124325072408334e-02
3.016244444129587166e+01,0.000000000000000000e+00,-2.353475049196491309e+00
3.484449166432298028e+01,0.000000000000000000e+00,1.497116940956904187e-04
3.476920502303182303e+01,0.000000000000000000e+00,1.045124883474553984e-02
1.528485959110000003e+01,0.000000000000000000e+00,-8.498449182150000095e-05
3.479786741491384561e+01,0.000000000000000000e+00,1.067162774364566469e-01
1.526055755580000017e+01,0.000000000000000000e+00,-7.964503587379999784e-05
2.701407133217346868e+01,0.000000000000000000e+00,-4.257805979211007341e-03
2.288354179884547079e+01,0.000000000000000000e+00,4.304130329713054537e-02
2.495919853997897064e+01,0.000000000000000000e+00,-9.108021225488742044e-04
3.367874968092951349e+01,0.000000000000000000e+00,2.517756233186298487e-01
3.430276160311058220e+01,0.000000000000000000e+00,5.034260974214925799e-01
3.470924209087949919e+01,0.000000000000000000e+00,-3.647434474837448620e-03
1.792204072830107364e+01,0.000000000000000000e+00,2.824534836926392845e-02
4.394955600716989608e+01,0.000000000000000000e+00,5.493122136492448959e+00
3.421677681149311923e+01,0.000000000000000000e+00,-3.266204483771984260e-03
3.258797350995987330e+01,0.000000000000000000e+00,-1.152655230854361668e-02
3.235608719526460675e+01,0.000000000000000000e+00,1.807518130115171928e+00
3.167595740683338335e+01,0.000000000000000000e+00,-5.912081051194268029e-03
2.384431113242063915e+01,0.000000000000000000e+00,1.459968300067579147e-03
1.819281662606443462e+01,0.000000000000000000e+00,-2.922293325666235151e-03
3.485828069565665288e+01,0.000000000000000000e+00,2.363381710231816646e-01
4.447807407796594248e+01,0.000000000000000000e+00,1.242103072517477180e+01
2.540715171250540294e+01,0.000000000000000000e+00,2.565776017429411207e-02
3.175852511096716313e+01,0.000000000000000000e+00,-2.560763056498290613e+00
3.947767143030988990e+01,0.000000000000000000e+00,-4.407490419997474262e+00
2.309352293902685815e+01,0.000000000000000000e+00,-2.031953614498620741e-04
3.479074860116938339e+01,0.000000000000000000e+00,1.008610298465967108e-02
3.480254397309531100e+01,0.000000000000000000e+00,5.194185943365338398e-02
2.204202192205148592e+01,0.000000000000000000e+00,2.300862076857484312e-02
-2.927380208043795840e+00,0.000000000000000000e+00,8.566532031394223923e-01
3.444089298427325474e+01,0.000000000000000000e+00,3.107446755699379004e-01
3.481587696009096788e+01,0.000000000000000000e+00,-5.479087062986981622e-03
3.557916072247277839e+01,0.000000000000000000e+00,1.065237332388963409e+01
3.227279838196624695e+01,0.000000000000000000e+00,5.302563016159406395e+00
3.558699001214558422e+01,0.000000000000000000e+00,1.064474000196995007e+01
3.480182920182588902e+01,0.000000000000000000e+00,-3.871868282923950858e-03
8.267974325020000848e+00,0.000000000000000000e+00,-1.182779898489999953e-01
3.470303489001753405e+01,0.000000000000000000e+00,1.858385392487089602e-02
3.384934707213495386e+01,0.000000000000000000e+00,1.987269318293083620e+00
3.481581273824530598e+01,0.000000000000000000e+00,2.027038061787635528e-02
2.041984647863476354e+01,0.000000000000000000e+00,-3.838228013246512997e-04
1.771060360699951275e+01,0.000000000000000000e+00,-1.214813629772303234e-02
3.471100145878547494e+01,0.000000000000000000e+00,3.511427904696099410e-03
2.716976295929743301e+01,0.000000000000000000e+00,-2.230325770583982056e-03
3.410103640596737762e+01,0.000000000000000000e+00,7.311440559469106759e-01
3.901203135001212985e+01,0.000000000000000000e+00,3.750649792561879359e+00
3.369901378608219034e+01,0.000000000000000000e+00,1.484883571395867463e-01
3.249042450651926828e+01,0.000000000000000000e+00,-7.766733165708104014e-01
3.465620296014280655e+01,0.000000000000000000e+00,-2.397350926454702713e-02
2.858689307700372240e+01,0.000000000000000000e+00,-2.177245010805509227e-03
1.521632823839999915e+01,0.000000000000000000e+00,-1.024296364679999990e-04
4.227169037535367124e+01,0.000000000000000000e+00,2.135520547914074585e-01
3.439623644843003802e+01,0.000000000000000000e+00,4.749718935260715397e-02
1.794800963573217700e+01,0.000000000000000000e+00,-1.340748507411578250e-01
4.409927419749971023e+01,0.000000000000000000e+00,-1.181880526830701328e+01
3.425539581195278771e+01,0.000000000000000000e+00,6.337934441553607634e+00
3.478528814729170193e+01,0.000000000000000000e+00,4.906126860258550743e-02
3.473560474358268380e+01,0.000000000000000000e+00,4.411314930807500902e-03
4.178001895179927061e+01,0.000000000000000000e+00,1.191416509979857707e+01
2.788014744159178804e+01,0.000000000000000000e+00,-5.193730224025204338e-03
-1.757580894346057743e-01,0.000000000000000000e+00,7.532634904957156152e-01
3.461859475554415866e+01,0.000000000000000000e+00,1.597775564844280127e-01
1.368948525491559653e+00,0.000000000000000000e+00,-2.941957423334560784e-01
3.150108838318194060e+01,0.000000000000000000e+00,-1.645508844933231574e+00
2.804415954073665063e+01,0.000000000000000000e+00,1.845409329031042975e-02
3.263855282221644671e+01,0.000000000000000000e+00,7.941502070048023221e+00
3.118259539919891310e+01,0.000000000000000000e+00,-9.146109709726688367e-03
2.415194146684675047e+01,0.000000000000000000e+00,3.134992843032731458e-02
3.502029170473839059e+01,0.000000000000000000e+00,1.026654936136426244e+01
-2.836358370039703036e+00,0.000000000000000000e+00,1.228442078691497574e+00
4.624779553053122072e+01,0.000000000000000000e+00,-5.892707910025493767e+00
3.172078882486698248e+01,0.000000000000000000e+00,2.848427457222825754e-01
4.209269178778049536e+01,0.000000000000000000e+00,-6.809582157812142711e+00
4.068392668478696805e+01,0.000000000000000000e+00,9.970952580479557348e-01
3.461529274775659815e+01,0.000000000000000000e+00,-7.199031435175680393e-02
4.398683091620421948e+01,0.000000000000000000e+00,-7.111419950706654447e+00
3.067035416152441485e+01,0.000000000000000000e+00,-1.065913635933002368e-02
3.480880224590386263e+01,0.000000000000000000e+00,5.300780624714998860e-04
5.115126246344635064e+01,0.000000000000000000e+00,-5.609393662737103270e+00
3.316588286676600461e+01,0.000000000000000000e+00,3.104169761210437972e-01
3.283262665773064271e+01,0.000000000000000000e+00,1.971026022242045039e-01
1.266179083876876987e+01,0.000000000000000000e+00,-7.436235483695798898e-01
3.993106421914583848e+01,0.000000000000000000e+00,-6.774676582192721952e+00
3.473074404238195712e+01,0.000000000000000000e+00,3.918915855950209221e-02
3.476631063306478353e+01,0.000000000000000000e+00,-8.959219447979628256e-03
3.302183514650586460e+01,0.000000000000000000e+00,4.876580552519001799e+00
3.478065234426101426e+01,0.000000000000000000e+00,-2.341664895084809848e-04
2.398729495136396039e+01,0.000000000000000000e+00,1.238220271846199594e-01
2.572420850474945553e+01,0.000000000000000000e+00,2.949289302434176391e-02
3.477447524934782308e+01,0.000000000000000000e+00,-4.960936239149582073e-03
2.519350489595128195e+01,0.000000000000000000e+00,-5.147060198039673296e+00
5.048454015151929042e+01,0.000000000000000000e+00,-7.322936161014450995e+00
3.476453341417290943e+01,0.000000000000000000e+00,-1.040540539117558276e-02
5.065118382656905283e+01,0.000000000000000000e+00,-3.675958329744625441e+00
3.478236290301401823e+01,0.000000000000000000e+00,2.265570555232873998e-02
4.224052978694043503e+01,0.000000000000000000e+00,4.907556271854904284e-01
3.215760885117823875e+01,0.000000000000000000e+00,3.141329398538009188e-01
4.242817314116123839e+01,0.000000000000000000e+00,-9.540247929462028154e+00
3.297168183408369657e+01,0.000000000000000000e+00,7.880429528614840695e-03
3.201180942727433631e+01,0.000000000000000000e+00,-5.432887820673831802e-01
3.486718319201545313e+01,0.000000000000000000e+00,2.011611462971800782e-02
3.471117322781313419e+01,0.000000000000000000e+00,1.139814216926968438e-01
3.166704679641243558e+01,0.000000000000000000e+00,-6.802126866451685058e-03
3.101012415588774118e+01,0.000000000000000000e+00,-1.222177135224221889e+00
3.482156683298172339e+01,0.000000000000000000e+00,2.778872392522571677e-03
1.673268153958466442e+01,0.000000000000000000e+00,-5.162484097802109595e+00
3.470800463405319647e+01,0.000000000000000000e+00,4.595372663220619325e-01
3.479482785672421841e+01,0.000000000000000000e+00,1.520310719432622568e-02
1.518655240340000034e+01,0.000000000000000000e+00,-2.196217269569999918e-05
1.977998054216578794e+01,0.000000000000000000e+00,-2.226337834016252760e-04
2.863852073500459738e+01,0.000000000000000000e+00,1.455574995188295764e-03
3.475702148549029147e+01,0.000000000000000000e+00,-5.499398407597649169e-03
4.663978278646980868e+01,0.000000000000000000e+00,-9.728330235530229686e+00
3.478555823221193322e+01,0.000000000000000000e+00,5.797304747357557436e-02
3.496278897837500210e+01,0.000000000000000000e+00,3.072202924260364121e+00
3.512985744244646469e+01,0.000000000000000000e+00,1.104880628240613838e+00
3.373658206300917328e+01,0.000000000000000000e+00,-7.863879031601932468e+00
8.148038395021611535e+00,0.000000000000000000e+00,-2.972921918660915708e+00
2.292411834796359926e+01,0.000000000000000000e+00,-9.883144580635399093e-04
2.534551941429200639e+01,0.000000000000000000e+00,3.646075503496449752e-03
2.643857132908073382e+01,0.000000000000000000e+00,3.723342871420110993e-05
3.359523194058418483e+01,0.000000000000000000e+00,2.642260368631039746e-01
2.553770122225956385e+01,0.000000000000000000e+00,1.142279458705259491e-03
3.103008453833416169e+01,0.000000000000000000e+00,-1.923792285393552515e+00
3.804181805441167796e+01,0.000000000000000000e+00,1.155090378734377943e+01
1.531914797029999953e+01,0.000000000000000000e+00,-7.646446773520000636e-06
3.243934217579855073e+01,0.000000000000000000e+00,2.768244021395396826e-01
3.186392758601208897e+01,0.000000000000000000e+00,1.979906359347312073e-01
3.357794579752580688e+01,0.000000000000000000e+00,2.694175127516113544e-01
2.685704331471990258e+01,0.000000000000000000e+00,4.410745810580082166e-02
2.674562494412822744e+01,0.000000000000000000e+00,6.696901706008230593e-02
1.654036283146295361e+01,0.000000000000000000e+00,7.220358887588855350e-03
3.084118162688508491e+01,0.000000000000000000e+00,-3.130741032364025775e-03
4.622962952701369943e+01,0.000000000000000000e+00,-1.120445119348264917e+01
2.730454659680531293e+01,0.000000000000000000e+00,-1.097522793045128345e-03
3.241534800604740241e+01,0.000000000000000000e+00,1.179364148391887301e+00
2.744781588862799637e+01,0.000000000000000000e+00,-4.762745961116444764e-03
1.531618707740000040e+01,0.000000000000000000e+00,-4.162062272930000198e-05
3.374572994163366246e+01,0.000000000000000000e+00,5.329679588459967920e-02
3.221504398780033540e+01,0.000000000000000000e+00,1.291634961358245903e-01
1.616273058193628387e+01,0.000000000000000000e+00,2.049784710830167538e-03
3.262394843091895780e+01,0.000000000000000000e+00,3.007197728523803085e-02
2.930995618152413229e+01,0.000000000000000000e+00,3.575996408884557276e+00
2.953801791442827351e+01,0.000000000000000000e+00,5.148066020419840960e+00
4.273485339568943431e+01,0.000000000000000000e+00,-5.963653031013037342e+00
4.184510878066900119e+01,0.000000000000000000e+00,3.052408206113732092e+00
1.948438796325186928e+01,0.000000000000000000e+00,1.629315128730370044e-02
3.468612748083585018e+01,0.000000000000000000e+00,1.324443535563011969e-02
2.762780207314335712e+01,0.000000000000000000e+00,-2.127094701374463662e-03
5.059212658596009504e+01,0.000000000000000000e+00,8.593906699252036319e+00
3.326668291240131481e+01,0.000000000000000000e+00,-3.117302823349361596e-01
3.485347588278927589e+01,0.000000000000000000e+00,-3.566391738757527727e-03
3.476876511370879541e+01,0.000000000000000000e+00,-1.971420390605035499e-03
2.302110750976779485e+01,0.000000000000000000e+00,-5.126053333619026058e-04
3.484647212203749689e+01,0.000000000000000000e+00,-3.320586898975505952e-03
3.010310936148544059e+01,0.000000000000000000e+00,1.879828279244870988e-03
1.439944542989070264e+01,0.000000000000000000e+00,8.111657824154835938e-03
3.022301055812989645e+01,0.000000000000000000e+00,-2.814101052261987479e-01
3.575458436706772147e+01,0.000000000000000000e+00,-7.491526446002948703e+00
3.116819130182905795e+01,0.000000000000000000e+00,-6.203240380924945008e+00
1.989062051385167251e+01,0.000000000000000000e+00,2.301986794545555603e-05
3.316943916500251532e+01,0.000000000000000000e+00,-6.461577553175892885e-02
2.905171065497792782e+01,0.000000000000000000e+00,-8.036863678289247304e+00
2.327296291561096808e+01,0.000000000000000000e+00,3.150478098217581596e-03
5.025441116185980661e+01,0.000000000000000000e+00,7.674531895135715764e+00
2.690076398337222940e+01,0.000000000000000000e+00,3.902330827615154707e+00
1.528864327009999968e+01,0.000000000000000000e+00,2.326606252230000121e-04
3.480591409413359827e+01,0.000000000000000000e+00,2.641651735073419216e-02
1.628728963032082078e+01,0.000000000000000000e+00,1.581498666724382492e-03
-5.744381197672576711e-01,0.000000000000000000e+00,5.698404170741290242e-01
3.591481256874180161e+01,0.000000000000000000e+00,-1.833072077549709800e+00
3.507247219993432452e+01,0.000000000000000000e+00,1.022147072940935786e+01
1.517379782519999942e+01,0.000000000000000000e+00,7.432073415299999880e-04
4.088114924214596613e+01,0.000000000000000000e+00,6.410101064042479813e+00
1.531362869119999992e+01,0.000000000000000000e+00,7.636678497019999960e-05
3.484578856819913995e+01,0.000000000000000000e+00,4.608595898218485754e-03
3.481136210420719124e+01,0.000000000000000000e+00,2.738477751409150798e-02
2.127878353290716973e+01,0.000000000000000000e+00,2.691090051832736928e-04
3.476021967566911286e+01,0.000000000000000000e+00,3.669415833749061851e-05
3.474224568824168813e+01,0.000000000000000000e+00,-2.163777204921529806e-02
3.240974444932335530e+01,0.000000000000000000e+00,1.875570983920007637e-02
1.882799076113037628e+01,0.000000000000000000e+00,7.999233482488035327e-03
3.121648528761324926e+01,0.000000000000000000e+00,2.231913391576748340e-01
3.466660826785788885e+01,0.000000000000000000e+00,6.561507978951929346e-03
3.484358647300737744e+01,0.000000000000000000e+00,-2.466692539299520769e-03
3.480784039313014233e+01,0.000000000000000000e+00,-4.831111076416554420e-03
1.519453321359999975e+01,0.000000000000000000e+00,-2.715972501539999943e-04
2.953264365188802643e+01,0.000000000000000000e+00,-1.256563669314346822e-03
3.470525612278412098e+01,0.000000000000000000e+00,1.600413005808917419e-02
2.124182258468990270e+01,0.000000000000000000e+00,-3.109591835721217798e-04
3.444618550897530440e+01,0.000000000000000000e+00,-4.138687112783923094e-03
4.392681379836418643e+01,0.000000000000000000e+00,2.571033548455574191e+00
3.294769207032235414e+01,0.000000000000000000e+00,1.327523412100378941e+00
-2.292496256522060349e+00,0.000000000000000000e+00,4.694356329630394731e-01
2.132874480007222928e+01,0.000000000000000000e+00,-3.209313762906663148e-01
3.478935499627097983e+01,0.000000000000000000e+00,7.293834149631422958e-02
3.463317580682387131e+01,0.000000000000000000e+00,6.617129151020737510e-01
3.480582496313530783e+01,0.000000000000000000e+00,-5.396368427811334446e-03
3.112953791769539080e+01,0.000000000000000000e+00,1.617213175473604658e-01
3.481971851023651965e+01,0.000000000000000000e+00,2.474737578930597329e-03
3.482058502656430221e+01,0.000000000000000000e+00,7.955180833133217860e-04
3.213087191530505748e+01,0.000000000000000000e+00,-5.564925379097367397e-01
3.324292480519899584e+01,0.000000000000000000e+00,1.325995626092211187e-02
3.480706284025019670e+01,0.000000000000000000e+00,2.367796908245776294e-02
3.467100977574900611e+01,0.000000000000000000e+00,2.302738279526082010e-01
2.223544081864763911e+01,0.000000000000000000e+00,2.856692687919734630e-02
2.112572439120372181e+01,0.000000000000000000e+00,-6.102265350191699803e-04
3.485840059258828205e+01,0.000000000000000000e+00,2.252849382193269634e-01
4.175294440100000060e+01,0.000000000000000000e+00,4.442482604979999805e-02
3.481558923278166162e+01,0.000000000000000000e+00,-3.704851344850745506e-03
1.414984733590000054e+01,0.000000000000000000e+00,3.998284064510000159e-03
2.758698892061514130e+01,0.000000000000000000e+00,4.795328782585647071e-03
3.068217564737820169e+01,0.000000000000000000e+00,2.026355607987113394e-01
2.061169851978742784e+01,0.000000000000000000e+00,1.331782269957465341e-02
3.446989765490000224e+01,0.000000000000000000e+00,-9.282066893469999649e-03
2.498627257955225289e+01,0.000000000000000000e+00,5.811405880036779603e-02
3.447900032642349544e+01,0.000000000000000000e+00,2.521479516816097499e-01
2.490425991603078515e+01,0.000000000000000000e+00,3.410349009894508843e-03
3.475587156626223617e+01,0.000000000000000000e+00,4.232253432583150260e-02
1.756411185130014729e+01,0.000000000000000000e+00,3.786912661078754155e-03
3.480103969818059539e+01,0.000000000000000000e+00,1.576507206770521100e-02
2.298063922424061900e+01,0.000000000000000000e+00,-5.122241884908932839e-04
3.480627397155075897e+01,0.000000000000000000e+00,1.583869869477394932e-03
2.030386352333555067e+01,0.000000000000000000e+00,4.762533243888041165e-04
3.172672913026144670e+01,0.000000000000000000e+00,-3.587079158008965249e-03
3.436892136335117698e+01,0.000000000000000000e+00,1.378195820702152463e-01
4.772265274787131517e+01,0.000000000000000000e+00,-9.737131260769523067e+00
3.473153223263223310e+01,0.000000000000000000e+00,4.953347218832922921e-02
9.196081633544919143e+00,0.000000000000000000e+00,6.254875536522851165e-02
-2.170254196263012414e+00,0.000000000000000000e+00,1.405119874976285432e+00
2.523544615577349859e+01,0.000000000000000000e+00,1.461123934128053144e-02
2.982551018362815043e+01,0.000000000000000000e+00,5.408172227394190124e+00
3.716433838441960091e+01,0.000000000000000000e+00,1.151802293852742665e+01
2.558721303710352046e+01,0.000000000000000000e+00,8.076520607807337673e-03
2.344063349667566598e+01,0.000000000000000000e+00,-9.078582449351752176e-04
4.230190541713379559e+01,0.000000000000000000e+00,1.136334992820009582e+01
3.296073916523299374e+01,0.000000000000000000e+00,1.911633923856825151e-02
3.239565621149863972e+01,0.000000000000000000e+00,7.958717686737434849e-03
4.481153266592603046e+01,0.000000000000000000e+00,2.717741817824439909e+00
3.074259608375502850e+01,0.000000000000000000e+00,-7.480187480289310180e-03
3.152036572541720005e+01,0.000000000000000000e+00,-8.509703429522289531e-01
3.480063363712881852e+01,0.000000000000000000e+00,-6.627474268761339091e-03
3.471339227301022845e+01,0.000000000000000000e+00,2.611289820483845420e-02
2.899555134642301013e+01,0.000000000000000000e+00,1.212743961671154808e-01
3.417986855011266556e+01,0.000000000000000000e+00,2.906528802970736791e+00
3.472203422622106928e+01,0.000000000000000000e+00,2.526130028204268477e-02
3.681700679609008375e+01,0.000000000000000000e+00,1.080061190493856493e+01
3.146145973572246390e+01,0.000000000000000000e+00,6.424186221080774306e-02
3.266563426818643734e+01,0.000000000000000000e+00,1.162718840149149502e-01
2.380006855879918959e+01,0.000000000000000000e+00,4.534826368589957215e-04
3.478115170350201169e+01,0.000000000000000000e+00,-1.175301692496396808e-02
3.479317917124182458e+01,0.000000000000000000e+00,2.770909146599151093e-02
2.181792410876911958e+01,0.000000000000000000e+00,-3.815755514610551973e-04
3.480314414136820034e+01,0.000000000000000000e+00,3.484404077894580343e-02
2.471713203276529569e+01,0.000000000000000000e+00,-2.326476917116448107e+00
1.642293740418049808e+01,0.000000000000000000e+00,6.597254521329921385e-03
2.089597091486195168e+01,0.000000000000000000e+00,1.741243221022787053e-03
3.473034252178950965e+01,0.000000000000000000e+00,2.324377952566927807e-02
4.474230539158845943e+01,0.000000000000000000e+00,4.857532492689684567e+00
3.268951691995346209e+01,0.000000000000000000e+00,3.194645220363471205e-01
2.128343740138678086e+01,0.000000000000000000e+00,-6.612814170301905723e-05
3.228821200932306112e+01,0.000000000000000000e+00,1.048811781265489990e-01
3.972493825007340718e+01,0.000000000000000000e+00,7.879417097120185787e+00
5.157401075573622151e+00,0.000000000000000000e+00,-7.988909350016741850e-01
3.506766776368917249e+01,0.000000000000000000e+00,1.903258831937659101e+00
4.715824453984410525e+01,0.000000000000000000e+00,-9.714570261272880813e+00
3.482099460715416939e+01,0.000000000000000000e+00,1.505058220249215831e-02
3.470373241600467651e+01,0.000000000000000000e+00,-6.836398100059096095e+00
3.473912785614098198e+01,0.000000000000000000e+00,3.334909309177808839e-02
2.387732820846781934e+01,0.000000000000000000e+00,-1.749790457952877425e-03
3.485609179817187453e+01,0.000000000000000000e+00,4.470360565609002995e-02
3.026211908031997311e+01,0.000000000000000000e+00,7.715156318913704014e-01
3.832102526921373453e+01,0.000000000000000000e+00,1.182425045026608146e+01
2.285340638244345968e+01,0.000000000000000000e+00,6.556200798239470058e-03
3.479647292697180205e+01,0.000000000000000000e+00,-7.045427941483100621e-03
3.479707729458012011e+01,0.000000000000000000e+00,-6.449455174590710584e-03
3.688650866534730000e+01,0.000000000000000000e+00,-2.884097839203563218e+00
2.651254961959800127e+01,0.000000000000000000e+00,1.176442842673398924e-03
3.468610284114018327e+01,0.000000000000000000e+00,1.360833454008722422e-03
3.219706094809047414e+01,0.000000000000000000e+00,7.536158949321547951e+00
2.808983169358676690e+01,0.000000000000000000e+00,-2.131184396932014110e-03
1.525624113439999974e+01,0.000000000000000000e+00,-7.719553474489999412e-05
3.301110587080960812e+01,0.000000000000000000e+00,2.886495811920381516e-01
3.689982599491273163e+01,0.000000000000000000e+00,3.365676142542140870e+00
4.480342685850686735e+01,0.000000000000000000e+00,1.810374108823487038e+00
3.450190032400026041e+01,0.000000000000000000e+00,6.889974546778863562e+00
2.603845896211114308e+01,0.000000000000000000e+00,-6.419765954858193402e-02
1.778967076001131176e+01,0.000000000000000000e+00,-1.339455210331234446e-04
3.466206973995788587e+01,0.000000000000000000e+00,-1.850073017967620789e-02
3.485943203547461167e+01,0.000000000000000000e+00,-2.478645158015234384e-03
2.660565763180801291e+00,0.000000000000000000e+00,-9.251144035635914253e-01
5.295833623227040476e+01,0.000000000000000000e+00,-1.395516080872924558e+00
3.392340089136919090e+01,0.000000000000000000e+00,3.514627796289896411e-01
2.744938054946594974e+01,0.000000000000000000e+00,8.280630667911254017e-02
3.250649123185949207e+01,0.000000000000000000e+00,-5.271015875019929853e-01
2.306985408529774872e+01,0.000000000000000000e+00,-4.486552904970815829e-04
5.139018921141768459e+01,0.000000000000000000e+00,5.617088578210435834e+00
3.475544409055187600e+01,0.000000000000000000e+00,-3.884809411699118725e-03
1.560055946384865422e+01,0.000000000000000000e+00,-3.868775935043053393e-01
4.317875241103592288e+01,0.000000000000000000e+00,1.043691076774194748e+01
2.622881233992319494e+01,0.000000000000000000e+00,3.372637397066794662e+00
3.253387820863348168e+01,0.000000000000000000e+00,2.232090285687814701e-01
2.654193175390561521e+01,0.000000000000000000e+00,3.002515128830966166e-03
1.250385477889999919e+01,0.000000000000000000e+00,1.016441605689999937e-02
3.448151528569029978e+01,0.000000000000000000e+00,4.505155015290156495e-01
3.482745142911184644e+01,0.000000000000000000e+00,-1.587244732895903929e-03
1.318298885418604094e+01,0.000000000000000000e+00,-5.588372406879356102e-01
2.357032021024591018e+01,0.000000000000000000e+00,-5.528925376819270737e-03
3.179686356797549607e+01,0.000000000000000000e+00,2.650011478790503805e-01
3.399740687249880011e+01,0.000000000000000000e+00,-2.212065213279631459e-01
3.138371281384016953e+01,0.000000000000000000e+00,-4.705637390835398781e-01
3.170232780799912931e+01,0.000000000000000000e+00,5.515075571779206598e+00
4.274295701091870825e+01,0.000000000000000000e+00,5.652694870594821452e+00
3.479230430288904330e+01,0.000000000000000000e+00,-6.795167168919142089e-03
2.550684406890200151e+01,0.000000000000000000e+00,3.639343539917187786e-02
3.710308455334776312e+01,0.000000000000000000e+00,5.340522727455747187e+00
2.494196075721070116e+01,0.000000000000000000e+00,5.890960366380829094e-02
3.480035327450136862e+01,0.000000000000000000e+00,4.161030730597025176e-03
2.278899648194658667e+01,0.000000000000000000e+00,4.329043022283760749e-04
3.623471069155331747e+01,0.000000000000000000e+00,6.675294032248837439e-01
3.273131204261362370e+01,0.000000000000000000e+00,3.069868663734888203e-01
3.448860883519501641e+01,0.000000000000000000e+00,2.743443654889503036e-01
3.371012449566603664e+01,0.000000000000000000e+00,9.643389023370228796e-02
3.473418534503442601e+01,0.000000000000000000e+00,-2.388189914637571520e-02
3.478309091715138379e+01,0.000000000000000000e+00,1.561667743675932557e-03
3.486806060931998275e+01,0.000000000000000000e+00,4.680819225398330334e-03
-7.643872002928644438e-01,0.000000000000000000e+00,1.007725628199792611e+00
2.035053877954570112e+01,0.000000000000000000e+00,8.286029547676659543e-03
1.212413858719999915e+01,0.000000000000000000e+00,2.300587234280000119e-03
3.474609553223949376e+01,0.000000000000000000e+00,-8.207977335578578795e-03
2.198394530122959267e+01,0.000000000000000000e+00,1.698744950775717133e-02
2.840414394367233086e+01,0.000000000000000000e+00,3.006386944870573785e+00
3.074033352988215384e+01,0.000000000000000000e+00,8.114584502455371787e-03
2.242043154384190373e+01,0.000000000000000000e+00,4.692123990550476145e-03
4.682129708058402429e+01,0.000000000000000000e+00,-7.622591870543888426e+00
3.111692732364808833e+01,0.000000000000000000e+00,1.369387189552900407e-03
3.723282176389053433e+01,0.000000000000000000e+00,6.901667718975445176e+00
2.948916140277399123e+01,0.000000000000000000e+00,-2.565511461301346000e-03
3.902937182891636070e+01,0.000000000000000000e+00,-1.114264409891216800e+01
4.044659968866724142e+01,0.000000000000000000e+00,9.428420635126647298e+00
3.473976347148726518e+01,0.000000000000000000e+00,4.059971093836652750e-02
4.846627803869980511e+01,0.000000000000000000e+00,-7.729340128462067305e+00
3.227593861786481000e+01,0.000000000000000000e+00,6.756873131205089145e+00
3.482975340092032468e+01,0.000000000000000000e+00,-4.064577639308443631e-03
2.440026797752642551e+01,0.000000000000000000e+00,-1.668064283624953520e-03
3.482199124890340158e+01,0.000000000000000000e+00,-4.358729061092146521e-03
3.219685455975032085e+01,0.000000000000000000e+00,2.482584691668400789e-01
2.596026259353747534e+01,0.000000000000000000e+00,-1.015975561969582755e-03
3.903963299497331008e+01,0.000000000000000000e+00,5.802213524740007955e+00
1.652508639686329417e+01,0.000000000000000000e+00,9.939118508019306741e-01
3.480354589079985317e+01,0.000000000000000000e+00,2.155263846309611944e-03
3.140179500642136290e+01,0.000000000000000000e+00,5.312838980306889169e+00
4.851898607218834059e+01,0.000000000000000000e+00,3.853027676209689112e+00
4.292982394742749364e+01,0.000000000000000000e+00,2.006649593291904843e+00
2.838867063824288195e+01,0.000000000000000000e+00,-6.320379914888893912e-03
5.245826194888136484e+01,0.000000000000000000e+00,-2.114970454822588664e-01
5.061203962339234863e+01,0.000000000000000000e+00,-5.446719176210647717e+00
3.466843999430000167e+01,0.000000000000000000e+00,2.349601601289999986e-04
3.473540403112942698e+01,0.000000000000000000e+00,-1.646729154834443778e-02
4.175757224299999848e+01,0.000000000000000000e+00,2.273649543069999890e-02
2.449698138923850976e+01,0.000000000000000000e+00,1.999600356084195365e-03
3.174800583094655337e+01,0.000000000000000000e+00,-6.845061822250529948e-01
3.900804782590667230e+01,0.000000000000000000e+00,1.221448479305765389e+01
2.443647113067972043e+01,0.000000000000000000e+00,-1.245835661614354056e-03
4.255811289173420420e+01,0.000000000000000000e+00,1.258435160738699921e+01
3.481539362021043615e+01,0.000000000000000000e+00,-3.207257142663940807e-03
4.355590260515926815e+01,0.000000000000000000e+00,1.239200818037047824e+01
4.899079937922484618e+01,0.000000000000000000e+00,1.017354368892949879e+01
2.404401978538493623e+01,0.000000000000000000e+00,-6.830813231791453251e-04
2.330222763757849336e+01,0.000000000000000000e+00,-1.198870333810659987e-03
3.463942608552624591e+01,0.000000000000000000e+00,1.405620759458803826e-01
3.469273256584477849e+01,0.000000000000000000e+00,1.804019480735423453e-02
1.567132414118101025e+01,0.000000000000000000e+00,1.294072964728525100e-04
3.134132581182168664e+01,0.000000000000000000e+00,6.671358192830624922e+00
3.169038018474467222e+01,0.000000000000000000e+00,-9.050995097876181061e-01
2.022404307267472134e+01,0.000000000000000000e+00,4.310692210572016070e-03
3.040413183251619245e+01,0.000000000000000000e+00,-2.722393932110547202e-03
3.468340684423377951e+01,0.000000000000000000e+00,-1.380285961161606921e-02
1.795867426506689402e+00,0.000000000000000000e+00,-2.626986290294516802e-01
3.467942706656247509e+01,0.000000000000000000e+00,2.560322554532505346e-01
3.479229159597154819e+01,0.000000000000000000e+00,-1.623183256154001053e-02
3.418981511653012006e+01,0.000000000000000000e+00,6.439807006686801838e-01
2.719810390198184891e+01,0.000000000000000000e+00,-1.749817726277907689e-03
2.581976793100884038e+01,0.000000000000000000e+00,-1.966255469179903348e-03
1.984894343430660513e+01,0.000000000000000000e+00,-2.149862137600169754e-04
2.235894124888202228e+01,0.000000000000000000e+00,5.089287733519557225e-03
3.428769898893090584e+01,0.000000000000000000e+00,-9.719922328594224892e-01
3.476769160780848011e+01,0.000000000000000000e+00,2.881736125984526997e-01
3.467989929739204058e+01,0.000000000000000000e+00,2.723711381891471758e-04
4.360600804230421090e+01,0.000000000000000000e+00,1.091737008853095503e+01
1.523503520979999948e+01,0.000000000000000000e+00,5.032624888229999616e-04
5.804085778487445779e+00,0.000000000000000000e+00,-2.160947690379154462e+00
2.045064892554608349e+01,0.000000000000000000e+00,-2.518952054902210574e-04
3.167675429588076241e+01,0.000000000000000000e+00,1.723982762762256704e-01
4.265920199144505176e+01,0.000000000000000000e+00,7.619731662912323067e+00
3.208901768581884539e+01,0.000000000000000000e+00,-1.062728645177197020e-02
2.931399619710925819e+01,0.000000000000000000e+00,-7.633061854084991979e-03
3.467522134500844544e+01,0.000000000000000000e+00,-4.577810543196187548e-02
3.097562030976587977e+01,0.000000000000000000e+00,-4.493724582122265443e-01
3.174730835814433760e+01,0.000000000000000000e+00,-2.965432608709273575e-03
2.317497316143737507e+01,0.000000000000000000e+00,3.130563225572197822e-02
4.970961456328448236e+01,0.000000000000000000e+00,-1.751761852951533305e+00
2.517546406836478567e+01,0.000000000000000000e+00,6.572456946053296944e-02
2.747699864884745935e+01,0.000000000000000000e+00,3.903618658302855648e-02
5.115041075322832143e+01,0.000000000000000000e+00,-2.326586143766368409e+00
3.479266462843292373e+01,0.000000000000000000e+00,4.203582222348508507e-02
3.478080758555088892e+01,0.000000000000000000e+00,3.319524861510150804e-02
-3.418164559866982977e+00,0.000000000000000000e+00,1.112408669324219002e+00
3.537200337457439048e+01,0.000000000000000000e+00,4.301080951064512603e-01
3.484347531826060873e+01,0.000000000000000000e+00,-3.774912012057662653e-03
3.043474317096959680e+01,0.000000000000000000e+00,-4.308459181949426714e-04
3.850290556688982946e+01,0.000000000000000000e+00,1.073970129205277324e+01
3.237971769503678932e+00,0.000000000000000000e+00,-3.603661783367075322e-01
3.483325233675788724e+01,0.000000000000000000e+00,-3.790307629215123719e-03
2.953681365559954486e+01,0.000000000000000000e+00,1.501862991958068713e-03
2.577541015194111296e+01,0.000000000000000000e+00,-8.217424417389834090e+00
2.506314437023765151e+01,0.000000000000000000e+00,2.729633532747664793e-02
2.832917939931073548e+01,0.000000000000000000e+00,2.479301981251837150e-02
2.419859676450857933e+01,0.000000000000000000e+00,2.415789525776197710e-02
3.211635097731541322e+01,0.000000000000000000e+00,3.065491153086226106e-01
3.479002814795212828e+01,0.000000000000000000e+00,4.887351166959236909e-02
3.447166986763499352e+01,0.000000000000000000e+00,2.305084915589432903e-01
3.470457539777806488e+01,0.000000000000000000e+00,-3.086933825255644675e-03
1.514192878429999922e+01,0.000000000000000000e+00,-1.967051568790000060e-04
3.487744469937891978e+01,0.000000000000000000e+00,3.693083708050881597e-02
3.339074126434263690e+01,0.000000000000000000e+00,-4.903244958882627992e-03
3.542208167047240863e+01,0.000000000000000000e+00,4.782417374783802244e-01
3.067495634757429812e+01,0.000000000000000000e+00,-2.636312338280839551e+00
3.189262563621253932e+01,0.000000000000000000e+00,2.087247923595744459e-01
1.528485959110000003e+01,0.000000000000000000e+00,-8.498449182150000095e-05
3.475946757548757660e+01,0.000000000000000000e+00,-1.225880146703793444e-01
2.007188683305565036e+01,0.000000000000000000e+00,1.561308796337470585e-02
2.806356630002843033e+01,0.000000000000000000e+00,-2.568320963784891976e-03
4.318053164775337294e+00,0.000000000000000000e+00,-1.401657930187611312e+00
3.366095364188467443e+01,0.000000000000000000e+00,6.600995334788185787e+00
3.262012095686830548e+01,0.000000000000000000e+00,3.168457187315946166e-01
4.095013134007142241e+01,0.000000000000000000e+00,-1.893899584037189943e+00
3.483712810997378284e+01,0.000000000000000000e+00,-2.055443028916832584e-03
2.640315769987757477e+01,0.000000000000000000e+00,-1.164367651560374150e-03
3.455709956954630258e+01,0.000000000000000000e+00,5.096023953047262856e-01
3.612204656362353461e+01,0.000000000000000000e+00,1.486314297680931151e+00
3.953304858821604739e+01,0.000000000000000000e+00,6.852386601703781999e+00
3.149683493532083034e+01,0.000000000000000000e+00,6.904513299547097915e+00
3.372524000841952585e+01,0.000000000000000000e+00,1.135566515928091658e+00
