x_m,y_m,Ux_ms,Uy_ms,p_m2s2,k_m2s2,omega_s-1,nut_m2s-1
0.504,0.0,13.63097893,-0.00632503875926,54.2415874848,3.95083322603,96780.9933204,4.08224083106e-05
0.504,0.001454279886548117,19.906845246383366,-0.10892418158601039,53.24323038454714,9.185964376222891,6845.379139129869,0.0013523352867092248
0.504,0.002908559773096234,21.575968595014473,-0.2412656665507968,52.82962340566645,11.76925747753716,4203.441792914573,0.0028022271988706934
0.504,0.004362839659644351,22.911568118401807,-0.3724892029101053,52.457531188477994,13.124053944192179,3651.2761884245956,0.0035946963730551815
0.504,0.005817119546192468,24.20248326722974,-0.49740577301463257,52.096866734238766,13.601522856310396,3498.3150092951387,0.0038879687006807945
0.504,0.007271399432740585,25.517702366767082,-0.6130475001672159,51.706106804568,13.245207478204206,3430.4352087280004,0.003861016244584023
0.504,0.008725679319288701,26.866723570906803,-0.7169311240314917,51.256972480663485,12.050586607363854,3323.2171838510103,0.003626093868578528
0.504,0.010179959205836819,28.225126811319562,-0.8070845592032698,50.73434820654545,10.089267515984707,3116.6877705653083,0.0032368030440423938
0.504,0.011634239092384936,29.540066107904444,-0.8795306148749912,50.15851185246618,7.638333853274396,2814.6544779834167,0.0026960089284054655
0.504,0.013088518978933053,30.689892341150248,-0.9377563342963433,49.46989879928521,5.3101546918091,2477.577470000265,0.0021418441071286514
0.504,0.01454279886548117,31.627598720516506,-0.9893955487952182,48.69603502635598,3.3732147620981014,2056.335680982041,0.0016393375285750596
0.504,0.015997078752029287,32.321172139201295,-1.0358627129507758,47.84308476034674,2.040985849406626,1585.5665375420338,0.0012870819415248228
0.504,0.017451358638577403,32.78871936180366,-1.077807588019449,46.92759862714633,1.2951216895381128,1186.633495255148,0.001091330277620673
0.504,0.018905638525125522,33.103487821947155,-1.1156268743364826,45.96743519205453,0.9079123983114279,928.2871557452972,0.0009777704484248955
0.504,0.020359918411673637,33.326872444760824,-1.1496373949997207,44.974476368584405,0.6841374334156811,774.6154879738202,0.0008828506869722262
0.504,0.021814198298221756,33.4862174274198,-1.180080051042962,43.95828675571923,0.5331051646811491,674.2878857830281,0.0007903500659844049
0.504,0.02326847818476987,33.594163164317216,-1.2073474381481946,42.92372465348892,0.4223253262160267,600.2024626582433,0.0007035371976645918
0.504,0.024722758071317987,33.66219558229627,-1.232001169194852,41.86763964432499,0.34039549719531054,541.7153923739947,0.0006281760787342045
0.504,0.026177037957866106,33.70539093298685,-1.2546825405041957,40.80419508049537,0.28027986580533365,494.1257370516472,0.0005671272521522893
0.504,0.02763131784441422,33.736603784585405,-1.2759825493616848,39.72767805554302,0.2375634155714729,455.5025973460551,0.0005214760136176335
0.504,0.02908559773096234,33.76456268638397,-1.2962491185976754,38.640248767529016,0.2080598002491094,424.3603708988603,0.0004902350926147695
0.504,0.030539877617510456,33.79276070346893,-1.315594318678976,37.54963305015435,0.18826037212696745,399.38624476244814,0.00047134584143443994
0.504,0.031994157504058575,33.82193575149015,-1.3340545336093197,36.452892082462,0.1754867198211035,379.4638500423869,0.0004624524420904383
0.504,0.03344843739060669,33.8517308215398,-1.351613118709903,35.35051841145173,0.1676821055492116,363.5860900009031,0.00046119015669279925
0.504,0.034902717277154806,33.881762999702154,-1.3682599723807318,34.24351153938456,0.16327277888349725,350.82260636246315,0.0004654020379441109
0.504,0.03635699716370292,33.91186440448825,-1.3839995051247067,33.132837310936964,0.16109371682434107,340.35736798942827,0.00047331162064256774
0.504,0.037811277050251044,33.94200371060267,-1.3988448136785827,32.019412839582124,0.16032147736809294,331.52937680441937,0.0004835893628464062
0.504,0.03926555693679916,33.97219003733428,-1.4128129177741673,30.90409973619623,0.16040250496625374,323.8444298001793,0.0004953195135463912
0.504,0.040719836823347275,34.0024296612592,-1.425922851880349,29.787701695124646,0.16098155851594856,316.9570660986945,0.0005079114707182332
0.504,0.04217411670989539,34.03264125171893,-1.438197360624062,28.673508757419466,0.16183987380266374,310.6401808026478,0.0005210026204174295
0.504,0.04362839659644351,34.062811068587365,-1.4496650909874216,27.562215018237833,0.16284367595535007,304.7435292863389,0.0005343706984877463
0.504,0.04508267648299163,34.09307656848944,-1.4602974654116443,26.44935271598076,0.1639138964063885,299.1824033614166,0.0005478829643035461
0.504,0.04653695636953974,34.12341063709122,-1.4701134457137184,25.335754786543124,0.16499924308003636,293.8900741072306,0.0005614469973721921
0.504,0.04799123625608786,34.15350557671777,-1.479203264206267,24.23155210595908,0.16607279460668306,288.8232572993627,0.0005750072332067161
0.504,0.049445516142635974,34.183685672511075,-1.487486495093614,23.12602159686688,0.16711402691556312,283.9650615450457,0.0005885160010989268
0.504,0.0508997960291841,34.213789061046725,-1.4950263926902299,22.024583050311573,0.16811204378929617,279.2918924948216,0.0006019378113595452
0.504,0.05235407591573221,34.243742986289284,-1.5018664420964438,20.929783565094855,0.16905974801770007,274.7895464640325,0.0006152435125111715
0.504,0.05380835580228033,34.27373258970299,-1.5079352533004722,19.835757865130073,0.16994700369912025,270.4539899332914,0.0006283932190456138
0.504,0.05526263568882844,34.303503576467904,-1.5133641421264061,18.7510436797018,0.17077394209487634,266.2682615442572,0.0006413713471076926
0.504,0.056716915575376566,34.333279123170605,-1.518057102693798,17.668547414437075,0.1715316132156571,262.2321083023809,0.00065413663097737
0.504,0.05817119546192468,34.36290974357403,-1.5221037623891145,16.59331741907672,0.17222033657192345,258.3339568656307,0.0006666733973063769
0.504,0.059625475348472796,34.39238317314627,-1.5255298385030018,15.525870047365768,0.17283852045124914,254.5663515626333,0.0006789604325733006
0.504,0.06107975523502091,34.421900141714154,-1.5282224043747104,14.459821216912365,0.17337776710234287,250.93187403486723,0.0006909523036464311
0.504,0.06253403512156903,34.451091863656586,-1.5304025134064132,13.407221641389684,0.17384563410128914,247.41538655034893,0.0007026582140688
0.504,0.06398831500811715,34.48023521612275,-1.5319309452083285,12.359015970615612,0.17423506759059204,244.0175538817339,0.0007140363664019642
0.504,0.06544259489466527,34.50932765506424,-1.5328037799242935,11.315284497658809,0.17454380929349822,240.73555907443622,0.0007250600731215957
0.504,0.06689687478121338,34.53812797238879,-1.533182704096369,10.283814686531848,0.17477723848343127,237.55955566348922,0.000735734009480892
0.504,0.0683511546677615,34.56675619504614,-1.5330290080506204,9.260517072140091,0.1749347859472254,234.4842493694862,0.0007460422843013555
0.504,0.06980543455430961,34.595329469726174,-1.532205842729732,8.241740522265047,0.175004350037641,231.51836274673127,0.0007559099687720278
0.504,0.07125971444085773,34.62373170714739,-1.5308542856500316,7.231001366307936,0.17499491764441863,228.64720804359862,0.000765363814296971
0.504,0.07271399432740584,34.65186464330327,-1.529035073606641,6.231561537166286,0.17490516523654503,225.86877831032356,0.0007743805326247726
0.504,0.07416827421395397,34.67978899001128,-1.5267285313286012,5.241394528418529,0.17473345522743322,223.1793319018293,0.0007829381320829138
0.504,0.07562255410050209,34.7075296671205,-1.5239300157717806,4.259707829281425,0.17447753936189447,220.5758434829195,0.0007910111282751946
0.504,0.0770768339870502,34.73513046405009,-1.520569758234729,3.28532957969517,0.17412670685906817,218.0621471087862,0.0007985244141434607
0.504,0.07853111387359832,34.76254414912334,-1.516728042503621,2.319784563063669,0.17368360878562195,215.6299843976383,0.0008054796053599122
0.504,0.07998539376014643,34.78976030023648,-1.5124324764585666,1.363525082565294,0.17314586745338534,213.27559223013895,0.0008118509020384409
0.504,0.08143967364669455,34.81678098037338,-1.507693246758131,0.4166751054272734,0.17250904274397993,210.99672612923604,0.0008176003834330219
0.504,0.08289395353324266,34.8435896260786,-1.5025343263651831,-0.5199414449143512,0.171768199871297,208.7916284782598,0.000822685954453198
0.504,0.08434823341979078,34.87020365974046,-1.4969613713791783,-1.4465379053833147,0.17091867027487856,206.65817728225178,0.0008270670023352956
0.504,0.0858025133063389,34.89665655999214,-1.4909720288958486,-2.3637112468061234,0.169956179614297,204.5942027261513,0.0008307046933761156
0.504,0.08725679319288702,34.92296762278003,-1.4845771823216949,-3.271375563117903,0.1688767260736573,202.5979434951167,0.0008335602865644395
0.504,0.08871107307943514,34.94916199521392,-1.4777879784498353,-4.169458546087363,0.16767704509720302,200.6675719475811,0.0008355989833933154
0.504,0.09016535296598326,34.975266878967744,-1.4706155922858384,-5.057901623608964,0.16635485026502755,198.8010317262313,0.0008367921101522099
0.504,0.09161963285253137,35.001303710713785,-1.4630707891377615,-5.936659771575762,0.16490911748977485,196.995894080509,0.0008371195354477793
0.504,0.09307391273907949,35.02727741077166,-1.4551633693306378,-6.805700775641069,0.16334048235248666,195.24930617171853,0.0008365723517734659
0.504,0.0945281926256276,35.05316607916546,-1.4469016969033928,-7.665003876071285,0.16165178430171478,193.55809013087335,0.0008351557331983351
0.504,0.09598247251217572,35.078915830193424,-1.4382925549092327,-8.514557956848472,0.15984869249214753,191.91899767713014,0.0008328916110192332
0.504,0.09743675239872383,35.10444448112347,-1.4293414759642968,-9.354359734977331,0.15794022854955128,190.3290507214821,0.000829820501692628
0.504,0.09889103228527195,35.129649516347506,-1.4200577580199578,-10.184250098472432,0.15593891231892076,188.78591037963656,0.0008260011854645744
0.504,0.10034531217182008,35.154408831103375,-1.4104711647615187,-11.00335092320262,0.15386045177284005,187.28824681139739,0.0008215076089314758
0.504,0.1017995920583682,35.17867742917667,-1.4005653169286305,-11.812596139422638,0.1517231997270628,185.8346673559974,0.00081643248009963
0.504,0.10325387194491631,35.202416626842215,-1.390348510764253,-12.612022915359287,0.14954628258320277,184.42458120316567,0.0008108725112905597
0.504,0.10470815183146442,35.22562415583296,-1.3798304933350092,-13.401678405518002,0.14734852633684656,183.05751759287708,0.0008049258380029667
0.504,0.10616243171801254,35.24832476502357,-1.3689965442514853,-14.181673033462967,0.14514782802222664,181.73440754437235,0.0007986793283191425
0.504,0.10761671160456066,35.27056983492051,-1.3578013617929177,-14.952101699902915,0.14296366406526645,180.4576459735506,0.0007922208226696857
0.504,0.10907099149110877,35.29243738193459,-1.346329970629256,-15.712831113830985,0.14080857047974496,179.2210853780876,0.0007856581698900492
0.504,0.11052527137765689,35.31397635227134,-1.3345926470818081,-16.463941936142305,0.13869166516466302,178.0228515832989,0.0007790537541117237
0.504,0.111979551264205,35.33518261979271,-1.3226424926202032,-17.20419040621655,0.13662051880324858,176.86156438251186,0.0007724592621318604
0.504,0.11343383115075313,35.356090696828836,-1.3104788672553727,-17.934062964805182,0.13460000816378503,175.7352498596665,0.000765916053284892
0.504,0.11488811103730125,35.37674056712639,-1.2980810606080408,-18.654588583197214,0.13263308428141382,174.64189571785303,0.00075945559013386
0.504,0.11634239092384936,35.397134616898526,-1.28533038471934,-19.36564274499305,0.13073539783813184,173.58677894425932,0.0007531345625542249
0.504,0.11779667081039748,35.41726972639439,-1.2723242715173142,-20.067357248294144,0.12890006083024458,172.56367682065869,0.000746959799014806
0.504,0.11925095069694559,35.43713475538678,-1.2591140856144167,-20.759491071023422,0.12712422661187484,171.57012190448606,0.000740935006551153
0.504,0.12070523058349371,35.45667678600002,-1.2457778888278306,-21.440321102541628,0.12540830613525483,170.60577685357262,0.0007350683854618336
0.504,0.12215951047004182,35.47596618916171,-1.2322422417901084,-22.112290223059492,0.12374969921136507,169.6687988842381,0.0007293597771390903
0.504,0.12361379035658994,35.49498460208121,-1.2183331952758718,-22.774715713171698,0.12216721764845509,168.76758368582824,0.0007238708864182806
0.504,0.12506807024313807,35.513749696183204,-1.2042216455006118,-23.428298873188783,0.12064013141059318,167.89247747339152,0.0007185460101996591
0.504,0.12652235012968618,35.5322053825432,-1.1900093658765485,-24.071142744622204,0.11916631729040933,167.04271343870445,0.0007133801290656831
0.504,0.1279766300162343,35.550394800636916,-1.17565645554139,-24.70471871238744,0.11774277432725616,166.216856294821,0.0007083665798718747
0.504,0.12943090990278242,35.56831649299608,-1.160960755871706,-25.328902170093066,0.11638513670884107,165.42233571830647,0.0007035573175832217
0.504,0.13088518978933053,35.58599165380311,-1.1460554280966275,-25.94448794071003,0.11507685846585447,164.65164606065352,0.0006989026750561497
0.504,0.13233946967587865,35.60335767800164,-1.1310997796036577,-26.549368437289907,0.11381275293965012,163.9026579611694,0.000694386133772787
0.504,0.13379374956242676,35.62047524682588,-1.1159931708037771,-27.14560592337427,0.11259203801603994,163.17496148177128,0.0006900070488322223
0.504,0.13524802944897488,35.6373188519211,-1.1005246563932654,-27.73226298609096,0.11143060769941432,162.47654305941236,0.0006858190396784873
0.504,0.136702309335523,35.65391079841972,-1.084953685178736,-28.310195328651776,0.11030580404401541,161.79663904112317,0.0006817490783722555
0.504,0.1381565892220711,35.670217900624046,-1.0693522789563872,-28.87827130593284,0.10921666549069908,161.13494013998184,0.0006777939616214712
0.504,0.13961086910861922,35.686264211874075,-1.0534394074792899,-29.43725403960337,0.10817656105340807,160.49818936404387,0.0006740000696408558
0.504,0.14106514899516734,35.70207573024105,-1.0373228678813942,-29.988078900193866,0.10717382664572958,159.88078318980774,0.0006703298018250882
0.504,0.14251942888171545,35.717584769692124,-1.0212429000022267,-30.528456611215844,0.10620174642079494,159.27959842226434,0.0006667598455321073
0.504,0.14397370876826357,35.73284950412202,-1.0049018835654349,-31.060337735924293,0.10526952276857227,158.69930254516623,0.0006633233420974981
0.504,0.14542798865481169,35.74787345113291,-0.9883182687533834,-31.58385888820745,0.10437373049784786,158.1383763251466,0.0006600097883458335
0.504,0.14688226854135983,35.7626114622265,-0.9717861842490689,-32.09750709294025,0.10350380494902661,157.5915512278655,0.0006567823639988194
0.504,0.14833654842790794,35.77710245509815,-0.9550089865391537,-32.602582879797225,0.10266938096313219,157.0638677121026,0.0006536758916399116
0.504,0.14979082831445606,35.7913571697107,-0.9379992662900384,-33.09947083750167,0.10186700297232269,156.55369521502598,0.000650679464179547
0.504,0.15124510820100417,35.80533341228897,-0.9210736082889405,-33.58674557372981,0.10108657976425856,156.05583396642484,0.0006477571530384495
0.504,0.1526993880875523,35.819056240873685,-0.9038521180077298,-34.065238634884544,0.10034082951682274,155.57714106590285,0.0006449551989279042
0.504,0.1541536679741004,35.83254492488332,-0.8864887308673707,-34.53563799032137,0.09962039223779894,155.11270442992546,0.0006422412661503061
0.504,0.15560794786064852,35.845790955360364,-0.8691910524052747,-34.99765605770371,0.09891822672162631,154.65872807280448,0.0006395899999452109
0.504,0.15706222774719664,35.858749235474505,-0.8515170644152633,-35.449723498548614,0.09825291599726783,154.22563004506713,0.000637068909912154
0.504,0.15851650763374475,35.87148637070927,-0.8338578074720551,-35.894156650597694,0.09760437691988433,153.8023181963349,0.0006346064117407227
0.504,0.15997078752029287,35.88398160103382,-0.8161171274259886,-36.33023239121829,0.09697753451797071,153.39158133912258,0.0006322203692561888
0.504,0.16142506740684098,35.89622483836203,-0.7980839467366482,-36.757615383865904,0.0963785360547834,152.99702942274502,0.0006299340687131285
0.504,0.1628793472933891,35.90822902429909,-0.7801835291858523,-37.17673842582115,0.09579318305301261,152.61067113439384,0.0006276953982899717
0.504,0.16433362717993721,35.919967064848365,-0.7619748741364993,-37.58668789186769,0.0952357635441603,152.24074530885125,0.0006255575752357554
0.504,0.16578790706648533,35.93148586767377,-0.7437237834584789,-37.98907545200705,0.09469447470766004,151.8805257951975,0.0006234776687859418
0.504,0.16724218695303344,35.94277101515793,-0.7254363039399638,-38.383397209515515,0.09417023504417227,151.5305714346555,0.0006214590160503901
0.504,0.16869646683958156,35.953803799894956,-0.7068536762938883,-38.76904405319513,0.09366986565200205,151.1949864571665,0.0006195277453998735
0.504,0.17015074672612968,35.96461856652588,-0.6884427798036852,-39.14714345202272,0.09317946786756783,150.8656235892409,0.0006176317504140076
0.504,0.1716050266126778,35.975149368344105,-0.6696711597520116,-39.51549515306152,0.09271525078781803,150.55218492979546,0.0006158323650528996
0.504,0.17305930649922593,35.98548441845868,-0.6509607170428919,-39.87708562015638,0.09226141700792938,150.24526098289417,0.0006140706358669253
0.504,0.17451358638577405,35.99556949891557,-0.6320977627998948,-40.23007653339041,0.09182589107192313,149.9496630721034,0.0006123764640677758
0.504,0.17596786627232217,36.00542682812276,-0.6131036259924281,-40.575240949316886,0.09140604248693891,149.66386493226958,0.0006107404676282168
0.504,0.17742214615887028,36.01506930092293,-0.5941441508653961,-40.91298369650666,0.09099783971968925,149.38542243816886,0.0006091472207292874
0.504,0.1788764260454184,36.02445074581633,-0.57488327373843,-41.241798369684766,0.09060959584471939,149.119512436731,0.0006076289959046527
0.504,0.1803307059319665,36.033653311983635,-0.5558220337535631,-41.56439202054628,0.09022742553678072,148.85757478472374,0.0006061325610627418
0.504,0.18178498581851463,36.04254316807928,-0.536354764682284,-41.87631515151925,0.08986876241524884,148.61052612244796,0.000604725160725476
0.504,0.18323926570506274,36.05127703133441,-0.5170665198578525,-42.18281032580651,0.08951493873407289,148.36670179081685,0.0006033352662149046
0.504,0.18469354559161086,36.059726874230364,-0.49748773367303023,-42.47960388273994,0.08918010164036644,148.13504446689913,0.0006020175370670652
0.504,0.18614782547815897,36.06799904642585,-0.4779750749949934,-42.7702559627959,0.08885272122764457,147.9082952624503,0.0006007276906366892
0.504,0.1876021053647071,36.076011666329585,-0.45828093245837154,-43.052024719712556,0.08854054425696804,147.69140712059306,0.0005994957699738859
0.504,0.1890563852512552,36.083825946501584,-0.43855879585668345,-43.32697423969185,0.08823781684763772,147.48074198937243,0.0005982997512090445
0.504,0.19051066513780332,36.091402757808766,-0.41874364037197015,-43.59377596105423,0.08794728101751932,147.2780798583448,0.0005971502694866585
0.504,0.19196494502435144,36.09876339808082,-0.3988264492302541,-43.853178390503004,0.08766755368651147,147.08256812645283,0.000596042279267872
0.504,0.19341922491089955,36.10590547135205,-0.37888466153982886,-44.10506173183505,0.08739770312317274,146.89361664374917,0.0005949720464330198
0.504,0.19487350479744767,36.11281715012175,-0.35878627582178013,-44.349085680785464,0.08713945058358472,146.7123856327883,0.0005939466815582439
0.504,0.19632778468399578,36.119525241839945,-0.3387118448393573,-44.58608663054989,0.08688938783943867,146.5366555048079,0.0005929526738253652
0.504,0.1977820645705439,36.12599302544792,-0.3184458023411171,-44.81491498237913,0.0866512047824574,146.36888912172404,0.0005920049086545203
0.504,0.199236344457092,36.132267565320284,-0.2982330096566576,-45.037064512060375,0.08642009234463602,146.20591986392256,0.0005910842783718687
0.504,0.20069062434364016,36.13829690160984,-0.2778120900814605,-45.25088881638776,0.08620068246437945,146.05085409387266,0.0005902094335775662
0.504,0.20214490423018827,36.14413805149136,-0.25745429069471454,-45.45820151657393,0.08598773429406728,145.90020895402742,0.0005893594818815743
0.504,0.2035991841167364,36.14973470901644,-0.23689143544275754,-45.657229888404636,0.08578590704663464,145.7571328064676,0.0005885532215669669
0.504,0.2050534640032845,36.15514230039327,-0.2163830444699118,-45.84972459410517,0.08559039746871999,145.61840678552105,0.0005877714359332957
0.504,0.20650774388983262,36.16031241147058,-0.1956899097399249,-46.034166187006754,0.08540505221256631,145.4866531797096,0.0005870297164766487
0.504,0.20796202377638073,36.16528608807443,-0.17502302281684629,-46.21183336154002,0.08522629631320729,145.35945908420226,0.0005863137010114546
0.504,0.20941630366292885,36.170036036459706,-0.15421228949131377,-46.38191996178896,0.08505642715850711,145.23841139621436,0.0005856327968191274
0.504,0.21087058354947696,36.17457505500907,-0.13338218184664502,-46.54477689476623,0.08489380888576815,145.1224025072408,0.0005849803815472755
0.504,0.21232486343602508,36.17891159348701,-0.11246463109606959,-46.70073313827329,0.08473848109825627,145.01147893148456,0.0005843568025616938
0.504,0.2137791433225732,36.1830151908063,-0.09146068835670461,-46.84873581258215,0.08459140346957346,144.90631159782023,0.0005837658585888302
0.504,0.2152334232091213,36.18694529475692,-0.07044829269400416,-46.99080823562279,0.08444976311536,144.80497500522574,0.0005831963924131185
0.504,0.21668770309566943,36.19061212331659,-0.04926859262701923,-47.12399487160852,0.08431772568454994,144.71036954065838,0.000582665126933102
0.504,0.21814198298221754,36.194143052942856,-0.028173654905891295,-47.25244278370542,0.08418898689448381,144.61811974808776,0.0005821467955388572
0.504,0.21959626286876566,36.19737213267664,-0.006801506769231295,-47.37070678304475,0.08407145836930932,144.53376272867752,0.0005816732716257536
0.504,0.22105054275531377,36.20051165302625,0.014369690075590856,-47.485739525433466,0.08395486268523604,144.45010697140404,0.0005812031819363422
0.504,0.2225048226418619,36.20330087523841,0.035928627806885584,-47.58918937514913,0.08385148153586387,144.3758079759302,0.0005807860796362519
0.504,0.22395910252841,36.20599572412306,0.05722244767305577,-47.6891729135278,0.08374862376206903,144.30192651109482,0.0005803707436711367
0.504,0.22541338241495812,36.20838703120203,0.07887666647682857,-47.77895229973116,0.0836567763941295,144.23588223179627,0.000579999645973773
0.504,0.22686766230150626,36.210638446679226,0.10038023593092414,-47.863774715652745,0.08356754741558381,144.1717368316416,0.0005796388220213271
0.504,0.22832194218805438,36.21264885890269,0.1220745413299268,-47.9406730335579,0.08348628940009212,144.11331450168956,0.0005793099700986545
0.504,0.2297762220746025,36.21445635593818,0.1437720285916578,-48.01071733108295,0.08341050933259252,144.0588412410193,0.0005790029806443262
0.504,0.2312305019611506,36.216094831461405,0.16550796242267907,-48.07489611766322,0.08333921535797043,144.00761318961898,0.0005787139291933068
0.504,0.23268478184769872,36.217458176160996,0.18745983663430524,-48.129641085975564,0.08327630540520417,143.96243158524052,0.0005784585436814315
0.504,0.23413906173424684,36.21873400320187,0.2092410004456533,-48.18124745935024,0.08321437085892507,143.91797878784772,0.0005782069220830186
0.504,0.23559334162079495,36.21964733774172,0.23137952901471603,-48.22135809020176,0.08316450473903023,143.88229206069468,0.0005780037414275607
0.504,0.23704762150734307,36.2204632790004,0.2532484692474671,-48.257840249025286,0.08311508346627199,143.84695376900834,0.0005778021710208896
0.504,0.23850190139389119,36.220999780711104,0.27547727740877676,-48.28458989673423,0.08307433234119561,143.81792754375374,0.0005776354428663554
0.504,0.2399561812804393,36.22136743460784,0.29766008935484245,-48.30530155138003,0.08303708439985291,143.7914660644593,0.000577482698148121
0.504,0.24141046116698742,36.22155273667616,0.3198747671845577,-48.320282262972206,0.08300477581019022,143.76864951343592,0.0005773496326705144
0.504,0.24286474105353553,36.221462279082736,0.3422118547945557,-48.32673322718325,0.08298049597306242,143.75175213297828,0.0005772485990360627
0.504,0.24431902094008365,36.221302262616774,0.3643597584323634,-48.330573101520805,0.08295650308892745,143.7350761152298,0.000577148644986433
0.504,0.24577330082663176,36.22075331037722,0.3870858233202927,-48.32014869022868,0.0829436181636486,143.72658096708153,0.0005770931165908151
0.504,0.24722758071317988,36.22011119507066,0.4095702134785656,-48.3062433059385,0.08293117012516493,143.7184182119444,0.0005770392740330534
0.504,0.248681860599728,36.21922030822003,0.4321553135079262,-48.28546115166574,0.08292641315550389,143.716020210817,0.0005770158017276239
0.504,0.25013614048627614,36.218107404512025,0.45470482374062504,-48.25811909836082,0.08292739820068956,143.71792697469698,0.0005770150004805336
0.504,0.25159042037282425,36.21688871756938,0.47721196147562017,-48.226638802157794,0.08292992031921208,143.72098505654137,0.0005770202692494101
0.504,0.25304470025937237,36.21532343501426,0.5003684517736734,-48.1811530644869,0.08294126656746019,143.73064217681772,0.0005770604306693824
0.504,0.2544989801459205,36.21365599508455,0.5232552747826816,-48.131840378388596,0.0829530015191427,143.7405917254126,0.000577102135174186
0.504,0.2559532600324686,36.21170496172115,0.5461459980791907,-48.07618636714643,0.0829742533891225,143.7578365265365,0.0005771807137223949
0.504,0.2574075399190167,36.2095479566308,0.5688979636826823,-48.015058432221004,0.08300075854034504,143.7791038619049,0.0005772796814076537
0.504,0.25886181980556483,36.207285384024985,0.5916710268521351,-47.94936563453918,0.08302859712361636,143.8013950655905,0.0005773838070727444
0.504,0.26031609969211295,36.20468133287718,0.6153683352974995,-47.867354660225914,0.08306364054018732,143.8292445805879,0.0005775155992625925
0.504,0.26177037957866106,36.201970023114434,0.6387888086172963,-47.78132647348808,0.08309907342282456,143.85738325473886,0.0005776489796266467
0.504,0.2632246594652092,36.198979646829635,0.6619708892875876,-47.69126152683499,0.08314484997162593,143.89368967722046,0.0005778212999227437
0.504,0.2646789393517573,36.195750850471285,0.6848727753125918,-47.596599476131914,0.08319783762478997,143.935682271422,0.0005780208274073404
0.504,0.2661332192383054,36.19245520986309,0.7076459653188832,-47.4992309098105,0.0832510673398187,143.97786090868615,0.0005782213181116146
0.504,0.2675874991248535,36.18877807276601,0.7320492251431227,-47.37846298615525,0.08330928265757662,144.0243486788287,0.0005784387392303067
0.504,0.26904177901140164,36.18500601805313,0.7562118723282669,-47.25415519274106,0.08336783887742027,144.0710897445348,0.0005786575632992343
0.504,0.27049605889794975,36.18100567850439,0.779879440202645,-47.1285210395068,0.08343552011037478,144.12532198175575,0.0005789093840317792
0.504,0.27195033878449787,36.176664298732355,0.8028129890229276,-47.00090769229979,0.08351685732754045,144.19076764942182,0.0005792105770460825
0.504,0.273404618671046,36.172233095852675,0.8255369880310559,-46.86976982930948,0.08359839245410851,144.2563583132384,0.0005795126257512396
0.504,0.2748588985575941,36.16754064428062,0.8502450153250015,-46.71527953429576,0.08367900488781485,144.32241848734256,0.0005798057914936214
0.504,0.2763131784441422,36.16269636590845,0.875445856369933,-46.550638411337324,0.08375955285011752,144.38881937948167,0.0005800969826780061
0.504,0.27776745833069033,36.15775730303504,0.900356430572562,-46.384468144142076,0.08384240407480105,144.45720369165244,0.000580396106917578
0.504,0.27922173821723845,36.1522312845085,0.9230774755275453,-46.22405577732966,0.08395458556184258,144.55110039165925,0.0005807947001671383
0.504,0.28067601810378656,36.146601211599666,0.9455753547828258,-46.05948132437988,0.08406690158680334,144.64510888916882,0.0005811938569167551
0.504,0.2821302979903347,36.14086825670988,0.9695030662183557,-45.87983057902426,0.08417450506566916,144.73705626117047,0.0005815682792969359
0.504,0.2835845778768828,36.13495993476506,0.9961479434265857,-45.672632317429745,0.08427327216306228,144.82514563820158,0.0005818962757377638
0.504,0.2850388577634309,36.128943671187194,1.0225125020548684,-45.461511829759786,0.08437245323760925,144.91358491226737,0.000582225782913186
0.504,0.286493137649979,36.12243240665683,1.0463693327911874,-45.260141162686935,0.0844969923476752,145.02658189101317,0.0005826305211938341
0.504,0.28794741753652714,36.115533276264046,1.068409229753998,-45.06360674219278,0.08463900869498897,145.15653543914982,0.0005830870139557335
0.504,0.28940169742307525,36.108549207614516,1.0902908353268161,-44.86359413517627,0.08478098017373875,145.28650237804874,0.0005835431968040064
0.504,0.29085597730962337,36.10155733253164,1.1174029708818471,-44.620987645370256,0.08488915793525453,145.40096145942184,0.0005838277477372911
0.504,0.2923102571961715,36.09449428449944,1.145633539491792,-44.36524201376336,0.08498908262721996,145.51178622211597,0.0005840697612034705
0.504,0.29376453708271966,36.08737364632815,1.1737016560295082,-44.10746485180038,0.08508920232789048,145.6228277782726,0.0005843122477920045
0.504,0.29521881696926777,36.07900147269382,1.1951071750811513,-43.87522398600275,0.08523192844984667,145.7901608401342,0.0005846199416669791
0.504,0.2966730968558159,36.0704884693072,1.2161583924066803,-43.63949370234702,0.08537554214425955,145.9590855788582,0.000584927292751733
0.504,0.298127376742364,36.061988857154304,1.2381261305493407,-43.39562239073794,0.08550685344341051,146.12255348817428,0.0005851722719822954
0.504,0.2995816566289121,36.05398393628371,1.2686464430239577,-43.09650937051985,0.08553229848520622,146.23894324376343,0.0005848810475256766
0.504,0.30103593651546023,36.045874931185246,1.2988178705516928,-42.793892199249406,0.0855579323677559,146.35582096623475,0.0005845889942079804
0.504,0.30249021640200835,36.0373037324641,1.3269498699434985,-42.495863773112134,0.08558311321715707,146.48571467335282,0.0005842424763702218
0.504,0.30394449628855646,36.026947210682486,1.3471059913110768,-42.21959468480119,0.08560628552189076,146.66805768038662,0.000583675409449856
0.504,0.3053987761751046,36.0164419065441,1.3671374316328575,-41.936865480520865,0.08562808156043479,146.84986924211285,0.000583100761923642
0.504,0.3068530560616527,36.00640337999419,1.390336271479474,-41.639947882204986,0.08557972877345627,147.00229348783915,0.0005821666899949204
0.504,0.3083073359482008,35.99778591124453,1.4228909897669988,-41.303396510074805,0.08532551180067874,147.06846080757296,0.0005801779948623545
0.504,0.3097616158347489,35.98905553370811,1.4549359270035886,-40.96330242145614,0.08507221329732502,147.13614748680868,0.000578188798590604
0.504,0.31121589572129704,35.97920728447111,1.4836206316818634,-40.623003028799126,0.0848142776572883,147.2442628819506,0.0005760138543812968
0.504,0.31267017560784516,35.966368363101886,1.5033437555061175,-40.28273603788903,0.08454370712438954,147.4609617634483,0.0005733389580803446
0.504,0.3141244554943933,35.953346804624864,1.5230561605441233,-39.93428413909196,0.08427248086426734,147.67772481289526,0.0005706583429534178
0.504,0.3155787353809414,35.94153915255013,1.546179464327066,-39.58474313033385,0.0839497160396431,147.88885018764842,0.0005676579815587633
0.504,0.3170330152674895,35.933438188167216,1.5796285898396198,-39.23336237877539,0.08347107392683394,148.0829003494169,0.000563690848183598
0.504,0.3184872951540376,35.925242263806226,1.612416938259918,-38.87935867260735,0.08299532917349542,148.28039022313473,0.0005597289673825757
0.504,0.31994157504058574,35.91540941220541,1.6430473291368946,-38.50876653112471,0.08256140958720129,148.55177103173196,0.0005557838692576804
0.504,0.32139585492713385,35.89843971665923,1.664510181135606,-38.0665974938678,0.08230963176672142,149.14569008995156,0.0005519100169816076
0.504,0.32285013481368197,35.88126068772021,1.6861365070167904,-37.61563143779181,0.08205691973473815,149.73905255456435,0.0005480308359765879
0.504,0.3243044147002301,35.86467009803974,1.70855847596534,-37.17363922883621,0.08179724660597797,150.3223149775741,0.0005441488842243969
0.504,0.3257586945867782,35.855121599583605,1.739476640607993,-36.851913700076224,0.08146210079913273,150.79423716523917,0.000540248277072148
0.504,0.3272129744733263,35.845524557569526,1.7696779102384985,-36.529069584374774,0.08112928259505578,151.26821376237433,0.0005363549061082483
0.504,0.32866725435987443,35.8359077453828,1.7995872124326766,-36.205769905507054,0.08079741234598134,151.74302705199025,0.0005324644822026001
0.504,0.33012153424642254,35.81307368552853,1.8278606596067675,-35.61688438687081,0.08046332201022466,151.98217705049828,0.0005294356668302514
0.504,0.33157581413297066,35.78925130799039,1.856311560317125,-35.00313769085196,0.08012654059353459,152.2024627729538,0.0005264579840385335
0.504,0.3330300940195188,35.76533893962035,1.8849959585895097,-34.383500741207115,0.07978768343578012,152.42012992651192,0.0005234753187610927
0.504,0.3344843739060669,35.776593731311884,1.9092616548323296,-34.0646458794902,0.07936418813508982,152.37045357203687,0.0005208595134030973
0.504,0.335938653792615,35.79936593368622,1.9315640549266557,-33.84570920566393,0.07891348565557438,152.23291677481544,0.0005183680330420427
0.504,0.3373929336791631,35.82191054841827,1.9529313177479883,-33.627459869867295,0.07846428729948564,152.09654215822798,0.0005158819769579962
0.504,0.33884721356571124,35.744683895564094,1.9829564254726508,-33.07114435363003,0.07815957811372569,152.00931445067266,0.0005141759345959737
0.504,0.34030149345225935,35.57631613677755,2.020998313236704,-32.20430253846093,0.07798597563794525,151.96601249513597,0.0005131798496201064
0.504,0.34175577333880747,35.407888777743025,2.059969912275183,-31.32266061608929,0.07780487838949557,151.91442360217002,0.0005121620627103784
0.504,0.3432100532253556,35.1564931237629,1.9953606787270606,-25.901581182999468,0.07764557103871132,151.85025980112718,0.0005113322153725124
0.504,0.3446643331119037,34.673579339004945,1.5975685361382483,-7.5950722054619195,0.07756561154347513,151.77122773720265,0.0005110867699099409
0.504,0.34611861299845187,34.23739036407506,1.1354761443100705,11.100040162184165,0.07745668194497261,151.67968030896384,0.0005107028137871215
0.504,0.347572892885,35.2648001673,2.08206635914,-30.043814913,0.0776511814076,151.842515291,0.000511392881359
