x_over_c,Cf_exp,Cf_uncertainty,Cf_cfd,Cf_error
-0.07,0.00123,9e-05,0.0016954591235584077,0.00046545912355840774
-0.06,0.00106,4e-05,0.0016332834044108467,0.0005732834044108468
-0.05,0.00096,3e-05,0.0015616209036079264,0.0006016209036079264
-0.04,0.00085,3e-05,0.0014799698434049015,0.0006299698434049016
-0.03,0.00072,2e-05,0.0013802365532167623,0.0006602365532167622
-0.02,0.00056,3e-05,0.0012676114697327892,0.0007076114697327893
-0.01,0.00044,3e-05,0.0010989402591316455,0.0006589402591316454
0.0,0.00035,2e-05,0.000994060134488357,0.000644060134488357
0.01,0.00055,8e-05,0.0009321817071913733,0.00038218170719137327
0.02,0.00078,7e-05,0.0009690182617500873,0.00018901826175008732
0.03,0.00106,0.00014,0.0010183759136759719,-4.162408632402809e-05
0.07,0.00351,0.00054,0.0012995392037713745,-0.0022104607962286256
0.08,0.00393,0.00037,0.0013816283603985213,-0.002548371639601479
0.09,0.00447,0.00044,0.0014692046915386822,-0.003000795308461318
0.1,0.00483,0.00026,0.0015937551529231423,-0.0032362448470768575
0.11,0.00444,0.00026,0.001692660028530106,-0.0027473399714698947
0.12,0.00435,0.00044,0.0017960879724736294,-0.0025539120275263703
0.13,0.00444,0.00032,0.0019038124643970318,-0.0025361875356029687
0.14,0.00443,0.00026,0.0020157950302382302,-0.0024142049697617697
0.15,0.00468,0.00029,0.00213182441298829,-0.0025481755870117103
0.16,0.00499,0.0003,0.002292825019703093,-0.0026971749802969067
0.17,0.00483,0.00029,0.0024182496222011135,-0.0024117503777988866
0.18,0.0047,0.00029,0.002547019216663109,-0.002152980783336891
0.19,0.00466,0.0003,0.002679094759134032,-0.001980905240865968
0.2,0.00467,0.00033,0.00286023805560234,-0.0018097619443976595
0.21,0.00484,0.00107,0.0029999964026154414,-0.0018400035973845583
0.3,0.0061,0.00055,0.0044550145185919595,-0.0016449854814080409
0.31,0.00621,0.00039,0.004676991889567213,-0.0015330081104327868
0.32,0.00614,0.00023,0.004843553431611276,-0.0012964465683887238
0.33,0.00619,0.00024,0.005009581733967669,-0.0011804182660323315
0.34,0.00618,0.00019,0.005251061575333731,-0.000928938424666269
0.35,0.00624,0.00017,0.005514287576788876,-0.000725712423211124
0.36,0.00622,0.00019,0.005864528644499464,-0.0003554713555005357
0.37,0.00628,0.00018,0.006119910448960499,-0.0001600895510395009
0.38,0.00627,0.00025,0.006365778132137213,9.577813213721299e-05
0.39,0.00659,0.00034,0.006599158182705872,9.158182705871695e-06
0.4,0.00662,0.00029,0.006885824166704737,0.00026582416670473726
0.41,0.00653,0.00028,0.00707793772712426,0.0005479377271242602
0.42,0.00647,0.00025,0.007246026517983717,0.0007760265179837167
0.43,0.00653,0.00033,0.0073862387452071935,0.0008562387452071933
0.44,0.00655,0.00025,0.007494329092812171,0.000944329092812171
0.45,0.00653,0.0002,0.007581766020629775,0.0010517660206297748
0.46,0.0065,0.00018,0.007597973147960376,0.001097973147960376
0.47,0.00658,0.00017,0.007566641164388372,0.0009866411643883717
0.48,0.00653,0.00017,0.007485947185018148,0.0009559471850181479
0.49,0.00616,0.00013,0.007355172707516631,0.0011951727075166316
0.5,0.00618,0.00014,0.007098295592221318,0.0009182955922213184
0.51,0.00624,0.00013,0.006850617730574604,0.0006106177305746042
0.52,0.00627,0.00021,0.006561999169626618,0.0002919991696266177
0.53,0.00634,0.00018,0.0062309884993532304,-0.0001090115006467697
0.54,0.00633,0.00016,0.005861900134536089,-0.0004680998654639111
0.55,0.00634,0.00015,0.005319178533604359,-0.0010208214663956407
0.56,0.00629,0.0002,0.0048799009135907356,-0.001410099086409264
0.57,0.0062,0.00026,0.004424715074874481,-0.001775284925125519
0.59,0.00557,0.00023,0.003730400264067135,-0.0018395997359328654
0.6,0.00536,0.00015,0.003309324816091961,-0.002050675183908039
0.61,0.00521,0.00022,0.002653512850508107,-0.0025564871494918933
0.62,0.00505,0.0003,0.002072828099440785,-0.0029771719005592147
0.75,-0.00016,1e-05,-0.0005094962892369083,-0.0003494962892369083
0.76,-0.00016,1e-05,-0.0005246057319097373,-0.0003646057319097373
0.78,-0.00022,1e-05,-0.0005583321095790649,-0.0003383321095790649
0.79,-0.00025,1e-05,-0.0005762717450687716,-0.0003262717450687716
0.8,-0.00033,1e-05,-0.0006016761179103468,-0.00027167611791034684
0.81,-0.00038,1e-05,-0.000622033298878093,-0.00024203329887809296
0.82,-0.00046,1e-05,-0.0006436008248773798,-0.00018360082487737974
0.83,-0.00055,1e-05,-0.0006665591358500832,-0.00011655913585008316
0.84,-0.00063,2e-05,-0.0006909566905376739,-6.095669053767384e-05
0.85,-0.00071,3e-05,-0.00071697008410108,-6.970084101079964e-06
0.86,-0.00078,2e-05,-0.0007541326135950319,2.5867386404968083e-05
0.87,-0.00089,2e-05,-0.0007836219253403122,0.00010637807465968779
0.88,-0.00099,2e-05,-0.0008140370614345106,0.00017596293856548943
0.89,-0.00108,3e-05,-0.0008449344845944926,0.00023506551540550746
0.9,-0.00123,3e-05,-0.0008856654174798723,0.0003443345825201277
0.91,-0.00129,3e-05,-0.0009147307576188817,0.00037526924238111823
0.92,-0.00136,3e-05,-0.000941378676503098,0.0004186213234969021
0.93,-0.00139,3e-05,-0.0009644750274684098,0.00042552497253159013
0.94,-0.00138,3e-05,-0.0009825032525371269,0.00039749674746287307
0.95,-0.00144,5e-05,-0.0009946830643216154,0.00044531693567838467
0.96,-0.00144,4e-05,-0.000998212434443148,0.0004417875655568521
0.97,-0.00146,4e-05,-0.0009887997960370154,0.0004712002039629845
0.98,-0.00146,4e-05,-0.0009672397149348696,0.0004927602850651303
0.99,-0.0014,4e-05,-0.0009332126712812157,0.00046678732871878426
1.0,-0.00135,4e-05,-0.0008873341309507329,0.00046266586904926714
1.01,-0.00125,4e-05,-0.0008110415342555611,0.0004389584657444389
1.02,-0.00118,4e-05,-0.0007367190782607272,0.0004432809217392729
1.03,-0.00109,4e-05,-0.0006543923156081637,0.00043560768439183635
1.04,-0.00096,5e-05,-0.0005660810745021721,0.00039391892549782794
1.05,-0.00083,3e-05,-0.00047302605348713034,0.00035697394651286967
1.06,-0.00073,3e-05,-0.00032682455840864194,0.000403175441591358
1.07,-0.00061,3e-05,-0.0002262315069037538,0.00038376849309624617
1.08,-0.00048,4e-05,-0.00012245742384895953,0.0003575425761510405
1.09,-0.00038,4e-05,-2.025022398260918e-05,0.00035974977601739084
1.15,0.00049,4e-05,0.0006042413518469902,0.00011424135184699019
1.16,0.00061,4e-05,0.0007310709687075738,0.00012107096870757382
1.17,0.00073,3e-05,0.0008113034714729621,8.130347147296214e-05
1.18,0.00074,3e-05,0.0008880051985549473,0.00014800519855494732
1.19,0.00081,3e-05,0.0009611575100145172,0.00015115751001451723
1.2,0.0009,3e-05,0.0010307735669438077,0.0001307735669438077
1.21,0.00098,3e-05,0.0011286203262605853,0.0001486203262605853
1.22,0.00104,3e-05,0.0011893053795397404,0.00014930537953974053
1.23,0.00113,3e-05,0.0012474746835510707,0.00011747468355107079
1.24,0.00119,3e-05,0.0013019443447642412,0.00011194434476424113
1.25,0.00127,3e-05,0.001377886876123833,0.00010788687612383295
1.26,0.00136,3e-05,0.0014248737049247845,6.487370492478436e-05
1.27,0.00139,4e-05,0.0014690792201407273,7.907922014072739e-05
1.28,0.00144,4e-05,0.001510627822090512,7.062782209051196e-05
1.29,0.00151,5e-05,0.0015496474590544558,3.9647459054455766e-05
1.3,0.00151,5e-05,0.001586266169349092,7.6266169349092e-05
1.31,0.00157,5e-05,0.001636968185849367,6.696818584936708e-05
1.32,0.00159,5e-05,0.0016681321333550626,7.813213335506252e-05
1.33,0.00165,4e-05,0.0016973260930460592,4.7326093046059234e-05
1.34,0.00169,4e-05,0.0017246656995569785,3.466569955697845e-05
1.35,0.00174,4e-05,0.001762440989634652,2.2440989634652094e-05
1.36,0.00178,4e-05,0.0017856225949031753,5.6225949031753816e-06
1.37,0.00183,5e-05,0.0018073198844476145,-2.268011555238555e-05
1.38,0.00187,4e-05,0.0018276279285465394,-4.237207145346049e-05
1.39,0.00191,4e-05,0.001846636894650673,-6.336310534932701e-05
1.4,0.00195,4e-05,0.0018644323765701271,-8.556762342987276e-05
1.41,0.00197,3e-05,0.0018890261591208034,-8.09738408791966e-05
1.42,0.00198,4e-05,0.0019041321890515032,-7.58678109484968e-05
1.43,0.00202,4e-05,0.0019182883756727654,-0.00010171162432723465
1.44,0.00207,4e-05,0.001931560168630384,-0.0001384398313696157
1.45,0.00208,5e-05,0.0019440090243099141,-0.0001359909756900857
1.46,0.00212,5e-05,0.001961264400932547,-0.0001587355990674529
1.47,0.00211,5e-05,0.0019719001842319335,-0.0001380998157680664
1.48,0.00214,4e-05,0.0019818989528960036,-0.00015810104710399639
1.49,0.00216,4e-05,0.0019913056398919615,-0.0001686943601080385
1.5,0.00218,4e-05,0.0020043955442029127,-0.00017560445579708735
1.51,0.00219,4e-05,0.002012497239739492,-0.00017750276026050815
1.52,0.00222,4e-05,0.002020139689564622,-0.00019986031043537798
1.53,0.00225,5e-05,0.0020273550474081176,-0.00022264495259188225
1.54,0.00224,4e-05,0.0020341732122622176,-0.00020582678773778222
1.55,0.00223,5e-05,0.002040621282709214,-0.00018937871729078626
1.56,0.00228,6e-05,0.0020496241843110325,-0.00023037581568896744
1.57,0.00223,0.0001,0.0020552030511939478,-0.00017479694880605245
