3.479352891035726003e+01,0.000000000000000000e+00,-1.638150614661085594e-02
2.972308487410172617e+00,0.000000000000000000e+00,-4.293580621968556832e-01
3.609664337896706598e+01,0.000000000000000000e+00,-4.033171981014387342e-01
3.468748035626256865e+01,0.000000000000000000e+00,3.701043100583787521e-02
3.471253716849614079e+01,0.000000000000000000e+00,-5.498907186078523177e-03
4.721321154826343758e+01,0.000000000000000000e+00,-5.382677829457980678e+00
4.736939723875603647e+01,0.000000000000000000e+00,-6.217046107588653392e+00
3.470109918973861340e+01,0.000000000000000000e+00,-2.226994019762473104e-02
3.702132433198494255e+01,0.000000000000000000e+00,8.187547429960458922e-01
3.406181838300000209e+01,0.000000000000000000e+00,-3.513075962170000149e-02
3.315318096114069135e+01,0.000000000000000000e+00,-1.267334862930491338e-03
2.786875242421894683e+01,0.000000000000000000e+00,-5.086303297816109148e-04
3.521439821122780955e+01,0.000000000000000000e+00,-5.827625004302423861e-02
3.554548650330560378e+01,0.000000000000000000e+00,7.911528833097022151e+00
3.560262565510474531e+01,0.000000000000000000e+00,-7.803633340768519056e-02
3.090952239608119001e+01,0.000000000000000000e+00,-5.648769919292314680e-03
4.501647456407172854e+01,0.000000000000000000e+00,6.870284305279967363e+00
3.518040068515146856e+01,0.000000000000000000e+00,-9.494605927520821664e-02
3.470514897566745560e+01,0.000000000000000000e+00,-1.892915171263262128e-02
2.580664012265440732e+01,0.000000000000000000e+00,-1.165603953064762027e-01
3.046819865960528162e+01,0.000000000000000000e+00,-7.937195235800624804e-01
3.643558660566475993e+01,0.000000000000000000e+00,-1.349277888417543370e+00
3.514105065735677869e+01,0.000000000000000000e+00,7.080879067219362888e+00
3.170934108637219140e+01,0.000000000000000000e+00,-7.357334451535055275e-02
2.942903109004527806e+01,0.000000000000000000e+00,-1.105114528312462060e-03
1.917195764283931680e+01,0.000000000000000000e+00,-5.041947581392133060e+00
3.467367523910006355e+01,0.000000000000000000e+00,-3.002639009266186432e-02
2.332545118143923091e+01,0.000000000000000000e+00,-3.035474889599105576e-05
3.535677736012069516e+01,0.000000000000000000e+00,-2.224747146878237603e-01
2.465612403415591558e+01,0.000000000000000000e+00,-1.304156389733091177e-03
2.820165068916956841e+01,0.000000000000000000e+00,2.502626560061435690e+00
3.353900839326474426e+01,0.000000000000000000e+00,3.244397124679185285e-01
3.035053748566506826e+01,0.000000000000000000e+00,-7.214397280020716785e-01
3.525327363986470175e+01,0.000000000000000000e+00,3.076320067091327659e-01
3.474535047870079296e+01,0.000000000000000000e+00,-7.205406694671103764e-03
2.445028948769897426e+01,0.000000000000000000e+00,-9.795425611002343304e-04
1.369047209140839705e+01,0.000000000000000000e+00,-3.237685423560242998e-02
3.364094948709914235e+01,0.000000000000000000e+00,-1.597699534578411740e+00
2.413169718829288612e+01,0.000000000000000000e+00,-1.506087535141627520e-01
3.457463054094031918e+01,0.000000000000000000e+00,5.794673196141129523e+00
4.930237505065948511e+01,0.000000000000000000e+00,-4.627280306989606240e-01
3.484724513598673923e+01,0.000000000000000000e+00,-5.050896999893913358e-02
2.697763161547870681e+01,0.000000000000000000e+00,-3.733874042076935906e-02
3.120043305628389163e+01,0.000000000000000000e+00,-6.602885159824599046e-03
3.389449821347226077e+01,0.000000000000000000e+00,5.048849168089071249e+00
2.925702288503567061e+01,0.000000000000000000e+00,2.106928293226330240e+00
3.010054678872515410e+01,0.000000000000000000e+00,-9.366214130099750790e+00
3.467898164479796463e+01,0.000000000000000000e+00,-4.854758735424624660e-02
3.611303576759506484e+01,0.000000000000000000e+00,1.242979039735655933e+00
4.077941082896804659e+01,0.000000000000000000e+00,1.214436847397801600e+01
2.189305254736633444e+01,0.000000000000000000e+00,-1.422018487191023246e-04
2.330125137709305250e+01,0.000000000000000000e+00,-5.740311366072228414e-04
1.928438377651310631e+01,0.000000000000000000e+00,3.205128856404779181e-02
3.473568536110396821e+01,0.000000000000000000e+00,-6.114262640540651939e-02
3.474481142648688348e+01,0.000000000000000000e+00,-3.099451062530502246e-02
2.942184256654421759e+01,0.000000000000000000e+00,-9.848523902704058725e-04
4.856374904686145300e+01,0.000000000000000000e+00,-2.938833351785169468e-01
3.479980932091342538e+01,0.000000000000000000e+00,-3.137436465194732432e-02
4.239715875539819478e+01,0.000000000000000000e+00,3.013572736184909839e+00
3.478950140933687862e+01,0.000000000000000000e+00,-5.256915364050415013e-02
1.369029852160000083e+01,0.000000000000000000e+00,-2.439324654819999966e-03
3.474449012235867684e+01,0.000000000000000000e+00,-4.735338213649790962e-03
1.076721279835073020e+01,0.000000000000000000e+00,-2.046394136112699602e+00
3.001503279021135384e+01,0.000000000000000000e+00,-2.951324718189007358e-03
4.617871753744650221e+01,0.000000000000000000e+00,-6.474456736628556364e+00
4.365435098172510919e+01,0.000000000000000000e+00,-1.250193172483583526e+00
2.796020057375750412e+01,0.000000000000000000e+00,-9.520813283301318751e-04
4.259170149734673316e+01,0.000000000000000000e+00,1.382605820133578467e+00
1.556143513254066590e+01,0.000000000000000000e+00,-6.956543268596746118e-05
3.235362294691634588e+01,0.000000000000000000e+00,-3.647786407435901768e-01
2.808438824733449124e+01,0.000000000000000000e+00,-9.166484469960525239e-01
3.469552561131730783e+01,0.000000000000000000e+00,-1.324014868326935934e-01
2.338767960100769372e+00,0.000000000000000000e+00,-7.245406080257716930e-01
3.221169877182968833e+01,0.000000000000000000e+00,7.275232109737915565e+00
3.461723219228169768e+01,0.000000000000000000e+00,-1.167257686502351684e-02
3.650166230634760467e+01,0.000000000000000000e+00,7.812514045761366210e-01
3.247768051938015077e+01,0.000000000000000000e+00,-4.121058557852617238e-02
3.608419679444422457e+01,0.000000000000000000e+00,9.118377186374292620e+00
4.791552823920341098e+01,0.000000000000000000e+00,6.227992005675077714e+00
3.504219127233933051e+01,0.000000000000000000e+00,-2.659285038835405499e-02
4.267263863348010489e+01,0.000000000000000000e+00,7.352250511703878333e-01
3.512014476333318669e+01,0.000000000000000000e+00,-5.015783976337672562e-02
3.112331598291576995e+01,0.000000000000000000e+00,5.778675386262126068e+00
3.192862814055390785e+01,0.000000000000000000e+00,6.029366910065069973e+00
2.652756406913650622e+01,0.000000000000000000e+00,-7.795341401495460287e-01
2.937134808506889527e+01,0.000000000000000000e+00,-3.165852508583761509e-04
3.169181803242066664e+01,0.000000000000000000e+00,-1.062193599365490303e-03
2.303534420519974901e+01,0.000000000000000000e+00,-8.707444061699361280e-04
3.483111540366290626e+01,0.000000000000000000e+00,-6.806367776750967824e-01
3.232989083542678088e+01,0.000000000000000000e+00,-1.590443099726228660e+00
3.481489950047647142e+01,0.000000000000000000e+00,-4.628671216711723047e-02
3.264723879452519384e+01,0.000000000000000000e+00,-6.208382576283735278e-03
3.519740377482246885e+01,0.000000000000000000e+00,-1.028177476914008126e-01
2.617872896560233187e+01,0.000000000000000000e+00,-2.241300709937381341e-04
3.126820958760823288e+01,0.000000000000000000e+00,-1.040219276580385760e-03
4.020406205512082920e+01,0.000000000000000000e+00,5.696782396217914268e-01
2.619783822585270272e+01,0.000000000000000000e+00,-3.096338567872851844e-04
3.474982035110052436e+01,0.000000000000000000e+00,-1.220175662581857341e-02
3.619366572008350857e+01,0.000000000000000000e+00,-1.799319655461913969e+00
2.505499088645395034e+01,0.000000000000000000e+00,-2.636368883705328514e+00
2.708082799364824211e+01,0.000000000000000000e+00,-5.759297610830524938e-01
4.250037862940065736e+01,0.000000000000000000e+00,4.818261473362211444e-01
3.451327313883462722e+01,0.000000000000000000e+00,4.187813899578858745e+00
2.455477543747485569e+01,0.000000000000000000e+00,-8.226324803737781327e-03
2.425486799712507135e+01,0.000000000000000000e+00,-8.347300445346707676e+00
2.994511820036219163e+01,0.000000000000000000e+00,-5.428835586321605344e-01
2.666905006248558863e+01,0.000000000000000000e+00,-6.108493126665868328e-02
4.919824918165138428e+01,0.000000000000000000e+00,4.921789607066697769e+00
2.558504692099018385e+01,0.000000000000000000e+00,-2.347670688978203274e-02
3.428105854829690458e+01,0.000000000000000000e+00,5.649311510595669134e-02
5.301877269195954767e+01,0.000000000000000000e+00,7.682724808150590334e+00
3.886465599701217855e+01,0.000000000000000000e+00,6.686724253087459324e+00
3.497728086292721628e+01,0.000000000000000000e+00,9.894330359311286571e+00
3.471205240625151589e+01,0.000000000000000000e+00,-8.655136763969617508e-03
3.473304834563776922e+01,0.000000000000000000e+00,-2.173218340587423220e-02
3.682060368694244801e+01,0.000000000000000000e+00,2.811718410854295858e-01
3.600328079015426397e+01,0.000000000000000000e+00,3.701017442448662487e-01
3.637500580532745431e+01,0.000000000000000000e+00,-1.121722672392513864e+01
3.069231022654313357e+00,0.000000000000000000e+00,-4.460241521558959144e-01
4.575521510192899655e+01,0.000000000000000000e+00,-4.200109669230167597e+00
3.460866184553812275e+01,0.000000000000000000e+00,-7.423681382066424188e-03
3.473871870637234593e+01,0.000000000000000000e+00,-3.345045771494081343e-03
3.176816200603952467e+01,0.000000000000000000e+00,6.437810687425764566e-01
3.517909557360213313e+01,0.000000000000000000e+00,-1.292238848102399140e-01
1.956142969833073053e+01,0.000000000000000000e+00,1.062960464129824451e-02
4.979613003594402443e+01,0.000000000000000000e+00,-8.157119166995112636e+00
3.480845825838751040e+01,0.000000000000000000e+00,-8.987205986411579001e-03
2.430924371775004644e+01,0.000000000000000000e+00,-3.495206738488054504e-04
3.471598465258502131e+01,0.000000000000000000e+00,-9.164434701205684611e-03
3.537145038023686539e+01,0.000000000000000000e+00,-2.689987570939848804e-02
3.475885262054816849e+01,0.000000000000000000e+00,-8.644079582400087183e-03
3.322696269506971589e+01,0.000000000000000000e+00,-3.738758362024531823e-01
3.474031478679930984e+01,0.000000000000000000e+00,-5.009764733657224266e-03
4.775757449009577016e+01,0.000000000000000000e+00,7.953597991740765316e+00
3.378426536571058136e+01,0.000000000000000000e+00,3.273659511913888376e-01
5.241157877723761516e+01,0.000000000000000000e+00,1.861099126150986827e+00
2.839577880309776248e+01,0.000000000000000000e+00,-5.731577675145806735e-04
3.497665032205134850e+01,0.000000000000000000e+00,-6.586169562019097978e-02
3.454098136227230498e+01,0.000000000000000000e+00,-3.043095653706747172e-01
3.478488747208042042e+01,0.000000000000000000e+00,-8.376326744257180101e-02
3.567239630484484536e+01,0.000000000000000000e+00,-4.203819197441822642e-01
3.089056252579677420e+01,0.000000000000000000e+00,-2.432351155749540132e-03
2.089565994640660307e+01,0.000000000000000000e+00,-5.858279386367460197e-05
1.565483291449169201e+01,0.000000000000000000e+00,-1.680215810502856818e-04
3.488214680116773536e+01,0.000000000000000000e+00,-8.526651718636350796e-02
1.835808237562518030e+01,0.000000000000000000e+00,-1.075418035097698045e-02
3.242760131576793015e+01,0.000000000000000000e+00,5.127647943619998649e+00
3.353242003359231660e+01,0.000000000000000000e+00,-4.344746893348303551e-01
3.467074707152787028e+01,0.000000000000000000e+00,-2.811899994884409313e-03
3.524948719469699654e+01,0.000000000000000000e+00,3.927499501117558633e+00
3.479850372616183307e+01,0.000000000000000000e+00,-2.012617321118602073e-02
3.406100210091928915e+01,0.000000000000000000e+00,-1.395075601860627269e-02
3.418809528963640787e+01,0.000000000000000000e+00,1.039628519996379286e+00
3.458146345585578985e+01,0.000000000000000000e+00,-4.215012323179798646e-03
3.394149122067976521e+01,0.000000000000000000e+00,-8.398296592245436676e-01
3.085558229556821175e+01,0.000000000000000000e+00,4.011043265956665493e+00
3.526843690679019261e+01,0.000000000000000000e+00,-1.843460251336817846e-01
3.423920934303119168e+01,0.000000000000000000e+00,-3.464055440562088251e+00
4.076609120573862555e+01,0.000000000000000000e+00,-1.117820779406563503e+01
3.487162352828949707e+01,0.000000000000000000e+00,-3.740029525039390706e-02
2.674176585692253738e+01,0.000000000000000000e+00,-2.504782043807568894e-04
4.776891606222336861e+01,0.000000000000000000e+00,-1.199645405177967694e+00
3.488057105691582649e+01,0.000000000000000000e+00,-2.170922282335208120e-01
2.674717015613636306e+01,0.000000000000000000e+00,-1.753776155284088398e-03
3.507844111425404776e+01,0.000000000000000000e+00,-7.555043988841468605e-02
2.231611889005158389e+01,0.000000000000000000e+00,-1.231519523618161346e-03
2.830362516646077964e+01,0.000000000000000000e+00,5.949166185948109309e-01
3.392167428863407963e+01,0.000000000000000000e+00,-1.019478209092490983e+00
4.163482718353615297e+01,0.000000000000000000e+00,1.347914519579387349e+00
3.556955837494706429e+01,0.000000000000000000e+00,-8.953820064581090310e-02
3.470841875887040828e+01,0.000000000000000000e+00,-2.079761865528199222e-02
3.243968125943241887e+01,0.000000000000000000e+00,-9.705802440962857380e-01
3.498058057402793253e+01,0.000000000000000000e+00,-1.429146830282166103e-01
3.442876784401405388e+01,0.000000000000000000e+00,1.057822236413919148e+00
3.501161143353294847e+01,0.000000000000000000e+00,-5.418863151809619888e-02
3.410528042367081270e+01,0.000000000000000000e+00,-3.943071003721723700e-03
3.127600730413344721e+01,0.000000000000000000e+00,-1.207100653591091635e-03
3.435514878650000270e+01,0.000000000000000000e+00,-1.482546296920000062e+00
3.468739644917432230e+01,0.000000000000000000e+00,-5.144259590755990985e-03
3.087882536016250512e+01,0.000000000000000000e+00,-1.549048097075144570e+00
3.068185694445550737e+01,0.000000000000000000e+00,-7.025605712857936336e-01
3.207016233277578010e+01,0.000000000000000000e+00,-5.820924758701896988e-04
4.143852810868521175e+01,0.000000000000000000e+00,-8.710673620330466882e-01
2.348247436409416977e+01,0.000000000000000000e+00,-6.851210148597043637e-02
3.992312881168666650e+01,0.000000000000000000e+00,1.211222431406154776e+01
1.504734697379999986e+01,0.000000000000000000e+00,-1.574713487520000137e-05
2.122550850601239247e+01,0.000000000000000000e+00,-5.847452313251634646e-04
2.729054215876686840e+01,0.000000000000000000e+00,8.738793344133715113e-01
3.083024072444456110e+01,0.000000000000000000e+00,-1.068456913630925868e-03
3.281254122239511872e+01,0.000000000000000000e+00,7.982308507905856665e+00
3.381680412626973009e+01,0.000000000000000000e+00,5.756504392635896084e-01
3.471476351284822925e+01,0.000000000000000000e+00,-2.184444523066692619e-03
3.534024629745180590e+01,0.000000000000000000e+00,8.689828620248291058e-02
3.530596192563377400e+01,0.000000000000000000e+00,-4.559075105881675860e+00
3.392314014423487123e+01,0.000000000000000000e+00,-1.099313636100783143e+01
3.512866945514959127e+01,0.000000000000000000e+00,-3.979892464707877886e-02
1.765424571842481072e+01,0.000000000000000000e+00,-4.532920731961312920e-03
3.537933982111989906e+01,0.000000000000000000e+00,3.922044373015663027e-02
3.388392953104707672e+00,0.000000000000000000e+00,-5.050609273199236915e-01
3.683542426690814153e+01,0.000000000000000000e+00,1.488296757769688394e+00
3.478454466617797891e+01,0.000000000000000000e+00,-3.269527967952597786e-02
4.261229756775144750e+01,0.000000000000000000e+00,3.660135272775704607e+00
3.215152854733923249e+01,0.000000000000000000e+00,4.853972402811580766e-02
2.431594939052287074e+01,0.000000000000000000e+00,-3.845235596077215489e-04
3.481325868249660260e+01,0.000000000000000000e+00,-2.090000923061860472e-02
3.996232407804316011e+01,0.000000000000000000e+00,1.275000088419113986e+01
4.373311328926964592e+01,0.000000000000000000e+00,-1.198792313564989609e+00
1.380346352331581095e+01,0.000000000000000000e+00,-1.965915354150417960e+00
2.995397460901915920e+01,0.000000000000000000e+00,-4.262595195843196905e+00
4.226689658583333653e+01,0.000000000000000000e+00,-1.714179129613080665e-01
2.231661885555616109e+01,0.000000000000000000e+00,-7.898833796338116997e+00
2.646686543543445325e+01,0.000000000000000000e+00,1.222873096439902829e+00
2.893831825613844799e+01,0.000000000000000000e+00,1.821501387538671801e-01
3.488926943928274937e+01,0.000000000000000000e+00,-3.754635509245656672e-02
3.474702764334490723e+01,0.000000000000000000e+00,-6.877994467890013314e-03
2.391168673572357850e+00,0.000000000000000000e+00,-7.660901147947876133e-01
4.411878480712391593e+01,0.000000000000000000e+00,8.884119534758375680e-01
3.464839199367292366e+01,0.000000000000000000e+00,-5.925289291626534803e-03
3.473165441265545894e+01,0.000000000000000000e+00,-8.080384233604532770e-03
3.488641919787863088e+01,0.000000000000000000e+00,-1.051513002569869487e-01
3.116150945479049028e+01,0.000000000000000000e+00,-2.190616699017375435e+00
4.497156997160410441e+01,0.000000000000000000e+00,-7.071215321999900105e+00
3.457326726251328353e+01,0.000000000000000000e+00,-4.530810956246959136e-05
3.961527051432533142e+01,0.000000000000000000e+00,1.257100009448303979e+01
2.008310474237117305e+01,0.000000000000000000e+00,-1.680731294013273287e-04
3.185933124974889097e+01,0.000000000000000000e+00,1.757995932870617617e+00
2.675379301216311134e+01,0.000000000000000000e+00,-3.022369543488192612e-04
3.362229166647721001e+01,0.000000000000000000e+00,-1.702167845282544612e+00
3.457421650823611259e+01,0.000000000000000000e+00,5.259266740790292660e-01
3.476072807913281082e+01,0.000000000000000000e+00,-8.881245984030068374e-01
2.089331214672314729e+01,0.000000000000000000e+00,-4.881478055630946513e-05
3.500640769197104163e+01,0.000000000000000000e+00,-4.432967205909423003e-02
3.457208713685272272e+01,0.000000000000000000e+00,-3.244264780489937612e-03
3.519787998545505303e+01,0.000000000000000000e+00,-4.480445661714606981e-02
3.541936253398741030e+01,0.000000000000000000e+00,-1.102892325942252533e-01
3.034262315191370263e+01,0.000000000000000000e+00,-6.166151744269021120e-04
3.427426790141829116e+01,0.000000000000000000e+00,-2.267580378660563351e-03
3.228413541300301404e+01,0.000000000000000000e+00,-1.221928803709679379e+00
3.192638887940059433e+01,0.000000000000000000e+00,-6.541565324832422298e-03
3.635296658232973499e+01,0.000000000000000000e+00,-1.141978942680403897e+00
2.609311545936573040e+01,0.000000000000000000e+00,-1.603831018150994820e-03
3.373494747365061386e+01,0.000000000000000000e+00,-2.238905845981926240e-03
3.471654825847962655e+01,0.000000000000000000e+00,-3.653171838615327550e-03
3.192400875005141714e+01,0.000000000000000000e+00,-1.756306047494185507e-01
3.103325535481901909e+01,0.000000000000000000e+00,-5.031226658344980715e-03
2.614263916209203487e+01,0.000000000000000000e+00,-1.317351269881379423e-03
3.440217857476955743e+01,0.000000000000000000e+00,-8.912469953075692272e-03
2.671494532575580649e+01,0.000000000000000000e+00,-4.773843261324529214e-02
3.511356660923780026e+01,0.000000000000000000e+00,1.310392927788861961e+00
2.540070006857679985e+01,0.000000000000000000e+00,-1.439614943546253967e+00
3.184520458493066641e+01,0.000000000000000000e+00,-5.001909277578250324e-01
2.379030641049028105e+01,0.000000000000000000e+00,-5.935008804811009800e-03
3.455743294960157641e+01,0.000000000000000000e+00,5.900681373773283278e-01
1.857735677559083598e+01,0.000000000000000000e+00,-5.229055274434740497e+00
3.556332040686761786e+01,0.000000000000000000e+00,8.499438402118071778e+00
3.467878911372152118e+01,0.000000000000000000e+00,-2.950339154216514732e-03
1.506232090169999971e+01,0.000000000000000000e+00,-3.043834115369999831e-05
3.096172255874099832e+01,0.000000000000000000e+00,-1.446404880831850592e+00
3.246557557550391238e+01,0.000000000000000000e+00,-9.277335949656829728e-01
3.910347806411787275e+01,0.000000000000000000e+00,1.073200059900909764e+01
4.970456493850098667e+01,0.000000000000000000e+00,1.105507274738340762e+01
1.603641761996582460e+01,0.000000000000000000e+00,2.917769199022836150e-03
3.189762924203537242e+00,0.000000000000000000e+00,-7.484675166179102224e-01
3.470521495700566561e+01,0.000000000000000000e+00,1.185304871206698668e-01
4.387288354297881199e+01,0.000000000000000000e+00,5.254791930270945599e+00
3.270215659556256327e+01,0.000000000000000000e+00,-1.171267905154848160e-01
2.140297067124133079e+01,0.000000000000000000e+00,1.022985983744995497e+00
1.554681709899649178e+01,0.000000000000000000e+00,-5.250373437167386593e-05
3.165770304325335616e+01,0.000000000000000000e+00,-2.301540677940964730e-01
3.511751502025875027e+01,0.000000000000000000e+00,-7.227821615064855543e-02
3.529028430279102935e+01,0.000000000000000000e+00,-2.384207413819333377e-01
3.509436955746537734e+01,0.000000000000000000e+00,-5.399554406352004982e-02
3.995784735983686886e+01,0.000000000000000000e+00,6.124613208388694829e+00
3.533353078006705061e+01,0.000000000000000000e+00,-3.763912777077443178e-02
3.499084350621956219e+01,0.000000000000000000e+00,-6.802774473284983747e-02
3.103569754363773470e+01,0.000000000000000000e+00,-3.598570856509542004e-01
2.957417339304155135e+01,0.000000000000000000e+00,-3.196092705690815883e-03
4.199731667402622293e+01,0.000000000000000000e+00,-8.471337068992406572e+00
3.748259212543702290e+01,0.000000000000000000e+00,8.264797598720401428e-01
3.483876439701662520e+01,0.000000000000000000e+00,-1.116818363365634365e-01
5.267862114008227792e+01,0.000000000000000000e+00,8.854378429540473050e+00
3.490151809356652279e+01,0.000000000000000000e+00,-7.343041625972820952e-02
1.842197510179614284e+01,0.000000000000000000e+00,-9.439452239184828930e-05
2.147721712271732386e+01,0.000000000000000000e+00,1.347807999251808553e-02
1.242740765769999989e+01,0.000000000000000000e+00,-3.489224495280000143e-03
3.535763001620705381e+01,0.000000000000000000e+00,1.364765808004758108e-01
3.471313752067597136e+01,0.000000000000000000e+00,-1.473674433036929916e-02
1.576335066036454435e+01,0.000000000000000000e+00,4.862761619426703781e-04
3.455546170089296965e+01,0.000000000000000000e+00,2.711974299207598610e-02
5.181483683006017316e+01,0.000000000000000000e+00,5.545110713472539921e+00
4.835990210512070320e+01,0.000000000000000000e+00,1.059121552253367504e+01
3.476677322481749144e+01,0.000000000000000000e+00,-1.821147158082213682e-02
3.897814003164885577e+01,0.000000000000000000e+00,9.739475272260721184e+00
2.388195455899568742e+01,0.000000000000000000e+00,-1.091808057669994749e-03
3.170934161809393359e+00,0.000000000000000000e+00,-5.709558075670309041e-01
2.902185802390494374e+01,0.000000000000000000e+00,3.963058905398530563e+00
3.249214771599036311e+01,0.000000000000000000e+00,3.084193046961241080e+00
3.035463997985507234e+01,0.000000000000000000e+00,-6.445080739297777583e+00
1.899942841746940303e+01,0.000000000000000000e+00,-2.215743865180924477e+00
3.387104906326024434e+01,0.000000000000000000e+00,-8.041935046206340892e-03
1.838357924266519206e+01,0.000000000000000000e+00,-4.375234032294113734e-05
3.327253990707079367e+01,0.000000000000000000e+00,-4.050669944640095110e-02
3.468608996033228919e+01,0.000000000000000000e+00,-1.200365432545321721e-02
3.473940010771725895e+01,0.000000000000000000e+00,-1.399153212252012696e-02
2.504961295779949992e+01,0.000000000000000000e+00,2.523518956263960580e-03
3.531468442288237242e+01,0.000000000000000000e+00,8.968878708800849531e-02
3.469289465857630006e+01,0.000000000000000000e+00,-9.414795317767865948e-03
2.900004184908993210e+01,0.000000000000000000e+00,-2.668024287412037489e-03
3.507401204828064323e+01,0.000000000000000000e+00,-6.096843335171933664e-02
2.524112143322280843e+01,0.000000000000000000e+00,-1.505689938571275329e-03
3.505901195335368925e+01,0.000000000000000000e+00,-2.884269744021725895e-02
3.426227561190952997e+01,0.000000000000000000e+00,-1.787675694041499039e-03
3.473658486330170803e+01,0.000000000000000000e+00,-4.715343235846698386e-03
1.217991793445220416e+01,0.000000000000000000e+00,-9.813181360327620784e-01
3.517732651308445924e+01,0.000000000000000000e+00,-3.023335059461242785e-02
3.234742441078817166e+01,0.000000000000000000e+00,-2.223617417516970285e+00
3.386615780621107064e+01,0.000000000000000000e+00,1.683146650778891251e+00
3.137997813519630697e+01,0.000000000000000000e+00,5.545939562856768035e+00
2.938079744484675615e+01,0.000000000000000000e+00,-4.687971607829373834e-04
1.717816458030625171e+01,0.000000000000000000e+00,-1.755592474080393608e-02
3.470959672763932957e+01,0.000000000000000000e+00,-2.222885226325397624e-03
4.161072980392070519e+01,0.000000000000000000e+00,-1.120729926379511276e+01
2.238553164536830664e+01,0.000000000000000000e+00,1.303888443364542408e-04
3.465616657536223499e+01,0.000000000000000000e+00,-1.391883417796974630e-02
3.578016568787329987e+01,0.000000000000000000e+00,-2.113676301664795254e-01
3.128950369314232560e+01,0.000000000000000000e+00,-4.518291427787040071e-01
3.403989455205864800e+01,0.000000000000000000e+00,-2.610523895363082492e+00
3.615129473786294056e+01,0.000000000000000000e+00,3.376592533666231133e-01
3.483542660697809623e+01,0.000000000000000000e+00,-2.960072831638863367e+00
3.470777387866888120e+01,0.000000000000000000e+00,-1.216617106526875561e-02
3.380247930631388442e+01,0.000000000000000000e+00,6.793312767885830716e-01
3.487834352081014799e+01,0.000000000000000000e+00,-3.455690009054820239e-02
2.330295054303938329e+01,0.000000000000000000e+00,3.063042197326440973e-03
1.555816941169172196e+01,0.000000000000000000e+00,-6.570811093856583065e-05
2.187040495760210135e+01,0.000000000000000000e+00,-9.273205061887842529e-05
2.993178312024179988e+01,0.000000000000000000e+00,-3.546529163184689581e-01
1.642547856095986347e+01,0.000000000000000000e+00,-5.244856851931229552e-03
3.487054310745191543e+01,0.000000000000000000e+00,-2.240760624507281695e-01
3.064585499976743677e+01,0.000000000000000000e+00,-5.324445317365508572e-03
4.110887544656015535e+01,0.000000000000000000e+00,-8.809192914654847328e+00
3.413343430609612028e+01,0.000000000000000000e+00,-7.071179016605321638e-03
4.063959915232831577e+01,0.000000000000000000e+00,1.156621678912217277e+01
1.589054235755709321e+01,0.000000000000000000e+00,-1.235863500814251854e-04
3.517623771654648834e+01,0.000000000000000000e+00,2.112685683216084798e-01
4.505696971237923520e+01,0.000000000000000000e+00,3.168789373276746257e+00
2.056805752639353813e+01,0.000000000000000000e+00,1.146647469038306055e-02
3.202194884952416487e+01,0.000000000000000000e+00,4.872628432145804100e-01
4.577993970904868348e+01,0.000000000000000000e+00,1.507294453470615858e+00
2.995456326952415083e+01,0.000000000000000000e+00,-4.274972798377909000e-01
2.941815505611209414e+00,0.000000000000000000e+00,-6.556616757856605915e-01
3.528411989180967367e+01,0.000000000000000000e+00,-8.134558993323705300e-02
2.360590477319578895e+01,0.000000000000000000e+00,-1.432155540782397915e-02
3.429018697804247751e+01,0.000000000000000000e+00,1.934514098725551023e-01
4.078555156428924988e+01,0.000000000000000000e+00,1.293826011642329554e+01
3.568206369684813950e+01,0.000000000000000000e+00,-5.850166197647508337e-01
3.409907919821009159e+01,0.000000000000000000e+00,-2.969468761027088899e+00
5.380829118208094997e+01,0.000000000000000000e+00,4.986550272982111842e+00
2.901039534439702194e+01,0.000000000000000000e+00,-4.400146899964754721e-02
4.850760034667411702e+01,0.000000000000000000e+00,9.478766117673888658e+00
3.455845134930000029e+01,0.000000000000000000e+00,-1.518943059279999992e-03
1.865577325850960122e+01,0.000000000000000000e+00,-5.219443657073902926e-03
3.475101413341172218e+01,0.000000000000000000e+00,-6.463686904838293439e-03
4.119288288918247076e+01,0.000000000000000000e+00,1.818617084252131422e+00
3.568232763007429753e+00,0.000000000000000000e+00,-5.686515868010660890e-01
3.474225710748869744e+01,0.000000000000000000e+00,-1.240762435328347964e-02
3.424499827580000044e+01,0.000000000000000000e+00,-1.320611228620000022e-02
3.298395997435919469e+01,0.000000000000000000e+00,5.103389678383763069e-03
3.170842402660363391e+01,0.000000000000000000e+00,-1.436379057737589013e-03
4.350291391694954513e+01,0.000000000000000000e+00,-7.383034978004999083e+00
3.572959336465055458e+01,0.000000000000000000e+00,-7.331812995455042170e+00
3.479035571680390149e+01,0.000000000000000000e+00,-2.556686917357651190e-01
2.661766065560033567e+01,0.000000000000000000e+00,7.648864303527823545e-03
3.499030103338170505e+01,0.000000000000000000e+00,-1.690543993865380457e-01
3.472029659506755905e+01,0.000000000000000000e+00,-1.996773041415948399e-02
4.561416253953240840e+01,0.000000000000000000e+00,-2.349583303791779709e+00
3.502675063605648376e+01,0.000000000000000000e+00,2.559439928970256295e-01
2.940336182269483345e+01,0.000000000000000000e+00,-2.318628065754401151e-03
3.524933160824819112e+01,0.000000000000000000e+00,-1.205520434574240823e-01
1.958404932325634817e+01,0.000000000000000000e+00,-5.941068749016197970e+00
3.442378271298371573e+01,0.000000000000000000e+00,-1.539377177146917033e-02
2.157852018927957616e+01,0.000000000000000000e+00,-1.930241903427555009e-04
3.546578606194260175e+01,0.000000000000000000e+00,-6.805540697057138599e-02
3.468115503274012923e+01,0.000000000000000000e+00,-8.223798057451405658e-03
3.408723104239021495e+01,0.000000000000000000e+00,2.745707301323005112e+00
3.561204660740815342e+01,0.000000000000000000e+00,9.123464209762579102e+00
2.674281756653523345e+01,0.000000000000000000e+00,-2.554900686218557920e-04
3.378437553437212415e+01,0.000000000000000000e+00,-1.631450781663912417e-03
3.477045947049538910e+01,0.000000000000000000e+00,-1.802799156730095290e-02
2.090027932800661858e+01,0.000000000000000000e+00,-6.937644793777508268e-05
3.465568314423195062e+01,0.000000000000000000e+00,-2.549682470124448389e-02
3.671443886511092103e+01,0.000000000000000000e+00,-7.412068727744352437e+00
3.080816133913796406e+01,0.000000000000000000e+00,5.373521335022958187e-03
3.472471805645632514e+01,0.000000000000000000e+00,-3.304534457673059811e-02
3.300141128954437164e+01,0.000000000000000000e+00,1.141849756411250916e-01
3.470484160097377213e+01,0.000000000000000000e+00,-2.204475143840006757e-03
1.833645787472478617e+01,0.000000000000000000e+00,-1.836594489018998688e+00
3.396951812069934462e+00,0.000000000000000000e+00,-5.085438694839340412e-01
3.478579487609613352e+01,0.000000000000000000e+00,-2.277258998801124593e-03
2.563314059123759137e+01,0.000000000000000000e+00,-6.495155129766341838e-04
3.483151320387819538e+01,0.000000000000000000e+00,-2.521273509825474116e-02
4.032444310920973152e+01,0.000000000000000000e+00,-1.468733687250520559e+00
3.380308125039999823e+01,0.000000000000000000e+00,-3.895768150450000245e-01
3.464013971065212871e+01,0.000000000000000000e+00,-3.818081660463858162e-02
3.471967342186950845e+01,0.000000000000000000e+00,-1.928314164150518248e-02
3.471191402323272968e+01,0.000000000000000000e+00,-2.973313568871002385e-03
2.680159436092472092e+01,0.000000000000000000e+00,-1.226429514191394125e-03
3.359264302127421331e+01,0.000000000000000000e+00,-5.146250511285891394e-01
2.071833375085593687e+01,0.000000000000000000e+00,-2.861689331295619570e-03
3.379927444773055356e+01,0.000000000000000000e+00,-1.054806397677131823e-02
4.057542525163765390e+01,0.000000000000000000e+00,2.619847698675843883e+00
2.233450104903782929e+01,0.000000000000000000e+00,-6.342341129443599323e-04
6.523523345812436425e+00,0.000000000000000000e+00,-2.222057682088374175e+00
1.836039769808276390e+01,0.000000000000000000e+00,-3.888978730991855988e-03
3.159417375987501053e+00,0.000000000000000000e+00,-7.932568589937687431e-01
2.537188922898025112e+01,0.000000000000000000e+00,1.296629546049946763e-02
4.110314346170640931e+01,0.000000000000000000e+00,1.038927860007851045e+01
3.519474274508160505e+01,0.000000000000000000e+00,-2.975230474243193979e-01
3.431168546262078678e+01,0.000000000000000000e+00,2.844735558022471692e-03
3.537499330163560529e+01,0.000000000000000000e+00,-2.094702320225975967e-02
3.413863080080682977e+01,0.000000000000000000e+00,-2.676716087404485116e-03
3.369584994439998837e+01,0.000000000000000000e+00,-1.332140157313610906e+00
1.264747099762766425e+01,0.000000000000000000e+00,8.449227995856964726e-03
3.548042554120402059e+01,0.000000000000000000e+00,1.700957933273413047e+00
4.275912770293957976e+01,0.000000000000000000e+00,-7.826520886144238354e+00
3.483681141223436128e+01,0.000000000000000000e+00,-3.851556759279936570e-02
4.230486790026285604e+01,0.000000000000000000e+00,9.583454892807914405e+00
3.483876482458087764e+01,0.000000000000000000e+00,-2.720566756780398374e-02
3.474001049842559752e+01,0.000000000000000000e+00,-4.915105612783922905e-03
4.467327490951889502e+01,0.000000000000000000e+00,1.211762128738533129e+01
5.485726144078463307e+01,0.000000000000000000e+00,3.548971590761149653e+00
3.565195407529407134e+01,0.000000000000000000e+00,1.018990410402354740e+01
2.907170682313639887e+01,0.000000000000000000e+00,-9.576364021041513519e-01
4.940911954785778448e+01,0.000000000000000000e+00,-5.315485763661307317e+00
3.533471290629609030e+01,0.000000000000000000e+00,1.449350810427970926e-01
3.830467043947593453e+01,0.000000000000000000e+00,4.710001463124756427e+00
3.370199036433753292e+01,0.000000000000000000e+00,-1.358671887079550538e-03
2.506687974643928385e+01,0.000000000000000000e+00,-9.491456112342883155e-04
3.657209369029754953e+01,0.000000000000000000e+00,1.111578817553240839e+01
5.353013875893312701e+01,0.000000000000000000e+00,2.594930575892384628e+00
3.585217518020966310e+01,0.000000000000000000e+00,5.048214575782257185e-01
3.522313315815533485e+01,0.000000000000000000e+00,-3.117477639097842451e-02
3.473867773537472914e+01,0.000000000000000000e+00,6.343452301671912430e+00
3.030818232072910234e+01,0.000000000000000000e+00,-1.008043942922455294e+01
3.446223860485271473e+01,0.000000000000000000e+00,9.491377562322336758e-02
2.662907987677007782e+01,0.000000000000000000e+00,-4.297716050957644640e+00
3.506843903688369579e+01,0.000000000000000000e+00,-6.073140005326719409e-02
2.301630587964085706e+01,0.000000000000000000e+00,3.895330956086727747e-01
5.232800518962314840e+01,0.000000000000000000e+00,-5.550681196806025675e+00
5.016669031344871854e+01,0.000000000000000000e+00,5.615972971347058085e+00
2.499506940381377262e+01,0.000000000000000000e+00,-4.334590062318202652e-01
3.271328857294799519e+01,0.000000000000000000e+00,-3.894153553374437027e-01
3.126681132185303014e+01,0.000000000000000000e+00,-6.783626193668618534e-03
3.433329291648061599e+01,0.000000000000000000e+00,-1.621674634215536370e-02
3.473624694732521334e+01,0.000000000000000000e+00,-5.527179926580975261e-03
1.612709006482858243e+01,0.000000000000000000e+00,2.699270087951866418e-03
1.940104404549079931e+01,0.000000000000000000e+00,-4.531455969620312718e-02
4.019188635353388150e+01,0.000000000000000000e+00,6.575460163127045732e+00
2.100791138480338560e+01,0.000000000000000000e+00,-3.176831335833857003e-04
3.466058237105841044e+01,0.000000000000000000e+00,-6.110452954410246218e-02
3.502794374197914351e+01,0.000000000000000000e+00,-8.338091542052041005e-02
3.607018713171236790e+00,0.000000000000000000e+00,-5.917178389215514978e-01
3.454366548305221585e+01,0.000000000000000000e+00,-3.456476575986399680e-01
3.533106538277244368e+01,0.000000000000000000e+00,2.265345965397741190e-01
3.473165072091259731e+01,0.000000000000000000e+00,-1.943290810607686478e-02
2.166012979869720212e+01,0.000000000000000000e+00,-1.165909860467754661e-01
3.097880358477565466e+01,0.000000000000000000e+00,4.777137408622984083e+00
2.845059781769895579e+01,0.000000000000000000e+00,-1.282993334310427499e-03
2.915186629203565261e+01,0.000000000000000000e+00,-1.696928794324461753e+00
4.761699644097262762e+01,0.000000000000000000e+00,4.997274135246391857e+00
3.523498121511548931e+01,0.000000000000000000e+00,-1.231100922067205783e+00
4.394935744429722035e+01,0.000000000000000000e+00,-7.705347732926044746e-02
3.644445868201485439e+01,0.000000000000000000e+00,4.499210697875286158e+00
1.845230970833552675e+01,0.000000000000000000e+00,-1.484064255399033519e-04
3.470505601658346251e+01,0.000000000000000000e+00,-2.511288062628316570e-03
3.078073031612300525e+01,0.000000000000000000e+00,-3.049645956531968904e-01
4.471152512362198195e+01,0.000000000000000000e+00,-1.047201626458900492e+01
3.470799478098437163e+01,0.000000000000000000e+00,-3.095881569284072987e-03
3.472330495661302763e+01,0.000000000000000000e+00,-2.119714086000719973e-03
3.502919505791430055e+01,0.000000000000000000e+00,-3.056777702322308055e-02
3.081164951952337105e+01,0.000000000000000000e+00,-3.844194438292359850e-01
3.153920649994922343e+01,0.000000000000000000e+00,-2.670235837751814278e-01
3.094515043409750277e+01,0.000000000000000000e+00,-5.246789229588289319e-03
3.249385197627949395e+01,0.000000000000000000e+00,-1.282687280156640242e-01
3.528780466314074715e+01,0.000000000000000000e+00,3.112417967941467634e-01
3.468401657812518124e+01,0.000000000000000000e+00,-5.352396354443478624e-03
3.266776772148829622e+01,0.000000000000000000e+00,-8.753958629932260052e-03
3.475565251298711900e+01,0.000000000000000000e+00,-1.495032718119426729e-02
3.468653809621332584e+01,0.000000000000000000e+00,-9.675676596566798807e-03
3.528795342893781850e+01,0.000000000000000000e+00,-2.164258431154778284e-01
2.808954710910461117e+00,0.000000000000000000e+00,-8.608753230289170055e-01
2.785831486208102348e+01,0.000000000000000000e+00,-4.114826515219221484e-04
3.778132221956189341e+01,0.000000000000000000e+00,8.189450432539173708e-01
5.382919589242492009e+01,0.000000000000000000e+00,-1.958411814308161913e+00
4.072052691922204559e+01,0.000000000000000000e+00,-5.719153653665178361e+00
3.471121596945116039e+01,0.000000000000000000e+00,4.552776811058258377e-01
3.536405508480061854e+01,0.000000000000000000e+00,1.038883925427604460e+01
3.585321729611611374e+01,0.000000000000000000e+00,-1.363363063497244621e-01
3.472772416245641836e+01,0.000000000000000000e+00,-5.776113529141130472e-03
3.502929862528987570e+01,0.000000000000000000e+00,-1.445802169193912412e-01
3.560549710338963791e+01,0.000000000000000000e+00,-3.314563427611178503e-01
3.439349052949999930e+01,0.000000000000000000e+00,-6.294638944540000003e-03
3.393851654259438533e+01,0.000000000000000000e+00,1.032891835421411234e-02
3.473318275496727381e+01,0.000000000000000000e+00,-1.893012995685458000e-01
3.428927729141022951e+01,0.000000000000000000e+00,-1.537719704179382578e-02
3.317461040195991018e+01,0.000000000000000000e+00,-7.289571342891038030e-02
3.502764908948169165e+01,0.000000000000000000e+00,-9.456671754772445759e-02
3.367846991093247055e+01,0.000000000000000000e+00,8.445798912094877320e-01
2.784078613883127673e+01,0.000000000000000000e+00,8.305314227518917824e-04
3.462940153581790526e+01,0.000000000000000000e+00,-1.127378362966938163e-02
2.108513734738834344e+01,0.000000000000000000e+00,-3.860235937370387838e+00
3.474226388083061323e+01,0.000000000000000000e+00,-1.254761331841604266e-02
3.185170034000122286e+01,0.000000000000000000e+00,-5.114179850743610055e-03
3.123465185126504551e+01,0.000000000000000000e+00,-3.708340031746392151e-01
3.476759257403323033e+01,0.000000000000000000e+00,-1.674457291286833918e-02
3.403485312279414643e+01,0.000000000000000000e+00,-1.339522360879340755e-02
3.471832437996461351e+01,0.000000000000000000e+00,-4.480627597088369246e-03
2.790604622823894232e+01,0.000000000000000000e+00,-7.788946083852895663e-01
3.504426555049468561e+01,0.000000000000000000e+00,-9.691855834488125043e-02
4.277753024135241589e+01,0.000000000000000000e+00,-1.183669606708952937e+00
3.469865836633528033e+01,0.000000000000000000e+00,-2.660783421851132483e-03
3.160626034052654987e+01,0.000000000000000000e+00,-2.644196682037466273e-01
3.945403226187821843e+01,0.000000000000000000e+00,-5.083828977337997296e-02
3.486687658667430867e+01,0.000000000000000000e+00,-2.230852522067327745e-02
3.456601973310830545e+01,0.000000000000000000e+00,-8.483440042618094895e-03
3.066722297113654250e+01,0.000000000000000000e+00,-1.824289036857806509e-02
4.191958366237101075e+01,0.000000000000000000e+00,4.364295631591921798e-01
3.029400741856718593e+00,0.000000000000000000e+00,-3.891243092844009488e-01
3.682053623522638475e+01,0.000000000000000000e+00,1.845123806657758880e+00
3.184162334234903824e+01,0.000000000000000000e+00,-4.894019799162869014e-03
3.421376240699332527e+01,0.000000000000000000e+00,-8.231789759369586790e+00
2.987471624001237558e+01,0.000000000000000000e+00,-6.142642948409843262e-01
3.061182376562608454e+01,0.000000000000000000e+00,-2.295374331584145583e-02
4.493740828160039058e+01,0.000000000000000000e+00,2.336946367951503234e+00
3.868738475113933362e+01,0.000000000000000000e+00,-1.083434787049577253e+01
3.473187534681142097e+01,0.000000000000000000e+00,-1.117105950035429673e-01
4.618379239980551887e+01,0.000000000000000000e+00,9.349350019469083506e+00
4.270896000753656807e+01,0.000000000000000000e+00,1.277577713949287741e+01
4.935854760227282867e+01,0.000000000000000000e+00,1.182078845452716642e+01
4.559586424082620937e+01,0.000000000000000000e+00,-1.410693911074884177e+00
3.653154079257408426e+01,0.000000000000000000e+00,-1.465073155137378791e+00
3.577348710581930646e+01,0.000000000000000000e+00,1.158846784769451410e-01
3.510372193289926912e+01,0.000000000000000000e+00,-8.789889381167419191e-02
4.055207963034015251e+01,0.000000000000000000e+00,1.255901482316388318e+01
3.514333497346694912e+01,0.000000000000000000e+00,-1.018907551784151155e-01
3.483750016806586558e+01,0.000000000000000000e+00,-1.525770852137852129e-01
1.507990807630000063e+01,0.000000000000000000e+00,-4.386267115149999787e-05
2.879799984266320934e+01,0.000000000000000000e+00,-7.616527746193505699e+00
4.252130204696516103e+01,0.000000000000000000e+00,6.091640633872124067e-01
3.276773212934543977e+01,0.000000000000000000e+00,7.711664965594589916e+00
3.414046060448848863e+01,0.000000000000000000e+00,7.095013935204032007e-01
3.247865952867414308e+01,0.000000000000000000e+00,-6.195099268983713520e-02
3.477038553204170768e+01,0.000000000000000000e+00,-1.616365640185537036e-02
2.925852457576186794e+01,0.000000000000000000e+00,-6.751362451949653731e-02
5.262708393317048206e+01,0.000000000000000000e+00,1.346515229163689042e+00
3.531358141896891567e+01,0.000000000000000000e+00,-7.744897888125883145e-02
3.511943344945867551e+01,0.000000000000000000e+00,1.807623677874946322e-02
2.457004866481846150e+01,0.000000000000000000e+00,-1.639140510376384974e+00
3.515769148446188552e+01,0.000000000000000000e+00,-5.735670440365148864e-02
3.470142634016558958e+01,0.000000000000000000e+00,-1.444825872885341367e-02
1.530581292539999971e+01,0.000000000000000000e+00,-1.981480458840000102e-04
3.549462441343327868e+01,0.000000000000000000e+00,-5.009008543613096415e-02
1.523395675939999983e+01,0.000000000000000000e+00,-1.850935612879999902e-04
3.037237419739651045e+01,0.000000000000000000e+00,-1.051830200705210173e-03
3.041087308944071310e+01,0.000000000000000000e+00,-4.113282702881041570e-04
2.797389992509430101e+01,0.000000000000000000e+00,-1.666624643048269811e-03
3.422498400541239505e+01,0.000000000000000000e+00,-5.917505746951640111e-01
3.513036275059495495e+01,0.000000000000000000e+00,4.393870287097942362e-01
3.501384065013596114e+01,0.000000000000000000e+00,-3.246194477462581440e-02
2.118206138115420245e+01,0.000000000000000000e+00,2.454118232860737214e-02
4.517137613446743671e+01,0.000000000000000000e+00,5.935057350743194071e+00
3.468931928408277088e+01,0.000000000000000000e+00,-1.166848286598974778e-02
3.430546901705073992e+01,0.000000000000000000e+00,-3.769949419178218481e-03
3.307201743847499387e+01,0.000000000000000000e+00,1.733396947549002975e+00
3.403521440851606883e+01,0.000000000000000000e+00,-5.901740125295993136e-03
2.674497928381997269e+01,0.000000000000000000e+00,-2.648111028108485351e-04
1.851684957084899352e+01,0.000000000000000000e+00,-1.011587407614285977e-02
3.568190577306759081e+01,0.000000000000000000e+00,4.620860550191477345e-02
4.550157200685134740e+01,0.000000000000000000e+00,1.287606759243093713e+01
2.902513644176564611e+01,0.000000000000000000e+00,-6.860535009904253356e-02
3.038960698160648732e+01,0.000000000000000000e+00,-2.303706148189169856e+00
4.021693181234913794e+01,0.000000000000000000e+00,-3.911851502209605869e+00
2.606088043995346126e+01,0.000000000000000000e+00,-1.710194727323539020e-03
3.471581282376462241e+01,0.000000000000000000e+00,-1.024261789429845894e-02
3.472669832257528810e+01,0.000000000000000000e+00,-1.743006143848458171e-03
2.702858018012024388e+01,0.000000000000000000e+00,-2.325345420659209392e-02
3.871112645792819329e+00,0.000000000000000000e+00,-6.795483369583565914e-01
3.494130624098943372e+01,0.000000000000000000e+00,-5.265829403741405512e-01
3.507414520858708329e+01,0.000000000000000000e+00,-8.172318994887049770e-02
3.646650071069043264e+01,0.000000000000000000e+00,1.120412842011524823e+01
3.292386563325725746e+01,0.000000000000000000e+00,5.525326722724178907e+00
3.647566246141739299e+01,0.000000000000000000e+00,1.119664230447621911e+01
3.487393184348419339e+01,0.000000000000000000e+00,-4.936237472273532351e-02
8.929785488316168696e+00,0.000000000000000000e+00,-6.899134078888642663e-02
3.464376986510931289e+01,0.000000000000000000e+00,-1.317500125123748089e-02
3.469388334051385669e+01,0.000000000000000000e+00,1.977244395384424758e+00
3.472324405766467237e+01,0.000000000000000000e+00,-5.276532623818828635e-03
2.284087611930762662e+01,0.000000000000000000e+00,-3.685591268390242211e-04
1.790202988963059738e+01,0.000000000000000000e+00,-1.294205720786603328e-02
3.465741079477248121e+01,0.000000000000000000e+00,-5.309474878570921014e-02
3.043229383927014808e+01,0.000000000000000000e+00,-2.271516380611568204e-03
3.494462766702889667e+01,0.000000000000000000e+00,6.704387163335508992e-01
4.017202565238667944e+01,0.000000000000000000e+00,4.029714252770724592e+00
3.512621147835485402e+01,0.000000000000000000e+00,1.183775479705284073e-01
3.170752199842297259e+01,0.000000000000000000e+00,-1.286890911941676263e+00
3.432608073563829265e+01,0.000000000000000000e+00,-5.425719944720699406e-01
3.193537269298370163e+01,0.000000000000000000e+00,-6.686667069867775932e-03
1.559711150769566501e+01,0.000000000000000000e+00,-1.103085210823334119e-04
4.353508462711663185e+01,0.000000000000000000e+00,7.692600365878032864e-01
3.448044162369673415e+01,0.000000000000000000e+00,-2.198792569807915022e-03
1.987850752167785728e+01,0.000000000000000000e+00,-7.948169052256676137e-02
4.223576778748017801e+01,0.000000000000000000e+00,-1.109833521161619707e+01
3.506323217179187424e+01,0.000000000000000000e+00,6.645264912450084438e+00
3.471204676541127299e+01,0.000000000000000000e+00,-1.751217297286282839e-03
3.468925376794842919e+01,0.000000000000000000e+00,-3.862680708127634588e-02
4.283123973196128986e+01,0.000000000000000000e+00,1.243537866343907439e+01
3.127693961094555419e+01,0.000000000000000000e+00,-1.228720953047393594e-03
3.045562042402052416e+00,0.000000000000000000e+00,-4.955076208783839586e-01
3.535716731856555839e+01,0.000000000000000000e+00,1.031359845144942111e-01
3.734043804091150331e+00,0.000000000000000000e+00,-1.184295046996117096e+00
2.874138447708263655e+01,0.000000000000000000e+00,-1.648672810506388142e+00
3.199290014047260655e+01,0.000000000000000000e+00,1.230896049511919985e-02
3.339085297506294125e+01,0.000000000000000000e+00,8.386649459536679174e+00
3.377772839509473357e+01,0.000000000000000000e+00,-3.852577063645718294e-03
2.875227126891348206e+01,0.000000000000000000e+00,-4.637803030188201309e-02
3.588896770141419523e+01,0.000000000000000000e+00,1.081028979318669769e+01
2.348182773929142098e+00,0.000000000000000000e+00,-7.276388620782806571e-01
4.706553288892045828e+01,0.000000000000000000e+00,-4.960116798258484394e+00
3.152820463552250274e+01,0.000000000000000000e+00,-3.093674761391886907e-01
4.239317930521809075e+01,0.000000000000000000e+00,-6.048062345134844087e+00
4.210015626222973140e+01,0.000000000000000000e+00,1.320894820232894951e+00
3.456111130192502401e+01,0.000000000000000000e+00,-1.085678229091523672e+00
4.442549216811394075e+01,0.000000000000000000e+00,-6.231657440268659975e+00
3.349629467052407250e+01,0.000000000000000000e+00,-2.690487657224684050e-03
3.477193632160089010e+01,0.000000000000000000e+00,-1.780707740669189645e-02
5.223410988735486171e+01,0.000000000000000000e+00,-5.569141526622354732e+00
3.467033640030909680e+01,0.000000000000000000e+00,2.678798112274827781e-01
3.280003045527276129e+01,0.000000000000000000e+00,-6.668992529379513812e-01
1.709900025767152698e+01,0.000000000000000000e+00,-6.305379550537698607e-01
3.977041894808888145e+01,0.000000000000000000e+00,-6.375834509631092217e+00
3.466917188794258209e+01,0.000000000000000000e+00,-2.301469408837048414e-03
3.488725884570215641e+01,0.000000000000000000e+00,-1.133847583339641363e-01
3.374094941311103213e+01,0.000000000000000000e+00,5.067633510233545024e+00
3.476590623049156648e+01,0.000000000000000000e+00,-3.239962776631135494e-02
2.812252303562723910e+01,0.000000000000000000e+00,1.110694882344153978e-01
2.962879124987665591e+01,0.000000000000000000e+00,2.512552713263569229e-02
3.483833733643493247e+01,0.000000000000000000e+00,-7.082593640204051799e-02
2.156263630464618331e+01,0.000000000000000000e+00,-3.275844120509638024e+00
5.092202631608497398e+01,0.000000000000000000e+00,-7.186426327538230296e+00
3.490566852319786761e+01,0.000000000000000000e+00,-1.295088038000269670e-01
5.225753590358649348e+01,0.000000000000000000e+00,-3.697165272365019462e+00
3.470065655612886246e+01,0.000000000000000000e+00,-7.059883391842135432e-03
4.349738023793841535e+01,0.000000000000000000e+00,1.010300178274650351e+00
3.191866105923982033e+01,0.000000000000000000e+00,-3.411205507057445963e-01
4.182094763054322328e+01,0.000000000000000000e+00,-9.062188230272859357e+00
3.508464389792553817e+01,0.000000000000000000e+00,-1.347467592843994144e-02
2.840403599787459399e+01,0.000000000000000000e+00,-9.320819888177659385e-01
3.474311919967070850e+01,0.000000000000000000e+00,-3.930681677921546262e-03
3.539703819709963994e+01,0.000000000000000000e+00,4.386492686888007753e-02
3.402515889162116736e+01,0.000000000000000000e+00,-5.411553580960502298e-03
2.570540917150536941e+01,0.000000000000000000e+00,-1.060074355318040729e+00
3.521069236450424000e+01,0.000000000000000000e+00,-8.652221392056198834e-02
2.153744582711175681e+01,0.000000000000000000e+00,-7.892528754004350056e+00
3.555500680744752628e+01,0.000000000000000000e+00,3.382699293414512254e-01
3.471300768887358146e+01,0.000000000000000000e+00,-7.932928397170730880e-03
1.510872173909999994e+01,0.000000000000000000e+00,-7.422647409880000374e-05
2.197222214379463878e+01,0.000000000000000000e+00,-3.823511498008566275e-04
3.233185278988067779e+01,0.000000000000000000e+00,-6.323438669323378641e-03
3.480358406894259105e+01,0.000000000000000000e+00,-8.557156147360080178e-02
4.588310891692837856e+01,0.000000000000000000e+00,-9.089808090569274412e+00
3.536997976539740307e+01,0.000000000000000000e+00,-3.279701989735914897e-02
3.589326982518286258e+01,0.000000000000000000e+00,3.157774827255704686e+00
3.612454138376621415e+01,0.000000000000000000e+00,1.018063640701263317e+00
3.023019318330961624e+01,0.000000000000000000e+00,-6.260244304346036515e+00
1.172694307066757169e+01,0.000000000000000000e+00,-4.386195587294874798e+00
2.562461974027857892e+01,0.000000000000000000e+00,-5.922501025057208199e-04
2.836373078791738678e+01,0.000000000000000000e+00,-2.881436700099958715e-04
2.997174639444486743e+01,0.000000000000000000e+00,-4.177441420515833580e-03
3.388887390812213596e+01,0.000000000000000000e+00,-3.954075327772865744e-01
2.903135991290074358e+01,0.000000000000000000e+00,-2.023251245616487868e-03
2.719657311279100753e+01,0.000000000000000000e+00,-1.702058761977353729e+00
3.901892175947384089e+01,0.000000000000000000e+00,1.211121733898888309e+01
1.541172549869999919e+01,0.000000000000000000e+00,-5.926106691990000127e-05
3.181834258462586007e+01,0.000000000000000000e+00,-5.132947518790715868e-01
3.089961190644239153e+01,0.000000000000000000e+00,-3.261189636164753547e-01
3.391054675701081322e+01,0.000000000000000000e+00,-4.118728760954418200e-01
3.090158768721542160e+01,0.000000000000000000e+00,3.788629539568853094e-02
3.159239661499838547e+01,0.000000000000000000e+00,-9.452310355530721409e-02
2.235069778359752490e+01,0.000000000000000000e+00,-4.066339314172649788e-04
3.374460387093709812e+01,0.000000000000000000e+00,-1.157375617860305697e-02
4.466936859661396397e+01,0.000000000000000000e+00,-1.052029018324866527e+01
3.078639920204162550e+01,0.000000000000000000e+00,-6.034287657737767187e-03
3.325739384041978042e+01,0.000000000000000000e+00,1.082827970000435069e+00
3.083397131811332770e+01,0.000000000000000000e+00,-1.147738345730502096e-03
1.539907823110000074e+01,0.000000000000000000e+00,-1.035378884179999961e-04
3.427752093237488396e+01,0.000000000000000000e+00,-8.396074465971923306e-01
3.027872423545861480e+01,0.000000000000000000e+00,-3.492414693262283487e-01
1.636621406326898054e+01,0.000000000000000000e+00,-5.351786667801120695e-03
3.186850656612563171e+01,0.000000000000000000e+00,-7.738327084196368055e-01
3.091182255704741877e+01,0.000000000000000000e+00,3.769336766298768016e+00
3.094044945265847346e+01,0.000000000000000000e+00,5.514490135338007804e+00
4.349886176273215455e+01,0.000000000000000000e+00,-4.912375132891726892e+00
4.306145415581352864e+01,0.000000000000000000e+00,3.432956899719004973e+00
2.627510753134084709e+01,0.000000000000000000e+00,-2.133532611425155727e-04
3.462913016671566879e+01,0.000000000000000000e+00,-1.348910672743624042e-02
3.091251208987814181e+01,0.000000000000000000e+00,-2.899938947777775007e-03
5.212378352802014803e+01,0.000000000000000000e+00,8.969796078851791421e+00
3.358272281614340926e+01,0.000000000000000000e+00,-1.088130499203306734e+00
3.502532432237300242e+01,0.000000000000000000e+00,-4.500721948005226986e-02
3.479002088838625895e+01,0.000000000000000000e+00,-2.017840764609358725e-02
2.576912972822571390e+01,0.000000000000000000e+00,-1.413485775097730922e-03
3.505532909101867745e+01,0.000000000000000000e+00,-5.326611809584485407e-02
2.950482770659757037e+01,0.000000000000000000e+00,-2.259024618837526255e-01
1.646663823595153886e+01,0.000000000000000000e+00,6.211745048534047728e-03
2.723626888921512190e+01,0.000000000000000000e+00,-4.060037518535870027e-01
3.416396068419311405e+01,0.000000000000000000e+00,-6.738959943164259947e+00
2.727626968686734088e+01,0.000000000000000000e+00,-4.338575167488843753e+00
2.239636471802368334e+01,0.000000000000000000e+00,-4.857117159487956901e-04
3.346000764136935857e+01,0.000000000000000000e+00,-9.092304849257619725e-01
2.287229984798947058e+01,0.000000000000000000e+00,-5.125437333247089278e+00
2.657288414879270633e+01,0.000000000000000000e+00,1.641168294782383756e-03
5.119360023539840654e+01,0.000000000000000000e+00,7.976042733814656671e+00
2.984699339486419589e+01,0.000000000000000000e+00,4.350078704994779777e+00
1.590901745833836856e+01,0.000000000000000000e+00,1.630528140660861985e-04
3.535040181271548931e+01,0.000000000000000000e+00,-1.060136631245004735e-01
1.831470426837799081e+01,0.000000000000000000e+00,1.156387169741548331e-03
2.777747486938357380e+00,0.000000000000000000e+00,-7.560039851339842576e-01
3.691645610291892154e+01,0.000000000000000000e+00,-1.906654716699268226e+00
3.594948100810906055e+01,0.000000000000000000e+00,1.076518582781117139e+01
1.527145119100000059e+01,0.000000000000000000e+00,4.934546588259999898e-04
4.202777145419290150e+01,0.000000000000000000e+00,6.809880940652345060e+00
1.592924433919279892e+01,0.000000000000000000e+00,5.762053077558059400e-06
3.523123624215911320e+01,0.000000000000000000e+00,-4.968203924194380949e-02
3.531604451266944267e+01,0.000000000000000000e+00,-6.025964829868578343e-02
2.409959015580156105e+01,0.000000000000000000e+00,-5.417839604239364521e-04
3.474073527233472447e+01,0.000000000000000000e+00,-4.177141565569170156e-02
3.491892141963126051e+01,0.000000000000000000e+00,-2.519751894270615966e-01
3.412171989664757632e+01,0.000000000000000000e+00,-2.065998288051193454e-03
2.219868480883026507e+01,0.000000000000000000e+00,-1.014374995721714807e-02
3.171075121610570235e+01,0.000000000000000000e+00,-2.273547755534962023e-01
3.461867018185575517e+01,0.000000000000000000e+00,-3.520870403914905158e-03
3.484688502404596022e+01,0.000000000000000000e+00,-2.859666273200980879e-02
3.491982876595207586e+01,0.000000000000000000e+00,-5.605518267525735898e-02
1.511298377510000002e+01,0.000000000000000000e+00,-7.871362264349999484e-05
3.297227197141673827e+01,0.000000000000000000e+00,-1.044377510937888505e-02
3.464491671641786041e+01,0.000000000000000000e+00,-1.702951004819011280e-02
2.380707794300208135e+01,0.000000000000000000e+00,-1.062566123945221088e-03
3.494918142362813285e+01,0.000000000000000000e+00,-2.807817080207112431e-02
4.515303445354663836e+01,0.000000000000000000e+00,3.031127105108411879e+00
3.372258365871373087e+01,0.000000000000000000e+00,1.253387676358951319e+00
3.952807527402601107e+00,0.000000000000000000e+00,-7.761404586366145164e-01
2.322449925938282433e+01,0.000000000000000000e+00,-2.246384550247220724e-01
3.542344550437422868e+01,0.000000000000000000e+00,-5.309588689395235844e-02
3.550256353555735700e+01,0.000000000000000000e+00,5.603975188872846180e-01
3.513298696526255327e+01,0.000000000000000000e+00,-1.102978254670852892e-01
3.169359090386222988e+01,0.000000000000000000e+00,-2.230277983039603562e-01
3.474722103756322156e+01,0.000000000000000000e+00,-9.436578245507183313e-03
3.476626643628333824e+01,0.000000000000000000e+00,-1.302876215370180925e-02
2.929417459110522159e+01,0.000000000000000000e+00,-1.022365384447074144e+00
3.518328083569097942e+01,0.000000000000000000e+00,-9.386167359485721520e-03
3.537346045606220457e+01,0.000000000000000000e+00,-1.624827392818312122e-01
3.541527984775638060e+01,0.000000000000000000e+00,1.310700553714574945e-01
2.792724658666763560e+01,0.000000000000000000e+00,-2.032635452947071861e-02
2.357741318889802429e+01,0.000000000000000000e+00,-3.797583744508097742e-04
3.567704401978603812e+01,0.000000000000000000e+00,3.247658538082903029e-02
4.209224358289999657e+01,0.000000000000000000e+00,9.615607593539999831e-01
3.489255645467277134e+01,0.000000000000000000e+00,-4.339667185764067847e-02
1.436470403959999942e+01,0.000000000000000000e+00,2.438619052050000104e-03
2.945299997521485480e+01,0.000000000000000000e+00,-1.409940649268811297e-01
3.259514961399212751e+01,0.000000000000000000e+00,-1.245003407786830635e-01
2.378421646962210900e+01,0.000000000000000000e+00,1.150602380262366262e-02
3.450798682189999766e+01,0.000000000000000000e+00,-1.624997341380000071e+00
3.111168289991852376e+01,0.000000000000000000e+00,-4.424918277473417066e-02
3.526252437296145104e+01,0.000000000000000000e+00,1.968604244440778916e-01
2.783523467127606921e+01,0.000000000000000000e+00,-2.234312993354132908e-04
3.468658809647131136e+01,0.000000000000000000e+00,-2.405316297026592349e-03
2.036452079291361628e+01,0.000000000000000000e+00,3.016657377953720683e-03
3.471653289358811634e+01,0.000000000000000000e+00,-7.155345616067987878e-03
2.568123974735299342e+01,0.000000000000000000e+00,-9.531142326383658424e-04
3.475112544795464231e+01,0.000000000000000000e+00,-1.372549265988081899e-02
2.276366422335677697e+01,0.000000000000000000e+00,-1.097060528954808790e-04
3.421047592294787165e+01,0.000000000000000000e+00,-1.327697119864079851e-02
3.454020926164572103e+01,0.000000000000000000e+00,-2.413322277641166136e-01
4.679083137732642683e+01,0.000000000000000000e+00,-9.109131025710519580e+00
3.455800525352491803e+01,0.000000000000000000e+00,-2.467452610011206231e-03
1.210507628382144141e+01,0.000000000000000000e+00,5.861262773870615922e-02
2.917910128020189564e+00,0.000000000000000000e+00,-4.635325688198886351e-01
2.896312545880645573e+01,0.000000000000000000e+00,1.152958535241920338e-02
3.107059490395518608e+01,0.000000000000000000e+00,5.775355162654922658e+00
3.809055947309431644e+01,0.000000000000000000e+00,1.207741821444279573e+01
2.928658084668144568e+01,0.000000000000000000e+00,4.976879220779065194e-03
2.625991820277505795e+01,0.000000000000000000e+00,-7.892249453743904698e-04
4.341119040671649998e+01,0.000000000000000000e+00,1.188489193643955488e+01
3.427608890050841239e+01,0.000000000000000000e+00,-2.343291036447646067e-03
2.934937163859795817e+01,0.000000000000000000e+00,-4.375596229617880750e-01
4.604260296062427926e+01,0.000000000000000000e+00,3.193722426813693449e+00
3.352459797504955219e+01,0.000000000000000000e+00,-3.832483956681705019e-03
2.680505789860898247e+01,0.000000000000000000e+00,-9.619387361600992836e-01
3.512105764196095947e+01,0.000000000000000000e+00,-1.201674194362469666e-01
3.465259724897273941e+01,0.000000000000000000e+00,-7.701881549633741129e-03
3.272119765773246769e+01,0.000000000000000000e+00,-1.093985143486440326e-01
3.504199649970408359e+01,0.000000000000000000e+00,2.966096166920757060e+00
3.465799898920001709e+01,0.000000000000000000e+00,-8.932850416133588517e-03
3.778571036069480016e+01,0.000000000000000000e+00,1.136011954441089067e+01
3.458943496764314318e+01,0.000000000000000000e+00,4.904743867677849312e-02
3.215504850344257193e+01,0.000000000000000000e+00,-7.177274902030491566e-01
2.675506893098011574e+01,0.000000000000000000e+00,-3.091055660642778109e-04
3.506406357581953159e+01,0.000000000000000000e+00,-1.612934469139084837e-01
3.470699883626518556e+01,0.000000000000000000e+00,-5.219535117016266441e-03
2.437479265134422590e+01,0.000000000000000000e+00,-6.715113270246233796e-04
3.471408102239892912e+01,0.000000000000000000e+00,-3.763998959704402490e-03
2.238228377333154739e+01,0.000000000000000000e+00,-1.437225539954643416e+00
2.237840547677963343e+01,0.000000000000000000e+00,-1.919991332708482850e-04
2.381997269047058552e+01,0.000000000000000000e+00,1.011009389001884520e-03
3.466370425827535229e+01,0.000000000000000000e+00,-1.052948309516442936e-02
4.597530511516181662e+01,0.000000000000000000e+00,5.309356024125533757e+00
3.453157768691843188e+01,0.000000000000000000e+00,2.778781043669371065e-01
2.402373278542661694e+01,0.000000000000000000e+00,-9.219141122546202277e-04
3.011289087457046065e+01,0.000000000000000000e+00,-3.412245720542860794e-01
4.081937817292724446e+01,0.000000000000000000e+00,8.314139117362266518e+00
1.149798383198016261e+01,0.000000000000000000e+00,-1.413339788711441170e+00
3.554907142378390716e+01,0.000000000000000000e+00,1.435545722207306474e+00
4.634012377734672583e+01,0.000000000000000000e+00,-9.079212978085790198e+00
3.527306732566324854e+01,0.000000000000000000e+00,-6.988375584245469507e-02
3.323665202138065666e+01,0.000000000000000000e+00,-5.861760799699036184e+00
3.467092719834171533e+01,0.000000000000000000e+00,-4.949733433795066272e-03
2.678397649641766520e+01,0.000000000000000000e+00,-5.411945600543555893e-04
3.474400090025756072e+01,0.000000000000000000e+00,-2.905876786815518933e-03
3.287060911343088065e+01,0.000000000000000000e+00,7.043945324939653307e-01
3.928329911135460861e+01,0.000000000000000000e+00,1.238072036413464083e+01
2.615857697955170380e+01,0.000000000000000000e+00,5.018470728850010429e-03
3.497041731915854257e+01,0.000000000000000000e+00,-8.486232553042184767e-02
3.494741926249314901e+01,0.000000000000000000e+00,-7.675415842456084770e-02
3.782741306903142942e+01,0.000000000000000000e+00,-2.742488784834228532e+00
2.987728445464617621e+01,0.000000000000000000e+00,-6.224170101986506269e-04
3.460073029953372981e+01,0.000000000000000000e+00,-4.945260680903423162e-02
3.291391565447045764e+01,0.000000000000000000e+00,7.955084057786209861e+00
3.138305876737674893e+01,0.000000000000000000e+00,-3.791819619013830737e-03
1.521898900439999913e+01,0.000000000000000000e+00,-1.742511855150000047e-04
3.297629520796188274e+01,0.000000000000000000e+00,-3.770047377621616458e-01
3.797891676625058466e+01,0.000000000000000000e+00,3.536661009061110583e+00
4.603277404134372119e+01,0.000000000000000000e+00,2.312876849930688206e+00
3.532184336820662907e+01,0.000000000000000000e+00,7.234372518915071382e+00
2.763250306450460414e+01,0.000000000000000000e+00,-1.410804970853120621e-01
2.017015613579718547e+01,0.000000000000000000e+00,-3.294355991904020405e-04
3.432905127261180667e+01,0.000000000000000000e+00,-4.181484950880299811e-01
3.509669819653706924e+01,0.000000000000000000e+00,-3.972242327052240979e-02
9.682686394117185458e+00,0.000000000000000000e+00,-3.764915712990807961e+00
5.343100666749086969e+01,0.000000000000000000e+00,-1.057735578413677935e+00
3.477108870434162924e+01,0.000000000000000000e+00,3.027363107320215074e-01
3.209594622289808541e+01,0.000000000000000000e+00,-1.034614057259300030e-01
3.154447098213247713e+01,0.000000000000000000e+00,-1.127823203575170519e+00
2.592897463192154461e+01,0.000000000000000000e+00,-1.809158329713891769e-03
5.227867394918401800e+01,0.000000000000000000e+00,5.900057307270067497e+00
3.477887043352873775e+01,0.000000000000000000e+00,-7.282206946218654220e-02
1.891108795284165112e+01,0.000000000000000000e+00,-2.433997769457476590e-01
4.435171956998620857e+01,0.000000000000000000e+00,1.094819431099378271e+01
2.953960020451861013e+01,0.000000000000000000e+00,3.778423891560491299e+00
3.186844651859719946e+01,0.000000000000000000e+00,-5.931575796221705277e-01
2.987041000383943157e+01,0.000000000000000000e+00,-5.610668589023625743e-04
1.295943884269999913e+01,0.000000000000000000e+00,6.075695181829999722e-03
3.529146593579348234e+01,0.000000000000000000e+00,3.697980083014578701e-01
3.483351296270301845e+01,0.000000000000000000e+00,-2.571258133831260534e-02
1.728718266191665620e+01,0.000000000000000000e+00,-4.258120238903531085e-01
2.573570893132516346e+01,0.000000000000000000e+00,-4.677436908099832924e-02
3.128567956244958737e+01,0.000000000000000000e+00,-3.411005419874763578e-01
3.452145044224617010e+01,0.000000000000000000e+00,-1.052571866522075794e+00
2.675196000953600972e+01,0.000000000000000000e+00,-5.766682122605906180e-01
3.236918002530902783e+01,0.000000000000000000e+00,5.776365535814689700e+00
4.394053044650699746e+01,0.000000000000000000e+00,6.072265868546644185e+00
3.518669372211520852e+01,0.000000000000000000e+00,-1.738817828158914225e-01
2.943043535191860371e+01,0.000000000000000000e+00,3.160760521185156102e-02
3.812511547479708440e+01,0.000000000000000000e+00,5.628560922787827714e+00
3.116006851667712141e+01,0.000000000000000000e+00,-4.129194980057068060e-02
3.530139301617217740e+01,0.000000000000000000e+00,-1.960529485166083996e-01
2.556867775524207786e+01,0.000000000000000000e+00,-2.308989823907844951e-04
3.756565458611701303e+01,0.000000000000000000e+00,8.253624626608314641e-01
3.259194596354222995e+01,0.000000000000000000e+00,-3.775935445992491535e-01
3.527623227067604006e+01,0.000000000000000000e+00,2.138739765101623225e-01
3.523636089545102124e+01,0.000000000000000000e+00,6.973220480151648415e-02
3.488795262799659724e+01,0.000000000000000000e+00,-2.767858426796385163e-01
3.474298299764090103e+01,0.000000000000000000e+00,-2.217461125912872921e-02
3.471909166334374675e+01,0.000000000000000000e+00,-5.117064541491443859e-03
2.845667123535137399e+00,0.000000000000000000e+00,-4.997477835029506821e-01
2.342671646183492129e+01,0.000000000000000000e+00,7.067508242955456224e-03
1.565680342659999980e+01,0.000000000000000000e+00,-1.424614116609999967e-04
3.480597812229584775e+01,0.000000000000000000e+00,-1.176083778943789737e-01
2.570436948267553134e+01,0.000000000000000000e+00,-2.342008169045483798e-02
3.064589219028415101e+01,0.000000000000000000e+00,3.187639542304147255e+00
3.411052966731482883e+01,0.000000000000000000e+00,-4.510115931783242882e-03
2.567874883839632361e+01,0.000000000000000000e+00,3.416600763310706414e-03
4.695730544772946047e+01,0.000000000000000000e+00,-6.863173715316932544e+00
3.372371895558417521e+01,0.000000000000000000e+00,-1.935734201467069525e-03
3.822861062071927307e+01,0.000000000000000000e+00,7.268530275809517605e+00
3.273898473409178678e+01,0.000000000000000000e+00,-8.312125930796427850e-03
3.569639129609346639e+01,0.000000000000000000e+00,-1.092263772780867015e+01
4.157859426314792017e+01,0.000000000000000000e+00,9.935229645440417201e+00
3.467544943416993419e+01,0.000000000000000000e+00,-2.311719596624421148e-03
4.827327890640636809e+01,0.000000000000000000e+00,-7.076718795186980770e+00
3.299562303711774547e+01,0.000000000000000000e+00,7.120075075203444293e+00
3.492583566307168041e+01,0.000000000000000000e+00,-4.417466796073429847e-02
2.736032459782149928e+01,0.000000000000000000e+00,-8.044551294569283941e-04
3.493143267376166961e+01,0.000000000000000000e+00,-4.819662658392376980e-02
3.112778727731455319e+01,0.000000000000000000e+00,-4.477061601169631810e-01
2.924389962009944099e+01,0.000000000000000000e+00,-4.033240693852869693e-03
4.013838267241766999e+01,0.000000000000000000e+00,6.149949048292160825e+00
2.070396822770669232e+01,0.000000000000000000e+00,1.209637113840352107e+00
3.474513575902655305e+01,0.000000000000000000e+00,-1.325275048560598141e-02
3.205850774588624574e+01,0.000000000000000000e+00,5.560587244709440213e+00
5.089287129178664770e+01,0.000000000000000000e+00,4.061521603864663987e+00
4.415988507550442677e+01,0.000000000000000000e+00,2.452909981454842736e+00
3.171804897001815959e+01,0.000000000000000000e+00,-1.695496054424017922e-03
5.461515308745784125e+01,0.000000000000000000e+00,-1.228335248279016495e-01
5.082998005759760929e+01,0.000000000000000000e+00,-4.878685998093279075e+00
3.461317494640000092e+01,0.000000000000000000e+00,-2.352528677170000085e-04
3.484234645264633912e+01,0.000000000000000000e+00,-2.055507308229176933e-01
4.228137126419999703e+01,0.000000000000000000e+00,7.432109622160000262e-01
2.791031509956375345e+01,0.000000000000000000e+00,-2.265928147884088500e-04
2.736242695522076218e+01,0.000000000000000000e+00,-9.122756391555250088e-01
3.995494616975611279e+01,0.000000000000000000e+00,1.276033417739166076e+01
2.738038157571987341e+01,0.000000000000000000e+00,-1.006128905814820951e-03
4.352549069332900444e+01,0.000000000000000000e+00,1.307022982384654775e+01
3.515155300708915576e+01,0.000000000000000000e+00,-9.438292533182313093e-02
4.453084563107938010e+01,0.000000000000000000e+00,1.285716897281544036e+01
5.012054295777925006e+01,0.000000000000000000e+00,1.053569871526348400e+01
2.694414083753657252e+01,0.000000000000000000e+00,-1.791085138415066721e-03
2.620673932497144065e+01,0.000000000000000000e+00,-3.720046456554774311e-04
3.536582818699362463e+01,0.000000000000000000e+00,8.601909586186311241e-02
3.463670354344166213e+01,0.000000000000000000e+00,-1.092272941229261579e-02
1.689135842316651903e+01,0.000000000000000000e+00,-4.147034580340211560e-05
3.201765458410935139e+01,0.000000000000000000e+00,7.033739448910266034e+00
2.784881110167064122e+01,0.000000000000000000e+00,-1.131064470053868565e+00
2.320086521043305083e+01,0.000000000000000000e+00,3.504478523254513176e-03
3.349929368797796059e+01,0.000000000000000000e+00,-1.151110440131097173e-02
3.454390437124272495e+01,0.000000000000000000e+00,-2.339612138587573720e-01
5.216056930858971263e+00,0.000000000000000000e+00,-6.514077205010053717e-01
3.543989811678314084e+01,0.000000000000000000e+00,1.490916927206650255e-01
3.526679718177316403e+01,0.000000000000000000e+00,-3.001486470402443540e-01
3.502928399712928353e+01,0.000000000000000000e+00,5.810541946173313210e-01
3.046545350133968455e+01,0.000000000000000000e+00,-2.890247680901080179e-03
2.895855099908805030e+01,0.000000000000000000e+00,-1.388825603827334920e-03
2.215058192412815430e+01,0.000000000000000000e+00,-7.232259051117651341e-04
2.562069528829346510e+01,0.000000000000000000e+00,3.807012225811118745e-03
3.411492084748756071e+01,0.000000000000000000e+00,-4.629307184586558543e-01
3.557646988699455193e+01,0.000000000000000000e+00,1.455088901442674332e-01
3.457512510410935391e+01,0.000000000000000000e+00,-3.425840850021858591e-02
4.474430576005220672e+01,0.000000000000000000e+00,1.141721298471387236e+01
1.584316007171322838e+01,0.000000000000000000e+00,3.183186485439333979e-04
1.642011762500445826e+01,0.000000000000000000e+00,-4.185563170855678194e+00
2.288274979349252192e+01,0.000000000000000000e+00,-5.102524012560585376e-04
3.114463563400549617e+01,0.000000000000000000e+00,-2.760724421072135448e-01
4.385297446194194038e+01,0.000000000000000000e+00,8.081212186128745145e+00
3.418230854066341351e+01,0.000000000000000000e+00,-4.597097984923742900e-03
3.251841482332157085e+01,0.000000000000000000e+00,-2.185262526133336866e-03
3.462927669854826007e+01,0.000000000000000000e+00,-6.019801026444837611e-01
2.671056107629454246e+01,0.000000000000000000e+00,-5.385004065505917259e-01
3.434472431182381058e+01,0.000000000000000000e+00,-1.639305487602079822e-02
2.684564989091181886e+01,0.000000000000000000e+00,2.745249940193687094e-02
5.060806682967744052e+01,0.000000000000000000e+00,-1.225546135384914415e+00
3.160032245844482901e+01,0.000000000000000000e+00,-3.640071881172071699e-02
3.151195502317381525e+01,0.000000000000000000e+00,3.268151065098173075e-02
5.303786995270521487e+01,0.000000000000000000e+00,-2.326122872992657076e+00
3.471014848821836551e+01,0.000000000000000000e+00,-2.870172674513905928e-03
3.469881381933656428e+01,0.000000000000000000e+00,-4.561439838072835554e-03
3.715134336109545021e+00,0.000000000000000000e+00,-6.536573965066223568e-01
3.564939457162334691e+01,0.000000000000000000e+00,-9.713269277206683372e-02
3.491612360324728570e+01,0.000000000000000000e+00,-4.029863223930099658e-02
3.372737018444328072e+01,0.000000000000000000e+00,-1.228518189978009857e-02
3.956077559567145130e+01,0.000000000000000000e+00,1.129600625723247553e+01
5.757966362006597727e+00,0.000000000000000000e+00,-5.735582864318441443e-01
3.491207121231573751e+01,0.000000000000000000e+00,-4.092459124774267681e-02
3.311711645594733966e+01,0.000000000000000000e+00,-8.240078583860797889e-03
2.580514819629768297e+01,0.000000000000000000e+00,-8.943426204635748888e+00
2.887266409019795432e+01,0.000000000000000000e+00,-6.088394615370393281e-02
3.229232395442657122e+01,0.000000000000000000e+00,1.808735892371420712e-02
2.790461043900521432e+01,0.000000000000000000e+00,2.083335914683718051e-02
3.170087285585269044e+01,0.000000000000000000e+00,-3.773787124665978765e-01
3.471472279476567024e+01,0.000000000000000000e+00,-1.879235851217166565e-03
3.524889386280550951e+01,0.000000000000000000e+00,1.799697417477996997e-01
3.506801051176792328e+01,0.000000000000000000e+00,-3.368334421075395990e-02
1.508931973600000020e+01,0.000000000000000000e+00,-5.354341983869999804e-05
3.467500328589053282e+01,0.000000000000000000e+00,-3.182078289302499568e-03
3.460279210853887122e+01,0.000000000000000000e+00,-1.080845555411099300e-02
3.576357601613932502e+01,0.000000000000000000e+00,-1.518032644474492099e-01
2.669004824382338725e+01,0.000000000000000000e+00,-2.087746840850187802e+00
3.089787427040297985e+01,0.000000000000000000e+00,-3.407688079967829409e-01
1.577195584614086066e+01,0.000000000000000000e+00,-2.223450433978345743e-04
3.524909601003187021e+01,0.000000000000000000e+00,-7.807897938812740080e-01
2.516276097069021489e+01,0.000000000000000000e+00,-1.176554906567443826e-02
3.134791932886716737e+01,0.000000000000000000e+00,-2.994860787469818316e-03
1.617449360647866285e+01,0.000000000000000000e+00,-4.733182515719177808e+00
3.441775215991166448e+01,0.000000000000000000e+00,6.923814476737788937e+00
3.243764707915573808e+01,0.000000000000000000e+00,-4.038657154486826606e-01
4.247375792752993817e+01,0.000000000000000000e+00,-6.850234734889220078e-01
3.511136413536654288e+01,0.000000000000000000e+00,-6.552802519342824927e-02
2.973044919695819033e+01,0.000000000000000000e+00,-4.493920341724931544e-03
3.538364287288047905e+01,0.000000000000000000e+00,4.148860261475939559e-01
3.725021575681414276e+01,0.000000000000000000e+00,1.475234672489497356e+00
4.063071754814312442e+01,0.000000000000000000e+00,7.245719693304712550e+00
3.217195291155410786e+01,0.000000000000000000e+00,7.281481638223537445e+00
3.456463009583983848e+01,0.000000000000000000e+00,1.082336096644255674e+00
