3.522412941691853661e+01,0.000000000000000000e+00,1.382415764107487559e-02
-2.416427561026801563e+00,0.000000000000000000e+00,1.548535526888505709e+00
3.698845852514418198e+01,0.000000000000000000e+00,-3.640758824027316432e-01
3.147402188940298728e+01,0.000000000000000000e+00,6.611855712193592804e-02
3.489292232606733535e+01,0.000000000000000000e+00,4.004558702654965191e-02
4.772563342357234717e+01,0.000000000000000000e+00,-5.487311520052502445e+00
4.809221755307346768e+01,0.000000000000000000e+00,-6.241056332114324867e+00
3.491397490993912101e+01,0.000000000000000000e+00,-2.028649843951734269e-02
3.678673001651701924e+01,0.000000000000000000e+00,7.379936094385092238e-01
3.420060635899999824e+01,0.000000000000000000e+00,-1.038696874890000066e+00
3.197529845012387995e+01,0.000000000000000000e+00,3.498845261601394446e-02
2.528894726920230696e+01,0.000000000000000000e+00,4.291861628497626452e-03
3.606523992879408524e+01,0.000000000000000000e+00,-3.076966024770806316e-02
3.647729969409781603e+01,0.000000000000000000e+00,7.887289414296890122e+00
3.571745422832919559e+01,0.000000000000000000e+00,-5.632163469129199129e-02
2.746629326396266180e+01,0.000000000000000000e+00,-3.584581660575494357e-03
4.556315777922680610e+01,0.000000000000000000e+00,6.843366116709427516e+00
3.592692399915196688e+01,0.000000000000000000e+00,-9.610207659885988685e-02
3.492000686988127001e+01,0.000000000000000000e+00,-8.974702552205178485e-03
1.474711922053534252e+01,0.000000000000000000e+00,-4.025051484920557643e-01
3.410700098370737976e+01,0.000000000000000000e+00,-1.556535203952364554e+00
3.719690132611898292e+01,0.000000000000000000e+00,-1.915078506837645245e+00
3.608981077652402547e+01,0.000000000000000000e+00,7.090916693703436025e+00
2.511424751403389521e+01,0.000000000000000000e+00,-6.835507766395405860e-02
2.653229113395798322e+01,0.000000000000000000e+00,4.429272110540245083e-03
-2.265890340894985311e+00,0.000000000000000000e+00,7.346420374832287603e-01
3.484631533236452583e+01,0.000000000000000000e+00,-5.272014834464001931e-02
2.068878816003895338e+01,0.000000000000000000e+00,6.859171675364460598e-04
3.565496543024341491e+01,0.000000000000000000e+00,-2.136032933024184788e-01
2.193907273595065632e+01,0.000000000000000000e+00,-9.129723382235386533e-04
2.319725870038939775e+01,0.000000000000000000e+00,2.141960627488087798e+00
2.983626757263582974e+01,0.000000000000000000e+00,4.136069000862470091e-01
3.396313019850675374e+01,0.000000000000000000e+00,-1.339656929880816971e+00
3.611832329992240176e+01,0.000000000000000000e+00,4.294477818975778738e-01
3.501389531104493358e+01,0.000000000000000000e+00,3.813518884808805159e-02
2.177914094528712496e+01,0.000000000000000000e+00,-4.318108570663766106e-04
-1.274904041636949259e+00,0.000000000000000000e+00,-8.059369833542009975e-02
3.560051213069764486e+01,0.000000000000000000e+00,-2.992922409256544736e+00
1.044748533928446221e+01,0.000000000000000000e+00,-5.091434212278087568e-01
3.554715964199740341e+01,0.000000000000000000e+00,5.863493847481709764e+00
4.973953045917846083e+01,0.000000000000000000e+00,-5.707611485426197229e-01
3.530184294079433016e+01,0.000000000000000000e+00,-6.379665103191650699e-02
2.072716623759009380e+01,0.000000000000000000e+00,-6.786514141884041063e-02
2.776218607523074411e+01,0.000000000000000000e+00,-5.096929552463205434e-03
3.490801662166857255e+01,0.000000000000000000e+00,5.159050779563507660e+00
2.447998894271883330e+01,0.000000000000000000e+00,1.893218844857789795e+00
2.262593671589227995e+01,0.000000000000000000e+00,-4.327057191633629785e+00
3.487535228209308968e+01,0.000000000000000000e+00,-1.040559274228841091e-01
3.586210544335538231e+01,0.000000000000000000e+00,1.270428110515834152e+00
4.153871206615538370e+01,0.000000000000000000e+00,1.202988686493349313e+01
1.974164936104716617e+01,0.000000000000000000e+00,9.220434593895767209e-04
2.070858064356275463e+01,0.000000000000000000e+00,-8.189061743942935442e-05
1.554870647595523536e+01,0.000000000000000000e+00,3.683284375615417799e-02
3.503252685359928620e+01,0.000000000000000000e+00,-1.144859980313782805e-01
3.504123499990682689e+01,0.000000000000000000e+00,-3.577263605119957585e-02
2.657427418467813141e+01,0.000000000000000000e+00,4.986688528590382807e-03
4.896602970106825836e+01,0.000000000000000000e+00,-3.900128231379105803e-01
3.519009900500969223e+01,0.000000000000000000e+00,-2.750333220616177354e-02
4.293999911741023112e+01,0.000000000000000000e+00,3.164529814154438014e+00
3.516264162425722617e+01,0.000000000000000000e+00,-7.961232623520730911e-02
1.179405600870000015e+01,0.000000000000000000e+00,-3.622891879580000026e-03
3.501996711641839255e+01,0.000000000000000000e+00,5.142080388983606004e-02
-7.105817750261564036e+00,0.000000000000000000e+00,1.286080864084905295e+00
2.679525332447306241e+01,0.000000000000000000e+00,-1.933635518377825808e-04
4.696664418560251875e+01,0.000000000000000000e+00,-6.362631049255487170e+00
4.400212891712721586e+01,0.000000000000000000e+00,-1.669810019052523575e+00
2.483653580175169395e+01,0.000000000000000000e+00,9.430773761315931671e-04
4.304881254647931854e+01,0.000000000000000000e+00,1.589786855555178402e+00
1.410761206805493551e+01,0.000000000000000000e+00,2.023305004017485437e-04
3.523647602373542753e+01,0.000000000000000000e+00,-1.425805240453428269e-01
2.904036493346729841e+01,0.000000000000000000e+00,-2.651214987340203333e+00
3.497287656072826678e+01,0.000000000000000000e+00,-3.012156900040363072e-01
-3.043563525376771661e+00,0.000000000000000000e+00,1.362437895277617939e+00
3.213034131946690053e+01,0.000000000000000000e+00,6.996583105674697656e+00
3.424069910371029124e+01,0.000000000000000000e+00,2.095847590104027783e-02
3.626092699518088125e+01,0.000000000000000000e+00,7.690391934855409506e-01
2.587808007823101875e+01,0.000000000000000000e+00,-5.043275191263329321e-02
3.700008364275445416e+01,0.000000000000000000e+00,9.050732860001840407e+00
4.844113405492941382e+01,0.000000000000000000e+00,6.174061063185472875e+00
3.437030022168050891e+01,0.000000000000000000e+00,-6.494800757807647588e-03
4.301076087178994811e+01,0.000000000000000000e+00,9.133208179747490663e-01
3.593960255302643958e+01,0.000000000000000000e+00,-2.510044577665882654e-02
2.904139978048675985e+01,0.000000000000000000e+00,5.266360474284647708e+00
3.223143680913917564e+01,0.000000000000000000e+00,5.929246967634530741e+00
2.011521292291413232e+01,0.000000000000000000e+00,-2.425740221967625398e+00
2.745137181262730053e+01,0.000000000000000000e+00,1.168965769350673728e-02
2.919972542714096519e+01,0.000000000000000000e+00,1.479422231025740754e-02
2.048687131158157015e+01,0.000000000000000000e+00,-5.137807772954580644e-04
3.448896738438822496e+01,0.000000000000000000e+00,-4.012072315341028150e-01
3.505627171718895596e+01,0.000000000000000000e+00,-3.445600146464215641e+00
3.522460109208026324e+01,0.000000000000000000e+00,-6.022934756784337901e-02
2.939321267919628156e+01,0.000000000000000000e+00,-4.222426480015031239e-04
3.594083100531785391e+01,0.000000000000000000e+00,-1.074703714419522060e-01
2.410682953095728109e+01,0.000000000000000000e+00,4.235661046481402868e-03
2.863351094196390534e+01,0.000000000000000000e+00,1.197678565318075622e-02
3.988364918262225700e+01,0.000000000000000000e+00,3.924320276234897209e-01
2.380753016402268329e+01,0.000000000000000000e+00,3.041534500862949457e-03
3.503913064988309145e+01,0.000000000000000000e+00,1.994811562056208326e-02
3.737666958382951776e+01,0.000000000000000000e+00,-1.795335635410628239e+00
1.999856979930184053e+01,0.000000000000000000e+00,-4.703483384682522583e+00
2.035317693122257765e+01,0.000000000000000000e+00,-1.759882348885003944e+00
4.269838929039204345e+01,0.000000000000000000e+00,4.375597515687569272e-01
3.546560318200354800e+01,0.000000000000000000e+00,4.329086208264769198e+00
2.014878202107997396e+01,0.000000000000000000e+00,-3.562646044895557799e-03
9.204701601784735843e+00,0.000000000000000000e+00,-2.333521124938557012e+00
3.241927430693421286e+01,0.000000000000000000e+00,-9.357652229766834084e-01
1.838148585003554203e+01,0.000000000000000000e+00,-1.858361883037778217e-01
4.972192302913254025e+01,0.000000000000000000e+00,4.861615947154734663e+00
2.044775644214195509e+01,0.000000000000000000e+00,-2.905811143465033761e-02
3.068481432175136803e+01,0.000000000000000000e+00,8.784738452482894477e-02
4.938223366913474166e+01,0.000000000000000000e+00,7.117957540221719448e+00
3.961081425405150469e+01,0.000000000000000000e+00,6.718705250299392695e+00
3.586740544331416203e+01,0.000000000000000000e+00,9.764171028790817886e+00
3.491101888122183539e+01,0.000000000000000000e+00,2.718809882804999051e-02
3.500095477893699325e+01,0.000000000000000000e+00,-1.208311412995521916e-02
3.668282035076727254e+01,0.000000000000000000e+00,1.818421122631451725e-01
3.583230637760930648e+01,0.000000000000000000e+00,4.052484855744997727e-01
3.463123886134909668e+01,0.000000000000000000e+00,-7.231858371364266347e+00
-2.733730524036184661e+00,0.000000000000000000e+00,1.598496517610749734e+00
4.618280128749808711e+01,0.000000000000000000e+00,-4.397891796745792448e+00
3.494830392248909590e+01,0.000000000000000000e+00,4.226876803439580388e-02
3.494004681419288971e+01,0.000000000000000000e+00,5.623792042637715261e-02
2.734027030949623693e+01,0.000000000000000000e+00,7.251190780237666278e-01
3.588850971701923243e+01,0.000000000000000000e+00,-1.521772569699631761e-01
1.649227731622122661e+01,0.000000000000000000e+00,1.331420884097582295e-02
4.719063679647725706e+01,0.000000000000000000e+00,-7.652026567119787792e+00
3.205025081010800392e+01,0.000000000000000000e+00,5.879882020006538430e-03
2.184726004388008747e+01,0.000000000000000000e+00,1.083077062112379257e-03
3.492428477532220654e+01,0.000000000000000000e+00,2.593566639757206166e-02
3.625427524354240916e+01,0.000000000000000000e+00,2.279263556970814036e-02
3.509237023457643545e+01,0.000000000000000000e+00,3.520180982738085190e-02
3.525363535080277444e+01,0.000000000000000000e+00,-1.383936766567109289e-01
3.497792133254665004e+01,0.000000000000000000e+00,4.731835984188588473e-02
4.834168271203031964e+01,0.000000000000000000e+00,7.895097124150495027e+00
3.038195967347650850e+01,0.000000000000000000e+00,4.232243489045555696e-01
5.320875123423071074e+01,0.000000000000000000e+00,1.778819155603492685e+00
2.577876628771605638e+01,0.000000000000000000e+00,4.943821986785163283e-03
3.558332701074689197e+01,0.000000000000000000e+00,-7.329331563723721910e-02
3.485853196229886919e+01,0.000000000000000000e+00,-7.794861076067576278e-01
3.515798484547013913e+01,0.000000000000000000e+00,-1.501174981843750311e-01
3.651487849716288281e+01,0.000000000000000000e+00,-4.533901977067735234e-01
2.773906557817073093e+01,0.000000000000000000e+00,3.332007203354052892e-03
1.940425814261941184e+01,0.000000000000000000e+00,1.366601528123711270e-03
1.404785192576138186e+01,0.000000000000000000e+00,2.241409538087989699e-06
3.537044827678647607e+01,0.000000000000000000e+00,-1.277773203252858536e-01
1.121919610612028251e+01,0.000000000000000000e+00,-4.920829678532462337e-02
3.357822342060083542e+01,0.000000000000000000e+00,5.252616418438821100e+00
3.527689161304101617e+01,0.000000000000000000e+00,-2.732440973654357008e-01
3.496745328063812508e+01,0.000000000000000000e+00,6.502189074440765937e-02
3.615353919516940095e+01,0.000000000000000000e+00,4.070497764508933081e+00
3.532139143065429465e+01,0.000000000000000000e+00,1.426078292408617006e-02
3.120119204928915480e+01,0.000000000000000000e+00,-7.531702589135467335e-03
3.508752246112498341e+01,0.000000000000000000e+00,1.275189812117516253e+00
3.502850454182934214e+01,0.000000000000000000e+00,5.557198371610852505e-02
3.529870681015215439e+01,0.000000000000000000e+00,-1.318167242436357078e+00
2.819801229622449412e+01,0.000000000000000000e+00,3.698069934996324637e+00
3.600112531821307726e+01,0.000000000000000000e+00,-2.203616705713274393e-01
3.766195014629620630e+01,0.000000000000000000e+00,-4.755387311385550042e+00
3.942457572948733002e+01,0.000000000000000000e+00,-8.898701493472502833e+00
3.538638400039969412e+01,0.000000000000000000e+00,-3.010121023213985572e-02
2.467377029960574220e+01,0.000000000000000000e+00,4.999663131155292900e-03
4.814120155399484702e+01,0.000000000000000000e+00,-1.311065863371142060e+00
3.542477480154826708e+01,0.000000000000000000e+00,-8.750808335743388844e-02
2.379259906793524593e+01,0.000000000000000000e+00,-8.674318973309336211e-04
3.578665835698291176e+01,0.000000000000000000e+00,-7.474879173687530576e-02
1.837631947459310666e+01,0.000000000000000000e+00,-4.108588218534471159e-04
2.332822281763784034e+01,0.000000000000000000e+00,6.063022583208665939e-01
3.534086807520063189e+01,0.000000000000000000e+00,-1.753626827466962412e+00
4.145250008356997995e+01,0.000000000000000000e+00,1.445268341265343093e+00
3.638106986932599796e+01,0.000000000000000000e+00,-6.326656047373400982e-02
3.493191613140021445e+01,0.000000000000000000e+00,-1.403766992801619776e-02
3.481229593284507473e+01,0.000000000000000000e+00,-1.827657552018113751e+00
3.555461496078669370e+01,0.000000000000000000e+00,-2.094586243716048124e-01
3.530932409939364902e+01,0.000000000000000000e+00,1.274265885356427042e+00
3.576341211223680006e+01,0.000000000000000000e+00,-3.700259090263194328e-02
3.067444254573280915e+01,0.000000000000000000e+00,7.008679863572754402e-03
2.852837842654243516e+01,0.000000000000000000e+00,1.064242358513268344e-02
3.559190207529999839e+01,0.000000000000000000e+00,-2.109661434319999973e+00
3.506767269200505410e+01,0.000000000000000000e+00,5.178890285382690972e-02
3.456259707860755981e+01,0.000000000000000000e+00,-3.873977327935854031e+00
3.433603612047042475e+01,0.000000000000000000e+00,-1.200241163695484836e+00
3.066978528257296688e+01,0.000000000000000000e+00,2.742921315888450715e-02
4.150805502900727362e+01,0.000000000000000000e+00,-1.273051938133219041e+00
1.175404589186529591e+01,0.000000000000000000e+00,-2.691223600066351418e-01
4.066942523227279338e+01,0.000000000000000000e+00,1.198073589904317338e+01
1.456939173179999969e+01,0.000000000000000000e+00,6.082438082110000347e-04
1.891837101036748336e+01,0.000000000000000000e+00,-3.298273291850931229e-04
2.228919502193868851e+01,0.000000000000000000e+00,8.351098205478949543e-01
2.807305631070152785e+01,0.000000000000000000e+00,9.382399561392666329e-03
3.323762724624268117e+01,0.000000000000000000e+00,7.777135787916934717e+00
3.200197339354691906e+01,0.000000000000000000e+00,7.385934967114899941e-01
3.485353836698587315e+01,0.000000000000000000e+00,5.630843523320760297e-02
3.624371367121698029e+01,0.000000000000000000e+00,1.725241762916467081e-01
3.892421883782377989e+01,0.000000000000000000e+00,-5.026651322462115878e+00
2.826023070987189101e+01,0.000000000000000000e+00,-5.784081960864380534e+00
3.594704614073980053e+01,0.000000000000000000e+00,-1.065903914958416486e-02
1.472933387004621508e+01,0.000000000000000000e+00,-3.373136989983995925e-03
3.628944750866019575e+01,0.000000000000000000e+00,1.102136072447281456e-01
-3.561699312086995750e+00,0.000000000000000000e+00,1.641973037586767159e+00
3.657761810997681806e+01,0.000000000000000000e+00,1.426916855823367580e+00
3.514815655843333531e+01,0.000000000000000000e+00,-3.318645274213851554e-02
4.316165551398933786e+01,0.000000000000000000e+00,3.777170128928927451e+00
2.810288547029812989e+01,0.000000000000000000e+00,6.910505787425005875e-02
2.182668498271110025e+01,0.000000000000000000e+00,9.400375367496299978e-04
3.532437236033586458e+01,0.000000000000000000e+00,6.841967582275555043e-03
3.996029781623475685e+01,0.000000000000000000e+00,1.238420104210413797e+01
4.408166082749566073e+01,0.000000000000000000e+00,-1.587291419963481109e+00
-5.802171168920654765e+00,0.000000000000000000e+00,6.196075540822529870e-01
3.606632654948960237e+01,0.000000000000000000e+00,-6.458141913790090172e+00
4.267928941431263468e+01,0.000000000000000000e+00,3.738530360893994042e-01
1.142741291953319194e-01,0.000000000000000000e+00,4.878573169326174130e-01
2.144661787304453071e+01,0.000000000000000000e+00,1.093433160695524320e+00
2.436376730026642434e+01,0.000000000000000000e+00,2.167558179362927273e-01
3.545418578869927728e+01,0.000000000000000000e+00,-2.573519193278411832e-02
3.502123993030096472e+01,0.000000000000000000e+00,3.991325059659953101e-02
-3.603922139593421559e+00,0.000000000000000000e+00,1.431953959649924890e+00
4.451183012058113775e+01,0.000000000000000000e+00,9.167290293766796605e-01
3.508711335030487533e+01,0.000000000000000000e+00,4.918061519869442594e-02
3.496640721918438288e+01,0.000000000000000000e+00,3.243561413244941405e-02
3.537796285801036333e+01,0.000000000000000000e+00,-1.647706382402421010e-01
3.537643894059760186e+01,0.000000000000000000e+00,-4.925634272816943771e+00
4.603082354440738300e+01,0.000000000000000000e+00,-6.709897824759008422e+00
3.139613978805732586e+01,0.000000000000000000e+00,1.550478780451201508e-02
3.982969247600688334e+01,0.000000000000000000e+00,1.226664489437209937e+01
1.767016220997520648e+01,0.000000000000000000e+00,2.746032214446690795e-04
2.933725512942164571e+01,0.000000000000000000e+00,1.849545917411855811e+00
2.444904714121940970e+01,0.000000000000000000e+00,4.060840021849243357e-03
3.568588216019276871e+01,0.000000000000000000e+00,-3.174485821801879215e+00
3.546333756836263973e+01,0.000000000000000000e+00,7.187494496707184100e-01
3.450409416820313169e+01,0.000000000000000000e+00,-5.621439506293938182e-01
1.946721191871171186e+01,0.000000000000000000e+00,1.440672054196315451e-03
3.577644239168744633e+01,0.000000000000000000e+00,-2.080503267184908786e-02
3.501459594290175659e+01,0.000000000000000000e+00,6.056287939312370028e-02
3.604672703480638773e+01,0.000000000000000000e+00,-1.485130454080495557e-02
3.621566687851078115e+01,0.000000000000000000e+00,-9.910110783205149099e-02
2.803270577396490637e+01,0.000000000000000000e+00,1.216119521885573179e-02
3.462676079080993929e+01,0.000000000000000000e+00,5.993872534146194031e-02
3.479096853092907082e+01,0.000000000000000000e+00,-2.595518465804679487e+00
2.851980402246344326e+01,0.000000000000000000e+00,-3.693958785988706636e-03
3.738562162442575243e+01,0.000000000000000000e+00,-1.099505356946793189e+00
2.323496258936372172e+01,0.000000000000000000e+00,-9.021211188333539419e-04
3.247718723861159873e+01,0.000000000000000000e+00,3.380886028106129537e-02
3.488316710775449536e+01,0.000000000000000000e+00,4.946160827859304165e-02
2.729755436458811957e+01,0.000000000000000000e+00,-1.479824534237742795e-01
2.766649146787309732e+01,0.000000000000000000e+00,-2.743771617532933960e-03
2.326763422452372509e+01,0.000000000000000000e+00,-4.313792900137602038e-04
3.320689482058782716e+01,0.000000000000000000e+00,1.755933098843983839e-02
1.930662685177552262e+01,0.000000000000000000e+00,-1.284687103610327175e-01
3.598623817133822200e+01,0.000000000000000000e+00,1.496640061980256675e+00
1.913056783228101665e+01,0.000000000000000000e+00,-3.843804506457769943e+00
3.511588900482256292e+01,0.000000000000000000e+00,-4.220013610146047811e-01
1.965807209925222310e+01,0.000000000000000000e+00,-2.253922248689160628e-03
3.381177188424674540e+01,0.000000000000000000e+00,5.066350674991653147e-01
-2.805976634996673713e+00,0.000000000000000000e+00,9.975059191637503098e-01
3.650230285475254988e+01,0.000000000000000000e+00,8.452027736018440152e+00
3.479415777964093337e+01,0.000000000000000000e+00,4.098411797504922932e-02
1.429306698679999954e+01,0.000000000000000000e+00,4.429659629259999755e-04
3.450967757511302381e+01,0.000000000000000000e+00,-3.590175386830432469e+00
3.483121202276820583e+01,0.000000000000000000e+00,-1.688474667316048006e+00
3.990170221498033243e+01,0.000000000000000000e+00,1.063417213495111469e+01
4.778297727935385808e+01,0.000000000000000000e+00,1.049247273919782764e+01
1.362164731039820253e+01,0.000000000000000000e+00,3.545911966745847552e-03
-4.790933797693648799e+00,0.000000000000000000e+00,1.567357017038137457e+00
3.178261760798509172e+01,0.000000000000000000e+00,1.745907132039115628e-01
4.441338343860743265e+01,0.000000000000000000e+00,5.286725361856476013e+00
2.988064058788939548e+01,0.000000000000000000e+00,-9.866153674255924433e-02
1.680854639812627838e+01,0.000000000000000000e+00,8.345877771252512289e-01
1.416315333319504255e+01,0.000000000000000000e+00,2.838526267788312211e-04
2.940655218397829884e+01,0.000000000000000000e+00,-1.676127035477304739e-01
3.589261012484123370e+01,0.000000000000000000e+00,-6.034185974889544335e-02
3.602656706818883947e+01,0.000000000000000000e+00,-2.920406845517927175e-01
3.590402395242918487e+01,0.000000000000000000e+00,-3.121632664340542179e-02
4.065277687896520575e+01,0.000000000000000000e+00,6.177427418834833261e+00
3.621153792741929323e+01,0.000000000000000000e+00,2.611578221977534260e-03
3.561086514322138896e+01,0.000000000000000000e+00,-7.518177009824211776e-02
3.266604929392973844e+01,0.000000000000000000e+00,-2.987311161610011756e-01
2.635955230526237614e+01,0.000000000000000000e+00,-1.383736757040981329e-03
4.391025551993774911e+01,0.000000000000000000e+00,-7.296715680576273400e+00
3.725393310179636330e+01,0.000000000000000000e+00,6.873437769977581713e-01
3.528088266032519016e+01,0.000000000000000000e+00,-1.904815210878209597e-01
4.910450626558346698e+01,0.000000000000000000e+00,8.197544250710937064e+00
3.541410870384164156e+01,0.000000000000000000e+00,-1.008634820825149159e-01
1.642695196815033754e+01,0.000000000000000000e+00,4.078447579516677178e-04
1.811542108067518697e+01,0.000000000000000000e+00,1.722191762553919661e-02
7.579683918379999774e+00,0.000000000000000000e+00,-1.798009315830000066e-02
3.623201212983902764e+01,0.000000000000000000e+00,2.285388351405494012e-01
3.493372505741203327e+01,0.000000000000000000e+00,6.064710030380919201e-03
1.384684500460534373e+01,0.000000000000000000e+00,7.965747995340491903e-04
3.121318300663941514e+01,0.000000000000000000e+00,5.165883819595763066e-02
4.881116346848025955e+01,0.000000000000000000e+00,5.208155871886453347e+00
4.869870171720962304e+01,0.000000000000000000e+00,1.047741144598170671e+01
3.454419380426517705e+01,0.000000000000000000e+00,8.998650975186438944e-03
3.975559261305753012e+01,0.000000000000000000e+00,9.664983864347558296e+00
2.127480345952883312e+01,0.000000000000000000e+00,-7.396146105177883257e-04
-3.620556699149938495e+00,0.000000000000000000e+00,1.618130105897678694e+00
2.430302765069704307e+01,0.000000000000000000e+00,3.332243373298652056e+00
3.360159646634858177e+01,0.000000000000000000e+00,3.342603530484439034e+00
3.594930808911545483e+01,0.000000000000000000e+00,-6.245820946253637374e+00
-2.022637082305669409e+00,0.000000000000000000e+00,-4.735136291366461858e-01
3.135858456008190132e+01,0.000000000000000000e+00,5.175043641420372376e-03
1.681332783996144542e+01,0.000000000000000000e+00,8.709650569661630355e-04
2.719762949542251462e+01,0.000000000000000000e+00,-5.959278624963706972e-02
3.485355742225510056e+01,0.000000000000000000e+00,9.324459671719256826e-03
3.500799437661775215e+01,0.000000000000000000e+00,1.261017971253157628e-02
2.214676268807511406e+01,0.000000000000000000e+00,4.480712115429773788e-03
3.620598712385255169e+01,0.000000000000000000e+00,1.781227537332557287e-01
3.486309006959346846e+01,0.000000000000000000e+00,2.040589469506512779e-02
2.577253480727578605e+01,0.000000000000000000e+00,-8.913251112544918336e-04
3.586170710219501956e+01,0.000000000000000000e+00,-4.312062188865745799e-02
2.250311754946869769e+01,0.000000000000000000e+00,-1.054218783203345923e-03
3.486580694125080271e+01,0.000000000000000000e+00,-5.871966612415718129e-03
3.487199331682271719e+01,0.000000000000000000e+00,6.679285270352906811e-02
3.495914030877597867e+01,0.000000000000000000e+00,4.802237511868340941e-02
-5.448297616021608114e+00,0.000000000000000000e+00,3.143363862431562405e-01
3.529917485912954334e+01,0.000000000000000000e+00,-2.495180609416730241e-03
3.571772899453073791e+01,0.000000000000000000e+00,-4.454222719237119321e+00
3.479981657920758664e+01,0.000000000000000000e+00,1.932454832720647220e+00
3.024469897625585446e+01,0.000000000000000000e+00,5.233949862926335683e+00
2.714715638362227068e+01,0.000000000000000000e+00,9.797994755407987005e-03
5.796996440402834239e+00,0.000000000000000000e+00,-8.499330159054872824e-02
3.484485934256476014e+01,0.000000000000000000e+00,5.462756296946574830e-02
3.980200097368902590e+01,0.000000000000000000e+00,-9.206780872819102512e+00
1.976056294416854442e+01,0.000000000000000000e+00,7.593663593201706568e-04
3.414132215307957807e+01,0.000000000000000000e+00,1.427583766603576429e-02
3.661826009302136242e+01,0.000000000000000000e+00,-1.906135250474382814e-01
3.475334768607505964e+01,0.000000000000000000e+00,-3.935658402723285487e-01
3.677434600364371420e+01,0.000000000000000000e+00,-4.143068291500379807e+00
3.699684797241755518e+01,0.000000000000000000e+00,4.574681679251690891e-01
3.747793792209057528e+01,0.000000000000000000e+00,-4.134618165966114312e+00
3.491219926211793734e+01,0.000000000000000000e+00,1.375396027101144329e-02
3.291609308898949138e+01,0.000000000000000000e+00,8.766969175874279596e-01
3.544537450343258200e+01,0.000000000000000000e+00,-1.945901598197574689e-02
2.051503317431820861e+01,0.000000000000000000e+00,4.729903209309857352e-03
1.411725954263889093e+01,0.000000000000000000e+00,2.191238349631261417e-04
1.998838425971951693e+01,0.000000000000000000e+00,1.405862457799832675e-03
2.866525371204898676e+01,0.000000000000000000e+00,-5.817398740660612022e-01
1.222184351640542133e+01,0.000000000000000000e+00,-1.646043331079462269e-02
3.537038881830781634e+01,0.000000000000000000e+00,-3.831741477158764342e-01
2.728004793554644536e+01,0.000000000000000000e+00,-3.850474207818098665e-03
4.327723692010127365e+01,0.000000000000000000e+00,-7.370604979999485273e+00
3.075907249196376725e+01,0.000000000000000000e+00,2.762821329418218338e-03
4.142284031546074630e+01,0.000000000000000000e+00,1.146634771848334289e+01
1.412667735048086293e+01,0.000000000000000000e+00,3.302126451491463880e-05
3.606554445077809845e+01,0.000000000000000000e+00,3.289338336663785167e-01
4.551873558480092896e+01,0.000000000000000000e+00,3.201744459677551280e+00
1.736540434746035899e+01,0.000000000000000000e+00,1.459246767678787707e-02
2.757027315236891596e+01,0.000000000000000000e+00,5.681496302260892195e-01
4.618578380996731880e+01,0.000000000000000000e+00,1.499801403136008737e+00
3.059482916719827728e+01,0.000000000000000000e+00,-6.915019475181978237e-01
-1.893175279723403825e+00,0.000000000000000000e+00,1.296318111928779215e+00
3.611041122369923784e+01,0.000000000000000000e+00,-6.091355783185757600e-02
1.929685697609932760e+01,0.000000000000000000e+00,-1.369106784189998843e-02
3.385247671494769151e+01,0.000000000000000000e+00,1.965004924844566403e-01
4.059540396832893805e+01,0.000000000000000000e+00,1.253046183433000849e+01
3.655278356679581719e+01,0.000000000000000000e+00,-6.440236778942561857e-01
3.714707013224851551e+01,0.000000000000000000e+00,-4.438971000022795543e+00
5.032257664143052978e+01,0.000000000000000000e+00,4.635660755277548617e+00
2.288526073385710546e+01,0.000000000000000000e+00,-4.173666678763463672e-02
4.924496389889037573e+01,0.000000000000000000e+00,9.445687763989960573e+00
3.442972726379999671e+01,0.000000000000000000e+00,-8.645121353839999370e-03
1.542258093575788358e+01,0.000000000000000000e+00,-4.453719819205415389e-03
3.505605526367057223e+01,0.000000000000000000e+00,4.353038068645419950e-02
4.178362528064690906e+01,0.000000000000000000e+00,2.083918497197389197e+00
-4.184339775554205332e+00,0.000000000000000000e+00,1.619988849667467035e+00
3.501407786101400177e+01,0.000000000000000000e+00,1.823868221380301954e-02
3.398925699349999974e+01,0.000000000000000000e+00,-6.090637053749999863e-01
2.925515528015255029e+01,0.000000000000000000e+00,1.526963516459549884e-02
2.895744924168998580e+01,0.000000000000000000e+00,1.159480726757591493e-02
4.489315063356970370e+01,0.000000000000000000e+00,-6.719176696356435663e+00
4.037556697831277575e+01,0.000000000000000000e+00,-6.218250763180682483e+00
3.524018797384066204e+01,0.000000000000000000e+00,-4.781102838561557267e-01
2.336918222149818192e+01,0.000000000000000000e+00,1.163339136588645469e-02
3.557136541167660226e+01,0.000000000000000000e+00,-2.506948586443817906e-01
3.496325556550289093e+01,0.000000000000000000e+00,-9.098877874121001283e-03
4.597580174909116124e+01,0.000000000000000000e+00,-2.580879774006213712e+00
3.591061925877562544e+01,0.000000000000000000e+00,3.910177136837431067e-01
2.374986414875676743e+01,0.000000000000000000e+00,-7.956650588743677949e-03
3.599928482609464453e+01,0.000000000000000000e+00,-1.295382792546091177e-01
-1.948492041413927289e+00,0.000000000000000000e+00,9.306426463173022023e-01
3.224040272245677841e+01,0.000000000000000000e+00,-4.501300775978396736e-03
1.785468779532645200e+01,0.000000000000000000e+00,6.981090340608325578e-05
3.628035169919778724e+01,0.000000000000000000e+00,-3.867357871827562660e-02
3.482847099847131744e+01,0.000000000000000000e+00,2.153911323964587468e-02
3.503496390044919195e+01,0.000000000000000000e+00,2.951572251762524690e+00
3.656005619288509934e+01,0.000000000000000000e+00,9.053898866285424063e+00
2.465029846348897635e+01,0.000000000000000000e+00,4.906807363632102736e-03
3.022159640094449884e+01,0.000000000000000000e+00,8.709775307595613372e-03
3.530337119403260004e+01,0.000000000000000000e+00,1.866992449888359162e-02
1.930655628508218058e+01,0.000000000000000000e+00,1.250915000240444179e-03
3.479007511755136051e+01,0.000000000000000000e+00,-4.694043220583046794e-02
4.074331864013121418e+01,0.000000000000000000e+00,-6.173594153936303286e+00
2.720477794388222392e+01,0.000000000000000000e+00,1.187294437564172071e-02
3.498909308308316213e+01,0.000000000000000000e+00,-4.565103071568608201e-02
2.882828352437247688e+01,0.000000000000000000e+00,1.536073166802059131e-01
3.483591971364585760e+01,0.000000000000000000e+00,5.326905999285166254e-02
-2.495634634151096876e+00,0.000000000000000000e+00,-3.928908484341153140e-01
-3.569095772071021688e+00,0.000000000000000000e+00,1.646832405770978669e+00
3.187550637713181700e+01,0.000000000000000000e+00,1.469146723844186667e-02
2.298376359731102170e+01,0.000000000000000000e+00,8.596621319986296611e-04
3.547741890232696704e+01,0.000000000000000000e+00,6.078441721916016949e-03
4.057855430647784800e+01,0.000000000000000000e+00,-1.484861647925955985e+00
3.455487157799999665e+01,0.000000000000000000e+00,-1.465668940220000049e+00
3.475478304210007252e+01,0.000000000000000000e+00,-9.531139644303021630e-02
3.335883771387543817e+01,0.000000000000000000e+00,-3.688950339816584462e-03
3.496492280075295156e+01,0.000000000000000000e+00,6.346934331885401015e-02
2.382108340873137919e+01,0.000000000000000000e+00,-3.847065308363571023e-05
3.526802525113478737e+01,0.000000000000000000e+00,-4.596834054875004738e-01
1.692904271577839381e+01,0.000000000000000000e+00,-6.767429645612641192e-04
3.038192248265779227e+01,0.000000000000000000e+00,-3.974035263759032738e-03
4.121548998983360690e+01,0.000000000000000000e+00,2.837187155283722007e+00
1.979233411637386197e+01,0.000000000000000000e+00,-3.197123595597634645e-04
-5.827189149960683601e+00,0.000000000000000000e+00,2.006385249938299253e+00
1.516219130137722182e+01,0.000000000000000000e+00,-1.123361781309814176e-03
-1.770083491263884090e+00,0.000000000000000000e+00,1.204068599436374454e+00
2.205112380080442591e+01,0.000000000000000000e+00,1.785847494093278226e-02
4.181907109007875079e+01,0.000000000000000000e+00,1.030470038674647881e+01
3.589698515242324106e+01,0.000000000000000000e+00,-3.937489157030804598e-01
3.091220675231048531e+01,0.000000000000000000e+00,1.746130679553952944e-02
3.625940752971506953e+01,0.000000000000000000e+00,3.025028539942218458e-02
3.374269423455627503e+01,0.000000000000000000e+00,4.562086485782190781e-02
3.541436614452461384e+01,0.000000000000000000e+00,-2.479926506359777516e+00
1.009969000090000080e+01,0.000000000000000000e+00,8.957056801289999329e-03
3.634735759150267143e+01,0.000000000000000000e+00,1.885559623017513786e+00
4.441124308813314769e+01,0.000000000000000000e+00,-6.934081142368442308e+00
3.528459310912834468e+01,0.000000000000000000e+00,-3.877273030129023412e-02
4.296773611888223598e+01,0.000000000000000000e+00,9.517036348102587695e+00
3.548393243384795426e+01,0.000000000000000000e+00,1.942025228058976653e-03
3.497550829877796019e+01,0.000000000000000000e+00,4.774007752678749439e-02
4.520034873923595597e+01,0.000000000000000000e+00,1.199164097421134834e+01
5.168919858216737850e+01,0.000000000000000000e+00,3.298921954112797206e+00
3.658933324271815479e+01,0.000000000000000000e+00,1.007895408392059977e+01
3.207207011639312810e+01,0.000000000000000000e+00,-2.514220628103928767e+00
5.013732289107769446e+01,0.000000000000000000e+00,-5.495349491786117646e+00
3.620954085067968009e+01,0.000000000000000000e+00,2.400041450069843041e-01
3.906488772113999630e+01,0.000000000000000000e+00,4.822075561414536082e+00
3.353903670983454788e+01,0.000000000000000000e+00,5.095756101078405265e-02
2.239664850488079395e+01,0.000000000000000000e+00,-1.871163341799879918e-04
3.731309288322882622e+01,0.000000000000000000e+00,1.093998214438947159e+01
5.353175930679186934e+01,0.000000000000000000e+00,2.486096079616676668e+00
3.669134920780194165e+01,0.000000000000000000e+00,6.309981824430451747e-01
3.570378436386566534e+01,0.000000000000000000e+00,9.786036663343568136e-04
3.570658787740505602e+01,0.000000000000000000e+00,6.386625267507135106e+00
1.897312880754375186e+01,0.000000000000000000e+00,-4.426282420138361040e+00
3.107084426912620501e+01,0.000000000000000000e+00,1.396590663607920335e-01
2.491634481339933416e+01,0.000000000000000000e+00,-5.304076660008028021e+00
3.585213710256596897e+01,0.000000000000000000e+00,-4.324262235731966136e-02
1.845390576085830148e+01,0.000000000000000000e+00,3.681994385415972015e-01
4.944954747302019626e+01,0.000000000000000000e+00,-5.250885172755021202e+00
5.077528154900995361e+01,0.000000000000000000e+00,5.562960502380842165e+00
1.045978897097059068e+01,0.000000000000000000e+00,-1.267784672229611331e+00
3.524377667148620930e+01,0.000000000000000000e+00,-1.638494081369769595e-01
2.780874837817975020e+01,0.000000000000000000e+00,-5.130007454271213324e-03
3.168678178995760675e+01,0.000000000000000000e+00,-8.785153775554528990e-03
3.496639826285361607e+01,0.000000000000000000e+00,4.399365167248126679e-02
1.372886563457343456e+01,0.000000000000000000e+00,3.563715944260972216e-03
5.311964709488527170e+00,0.000000000000000000e+00,-1.742006120632216548e-01
4.088115794958292071e+01,0.000000000000000000e+00,6.609953237584433872e+00
1.881190458009836419e+01,0.000000000000000000e+00,7.583232668817403233e-05
3.483232514831719584e+01,0.000000000000000000e+00,-1.489953609625245257e-01
3.566409035313908760e+01,0.000000000000000000e+00,-9.815303729661660481e-02
-4.367695255868492943e+00,0.000000000000000000e+00,1.606389983886788775e+00
3.490900903836259772e+01,0.000000000000000000e+00,-8.345247362051083639e-01
3.620301826672550760e+01,0.000000000000000000e+00,3.342557427021174976e-01
3.499408546687958932e+01,0.000000000000000000e+00,-5.489944489265202211e-03
6.347230503398968438e+00,0.000000000000000000e+00,-3.737576828386754424e-01
2.873808841141276105e+01,0.000000000000000000e+00,4.394074837567747416e+00
2.551440335452798536e+01,0.000000000000000000e+00,1.792784025819192878e-03
3.294584293372830075e+01,0.000000000000000000e+00,-4.659443877433859349e+00
4.810405691279620299e+01,0.000000000000000000e+00,4.951779560725579010e+00
3.619596626671007300e+01,0.000000000000000000e+00,-1.953751934013944203e+00
4.430450360898307594e+01,0.000000000000000000e+00,-1.779889933426750392e-01
3.729231390281304215e+01,0.000000000000000000e+00,4.616171421927020013e+00
1.635241510763087902e+01,0.000000000000000000e+00,1.847794227504156615e-04
3.484086799418579972e+01,0.000000000000000000e+00,5.198888256511682154e-02
2.969659548963707962e+01,0.000000000000000000e+00,-3.170211223166423120e-01
4.330873004720112363e+01,0.000000000000000000e+00,-9.449037616596928757e+00
3.485529932345293247e+01,0.000000000000000000e+00,5.011740343605287917e-02
3.486734570474958872e+01,0.000000000000000000e+00,5.903795517486213479e-02
3.532330168543865057e+01,0.000000000000000000e+00,-4.648845672209158536e-03
3.254384809305756221e+01,0.000000000000000000e+00,-3.838589504188716361e-01
3.233625234211221766e+01,0.000000000000000000e+00,-1.589194421440253135e-01
2.748803424954261132e+01,0.000000000000000000e+00,-2.851581337969767791e-03
2.730322484549308015e+01,0.000000000000000000e+00,-1.090568843852863373e-01
3.615602584318065027e+01,0.000000000000000000e+00,4.320005673214365460e-01
3.482166740726658105e+01,0.000000000000000000e+00,3.353694414176125460e-02
2.912058699734565081e+01,0.000000000000000000e+00,-5.148318501721683114e-03
3.506096921800986621e+01,0.000000000000000000e+00,1.169528234550396006e-02
3.484754859705957131e+01,0.000000000000000000e+00,1.779054261763170219e-02
3.602429576187282123e+01,0.000000000000000000e+00,-2.621370230055204975e-01
-4.950015188903113206e+00,0.000000000000000000e+00,1.529613501426473343e+00
2.541541488794048931e+01,0.000000000000000000e+00,5.124732723123221791e-03
3.755598331008930302e+01,0.000000000000000000e+00,6.489892646688019129e-01
5.237360699672296249e+01,0.000000000000000000e+00,-1.981813900026993647e+00
4.258346804196818880e+01,0.000000000000000000e+00,-5.074979216548316074e+00
3.559914151737887522e+01,0.000000000000000000e+00,6.327317237387687365e-01
3.611262281233444327e+01,0.000000000000000000e+00,1.021025015280524961e+01
3.669543427676126868e+01,0.000000000000000000e+00,-9.489158301554989627e-02
3.493926056195260088e+01,0.000000000000000000e+00,4.143240756069671571e-02
3.563956876961756137e+01,0.000000000000000000e+00,-2.016823121905577665e-01
3.642588040954392170e+01,0.000000000000000000e+00,-3.585472727159571549e-01
3.397397022079999829e+01,0.000000000000000000e+00,-4.600623117479999968e-01
3.031776926475547640e+01,0.000000000000000000e+00,2.525646291964668902e-02
3.509242576586459705e+01,0.000000000000000000e+00,-3.930847427640643543e-01
3.169297862112221154e+01,0.000000000000000000e+00,-7.527556573436955389e-03
2.804703327997260232e+01,0.000000000000000000e+00,-8.029787247396789895e-02
3.565329128644194157e+01,0.000000000000000000e+00,-1.180285780998688722e-01
3.356574526171647932e+01,0.000000000000000000e+00,1.079866350210490600e+00
2.467891703284393756e+01,0.000000000000000000e+00,3.345784682389932405e-03
3.469710926401473472e+01,0.000000000000000000e+00,-1.804879356645387734e-02
1.672990927841646602e+00,0.000000000000000000e+00,-8.988348649190001094e-01
3.523781938922978441e+01,0.000000000000000000e+00,2.969695620608964887e-02
2.851688992986046856e+01,0.000000000000000000e+00,-9.247375200299583512e-04
3.378144672960422668e+01,0.000000000000000000e+00,-2.683967726694156952e-01
3.510113405915365092e+01,0.000000000000000000e+00,7.711198127134762624e-03
3.079329251409530244e+01,0.000000000000000000e+00,-7.116800879809864235e-03
3.489858394425318977e+01,0.000000000000000000e+00,4.577113670784832555e-02
2.725477198526294842e+01,0.000000000000000000e+00,-2.244717481000980008e+00
3.568230697917363869e+01,0.000000000000000000e+00,-1.194860700048559765e-01
4.307587607157968534e+01,0.000000000000000000e+00,-1.818552644944964491e+00
3.483045487811126151e+01,0.000000000000000000e+00,4.937711681548508785e-02
3.285539400445961178e+01,0.000000000000000000e+00,-1.468411349453096204e-01
4.023999725557656859e+01,0.000000000000000000e+00,3.408485450993870014e-01
3.325958566000221595e+01,0.000000000000000000e+00,-8.598311513854773810e-03
3.444243651281195184e+01,0.000000000000000000e+00,3.245413534917305359e-02
2.437319940849528876e+01,0.000000000000000000e+00,-2.296772392720468001e-02
4.239802361809549325e+01,0.000000000000000000e+00,8.399543435652813139e-01
-2.100462653914276778e+00,0.000000000000000000e+00,1.544263344606686461e+00
3.764599641508338124e+01,0.000000000000000000e+00,2.034837111308155144e+00
2.852068775502725728e+01,0.000000000000000000e+00,-4.395849317662852470e-04
3.955605452349495721e+01,0.000000000000000000e+00,-6.557057000134795643e+00
3.280549400284183292e+01,0.000000000000000000e+00,-1.142503267056957927e+00
2.429294048823155805e+01,0.000000000000000000e+00,-2.539806958139708554e-02
4.537643489556429444e+01,0.000000000000000000e+00,2.374525886730616264e+00
3.904000847593511025e+01,0.000000000000000000e+00,-7.957753428020427400e+00
3.504537092536378395e+01,0.000000000000000000e+00,-2.331752479078843809e-01
4.680055626518822010e+01,0.000000000000000000e+00,9.283683079699722285e+00
4.282312355607915322e+01,0.000000000000000000e+00,1.249880227778920272e+01
4.649692800317969699e+01,0.000000000000000000e+00,1.101835553549465629e+01
4.595373592364668980e+01,0.000000000000000000e+00,-1.576838139490246649e+00
3.735774960145342760e+01,0.000000000000000000e+00,-2.038236431616157862e+00
3.660568804843584445e+01,0.000000000000000000e+00,1.926932468711324009e-01
3.580359085202747593e+01,0.000000000000000000e+00,-9.458741101787979111e-02
4.097640222184242020e+01,0.000000000000000000e+00,1.233582680228562900e+01
3.585286101172652451e+01,0.000000000000000000e+00,-1.132771534585866186e-01
3.528678110104038268e+01,0.000000000000000000e+00,-2.691643854902586730e-01
1.412683526750000063e+01,0.000000000000000000e+00,3.008972013510000034e-04
2.548313930463065802e+01,0.000000000000000000e+00,-4.746796745800851092e+00
4.284175765542219239e+01,0.000000000000000000e+00,9.161878303533762535e-01
3.338508727902534190e+01,0.000000000000000000e+00,7.566949160462180579e+00
3.492119900833250057e+01,0.000000000000000000e+00,9.432696416232146941e-01
2.599291306093251919e+01,0.000000000000000000e+00,-6.385468323751282427e-02
3.511161639059585582e+01,0.000000000000000000e+00,9.871196188481638767e-03
2.245120993706214918e+01,0.000000000000000000e+00,-1.058522210803995167e-01
5.346060537301337234e+01,0.000000000000000000e+00,1.251833881994877551e+00
3.614834328044081246e+01,0.000000000000000000e+00,-5.298343424357611353e-02
3.278521755239229662e+01,0.000000000000000000e+00,4.835444195491693520e-02
1.566644040916325054e+01,0.000000000000000000e+00,-3.733005051202983093e+00
3.599081897175368283e+01,0.000000000000000000e+00,-3.275417400769885939e-02
3.490092910136165472e+01,0.000000000000000000e+00,4.714423426192002400e-03
1.400266203580000024e+01,0.000000000000000000e+00,-3.919555171980000006e-05
3.631262601988552063e+01,0.000000000000000000e+00,-1.454514405529617506e-02
1.399166157800000043e+01,0.000000000000000000e+00,-2.323322077990000030e-05
2.755972959203256067e+01,0.000000000000000000e+00,7.584244389229215233e-03
2.449493375854498112e+01,0.000000000000000000e+00,-9.564619764195458548e-03
2.499204629779204012e+01,0.000000000000000000e+00,1.189991116978204031e-04
3.537025766167224106e+01,0.000000000000000000e+00,-7.186666596092644577e-01
3.598962092111255373e+01,0.000000000000000000e+00,5.813211352018289313e-01
3.564867954999110111e+01,0.000000000000000000e+00,-4.364085603669693413e-03
1.771041565186461497e+01,0.000000000000000000e+00,3.010356079681336325e-02
4.569479325621222188e+01,0.000000000000000000e+00,5.923478462026144697e+00
3.511594830579088011e+01,0.000000000000000000e+00,3.184377579602601371e-02
3.396818028796581501e+01,0.000000000000000000e+00,4.321861168634986289e-02
3.406444423452666115e+01,0.000000000000000000e+00,2.037295168557013092e+00
3.216451248921216433e+01,0.000000000000000000e+00,1.690028330608862178e-02
2.460501223280814642e+01,0.000000000000000000e+00,4.729426162151810324e-03
1.194225752520150863e+01,0.000000000000000000e+00,-4.374774364193004250e-02
3.650872626124266418e+01,0.000000000000000000e+00,1.080382535926017878e-01
4.423244300589967537e+01,0.000000000000000000e+00,1.229001985938965547e+01
2.206677417256013740e+01,0.000000000000000000e+00,-1.213576340945500126e-01
3.509733681942169170e+01,0.000000000000000000e+00,-5.352067764732717947e+00
4.162492664206143900e+01,0.000000000000000000e+00,-3.663288286756222867e+00
2.321079108049283946e+01,0.000000000000000000e+00,-1.091482567753792720e-03
3.492810429196008215e+01,0.000000000000000000e+00,2.194756115559725468e-02
3.486345177165662790e+01,0.000000000000000000e+00,6.161867424576666225e-02
2.181712316261034701e+01,0.000000000000000000e+00,-1.630496644047242302e-02
-5.203031365677779796e+00,0.000000000000000000e+00,1.484809490371908236e+00
3.560199230414229987e+01,0.000000000000000000e+00,-6.658560366807089181e-01
3.575870486929777314e+01,0.000000000000000000e+00,-8.777949459024227130e-02
3.707427363398229403e+01,0.000000000000000000e+00,1.098417721820892901e+01
3.403851328306221546e+01,0.000000000000000000e+00,5.622357664308911929e+00
3.709725145898159582e+01,0.000000000000000000e+00,1.098103912303012919e+01
3.536728906331903488e+01,0.000000000000000000e+00,-5.674445361707766700e-02
-3.531051874210000108e+00,0.000000000000000000e+00,-2.216122412750000034e-02
3.474082456035064581e+01,0.000000000000000000e+00,-1.366792496760053065e-02
3.559103504850125432e+01,0.000000000000000000e+00,2.180902838698421498e+00
3.492100035376361689e+01,0.000000000000000000e+00,4.294277849234320876e-02
2.041698397740834992e+01,0.000000000000000000e+00,3.363611921414636288e-04
9.068735069387399150e+00,0.000000000000000000e+00,-6.378914920969794289e-02
3.481738537067533201e+01,0.000000000000000000e+00,-1.284700689811698049e-01
2.728695418275367146e+01,0.000000000000000000e+00,2.560184162631207617e-03
3.580322366741684448e+01,0.000000000000000000e+00,8.396967244758261062e-01
4.084143080558988714e+01,0.000000000000000000e+00,4.172746588512563193e+00
3.402585840019848007e+01,0.000000000000000000e+00,1.942943365835755609e-01
3.463360585704985084e+01,0.000000000000000000e+00,-2.929143958496001066e+00
3.485826747631563194e+01,0.000000000000000000e+00,-1.267456369140362193e+00
2.852254838633487211e+01,0.000000000000000000e+00,-3.947508460117052712e-03
1.405772537532338617e+01,0.000000000000000000e+00,5.274916929354361985e-05
4.391599815715148480e+01,0.000000000000000000e+00,8.189620724456155854e-01
3.497778023767136801e+01,0.000000000000000000e+00,6.735843119571212345e-02
4.311159770213999209e+00,0.000000000000000000e+00,-2.531592171918847778e-01
4.052926941629870328e+01,0.000000000000000000e+00,-9.335361631856352815e+00
3.601229433152575155e+01,0.000000000000000000e+00,6.674192561869104701e+00
3.484075120298778216e+01,0.000000000000000000e+00,5.736804645812455111e-02
3.489710177856046158e+01,0.000000000000000000e+00,-7.186666358824429779e-02
4.338068584147809759e+01,0.000000000000000000e+00,1.228749739920936257e+01
2.851739638978658320e+01,0.000000000000000000e+00,1.049585531176755460e-02
-1.777973865103300355e+00,0.000000000000000000e+00,1.410362861660339417e+00
3.623937579892815819e+01,0.000000000000000000e+00,1.896481871470571123e-01
-1.738840963245834370e+00,0.000000000000000000e+00,1.006721356225180664e+00
3.227454792788046234e+01,0.000000000000000000e+00,-4.633671424401485162e+00
2.821063469495546627e+01,0.000000000000000000e+00,2.259759080547338664e-02
3.424007528688748891e+01,0.000000000000000000e+00,8.272681167316511264e+00
3.183725940542456456e+01,0.000000000000000000e+00,2.087842584935963031e-02
2.256967886267955237e+01,0.000000000000000000e+00,-5.070066208708624150e-02
3.656608033270295266e+01,0.000000000000000000e+00,1.060921180317589219e+01
-3.178635026526106522e+00,0.000000000000000000e+00,1.382089468905552065e+00
4.751574811327447634e+01,0.000000000000000000e+00,-5.098461136915237724e+00
3.382270447188234641e+01,0.000000000000000000e+00,-1.703698776413291316e-01
4.379235968371779819e+01,0.000000000000000000e+00,-5.545809689075885451e+00
4.200520054140001491e+01,0.000000000000000000e+00,1.461460994896290666e+00
3.546006713853552128e+01,0.000000000000000000e+00,-1.660119185880487347e+00
4.535733014074616420e+01,0.000000000000000000e+00,-5.965739152074151619e+00
3.148531721851569998e+01,0.000000000000000000e+00,2.250429855179710351e-02
3.511510951289393034e+01,0.000000000000000000e+00,5.090268220762634091e-03
4.930963135771956729e+01,0.000000000000000000e+00,-5.262196896419077063e+00
3.325081514867422072e+01,0.000000000000000000e+00,3.809818635885189320e-01
3.507320257921752926e+01,0.000000000000000000e+00,-8.355454891110242199e-01
-2.213060599015765462e+00,0.000000000000000000e+00,-3.541687221030567767e-01
4.214126403105439067e+01,0.000000000000000000e+00,-5.446619692457173478e+00
3.477070638892869425e+01,0.000000000000000000e+00,3.882123927878702863e-02
3.537967414423088997e+01,0.000000000000000000e+00,-1.799934718179548032e-01
3.476767021638568167e+01,0.000000000000000000e+00,5.178883699921780881e+00
3.509829659773493660e+01,0.000000000000000000e+00,-3.557536042709137647e-02
2.380350144633929688e+01,0.000000000000000000e+00,1.359065463776413518e-01
2.587909582466629388e+01,0.000000000000000000e+00,3.588607078592757904e-02
3.527707443172661073e+01,0.000000000000000000e+00,-1.084943706521245416e-01
3.435754801890557264e+00,0.000000000000000000e+00,-1.559079079277275737e+00
4.827225795097623262e+01,0.000000000000000000e+00,-6.778427483754989602e+00
3.541621104256808650e+01,0.000000000000000000e+00,-2.046781735585578021e-01
4.935643285545980774e+01,0.000000000000000000e+00,-3.507117894483200882e+00
3.487238310272886110e+01,0.000000000000000000e+00,3.118656592923986504e-02
4.389533790782883926e+01,0.000000000000000000e+00,1.090290575589559996e+00
3.515952469746048337e+01,0.000000000000000000e+00,-1.473608559617290703e-01
4.379286481245547691e+01,0.000000000000000000e+00,-7.735736258335625060e+00
3.309071244204853457e+01,0.000000000000000000e+00,5.585040496098680682e-03
3.020435304866478532e+01,0.000000000000000000e+00,-2.616935689500504036e+00
3.499199066361602917e+01,0.000000000000000000e+00,5.538857409943647586e-02
3.627911309533538997e+01,0.000000000000000000e+00,1.140130176710478643e-01
3.223329662178163346e+01,0.000000000000000000e+00,1.895969643299994650e-02
1.838426295988346126e+01,0.000000000000000000e+00,-3.127251849257701277e+00
3.599912011700981651e+01,0.000000000000000000e+00,-7.661768750801066508e-02
8.369110132628791998e-01,0.000000000000000000e+00,1.586713408113105961e-01
3.640175182977396418e+01,0.000000000000000000e+00,4.506677777759404702e-01
3.491013516745029222e+01,0.000000000000000000e+00,3.013465370232328369e-02
1.402592165529999946e+01,0.000000000000000000e+00,1.415007658469999907e-04
1.957051106164965049e+01,0.000000000000000000e+00,1.026921190809970826e-04
2.874709768446772884e+01,0.000000000000000000e+00,-2.114557362300790479e-03
3.520072501339024740e+01,0.000000000000000000e+00,-1.482343757014264185e-01
4.659166575485541273e+01,0.000000000000000000e+00,-8.606988433347403600e+00
3.624917944188786834e+01,0.000000000000000000e+00,1.493039033245561684e-02
3.675973989084592120e+01,0.000000000000000000e+00,3.324417601287236845e+00
3.696519805346808596e+01,0.000000000000000000e+00,1.180961543614467812e+00
3.588731124285416740e+01,0.000000000000000000e+00,-6.262976563346087211e+00
-1.045723134049848735e+00,0.000000000000000000e+00,4.638737250715911919e-01
2.299918332424059031e+01,0.000000000000000000e+00,1.050123201754201048e-03
2.639331841804543188e+01,0.000000000000000000e+00,8.571930364244972900e-03
2.663565617736565727e+01,0.000000000000000000e+00,-2.363828351079664582e-03
3.530359980458743507e+01,0.000000000000000000e+00,-2.328071587201810677e-01
2.578472741520004519e+01,0.000000000000000000e+00,1.057426883109517787e-04
2.813246719433119836e+01,0.000000000000000000e+00,-4.795803018682559760e+00
3.965821204100053166e+01,0.000000000000000000e+00,1.193181164849270637e+01
1.400611613050000059e+01,0.000000000000000000e+00,8.499165565530000419e-05
3.509701369826444051e+01,0.000000000000000000e+00,-4.566655747628027284e-01
3.091127411696606941e+01,0.000000000000000000e+00,-3.016273193622711624e-01
3.530933218688928577e+01,0.000000000000000000e+00,-2.697213888275121207e-01
2.694929737069739772e+01,0.000000000000000000e+00,5.344045224724131016e-02
2.510151811634464991e+01,0.000000000000000000e+00,-8.986066879010318198e-02
1.841221738972937416e+01,0.000000000000000000e+00,-9.881861741731362016e-05
3.072981061262967373e+01,0.000000000000000000e+00,-5.567198550839064231e-03
4.315719006500980726e+01,0.000000000000000000e+00,-9.473552597742219916e+00
2.738032137076722350e+01,0.000000000000000000e+00,-4.642858991108718240e-03
3.289954351966417789e+01,0.000000000000000000e+00,1.325857907905584554e+00
2.803218088433838062e+01,0.000000000000000000e+00,8.854226425483011434e-03
1.401447416240000088e+01,0.000000000000000000e+00,3.240635221019999839e-05
3.542811622308605735e+01,0.000000000000000000e+00,-1.304461938908894947e+00
2.971416671989730318e+01,0.000000000000000000e+00,-4.827842958943738827e-01
1.202096024909094751e+01,0.000000000000000000e+00,-1.751298470719584235e-02
3.478978297635813277e+01,0.000000000000000000e+00,-1.237874219182860003e+00
2.830298751690001424e+01,0.000000000000000000e+00,3.506900767620291681e+00
2.847741896961833774e+01,0.000000000000000000e+00,4.974956996695455658e+00
4.436149919560754284e+01,0.000000000000000000e+00,-4.884101413013553383e+00
4.358714202951711059e+01,0.000000000000000000e+00,3.541945344342729562e+00
2.158964479825991845e+01,0.000000000000000000e+00,-1.038057940503173820e-03
3.469891515439743301e+01,0.000000000000000000e+00,-2.521101156118473949e-02
2.769925365404497697e+01,0.000000000000000000e+00,1.964883176681506832e-03
4.983002674989408121e+01,0.000000000000000000e+00,8.476034891074196054e+00
3.522584754381776406e+01,0.000000000000000000e+00,-1.969198241639328995e+00
3.580470414633513343e+01,0.000000000000000000e+00,-2.120316744556122873e-02
3.538856385295223106e+01,0.000000000000000000e+00,1.499466719579104282e-02
2.297722779277372140e+01,0.000000000000000000e+00,-7.538970406533125395e-04
3.584688655298867843e+01,0.000000000000000000e+00,-3.196076802408876621e-02
2.364415684207468971e+01,0.000000000000000000e+00,-4.786644245964478683e-01
1.361858617507650315e+01,0.000000000000000000e+00,7.700647151748895268e-03
1.856250221752323881e+01,0.000000000000000000e+00,-1.231294814896052303e+00
3.975739770611991730e+01,0.000000000000000000e+00,-6.208445200575956946e+00
2.778555549097280775e+01,0.000000000000000000e+00,-5.701440675668409064e+00
1.982903980832018576e+01,0.000000000000000000e+00,-9.397609175405750002e-05
3.513770313619628638e+01,0.000000000000000000e+00,-1.530091796294519746e+00
5.870757320237633081e+00,0.000000000000000000e+00,-1.385972226577187438e+00
2.352776995373850255e+01,0.000000000000000000e+00,3.829995034766891290e-03
5.140909655928819433e+01,0.000000000000000000e+00,7.883961564346760653e+00
2.571470279632278633e+01,0.000000000000000000e+00,3.743671488430497352e+00
1.405335824540074618e+01,0.000000000000000000e+00,3.934836392246827616e-04
3.614317484405352587e+01,0.000000000000000000e+00,-9.721734664079802191e-02
1.583978229900790069e+01,0.000000000000000000e+00,1.791501309684950241e-03
-2.102417074198221769e+00,0.000000000000000000e+00,1.225238146299401532e+00
3.797441542913193047e+01,0.000000000000000000e+00,-2.435827047217313357e+00
3.669863928388524954e+01,0.000000000000000000e+00,1.058797763392277425e+01
1.372426379330000046e+01,0.000000000000000000e+00,8.138656825449999991e-04
4.265070677925587717e+01,0.000000000000000000e+00,6.823532286675653147e+00
1.411626066708654292e+01,0.000000000000000000e+00,1.889370457203913372e-04
3.608641194347923431e+01,0.000000000000000000e+00,-1.947622973973581542e-02
3.618324951703961290e+01,0.000000000000000000e+00,-2.559684119477061148e-02
2.141388341651872196e+01,0.000000000000000000e+00,1.239386615176187370e-04
3.503673092953543033e+01,0.000000000000000000e+00,-6.479335283001418089e-02
3.546324466066541703e+01,0.000000000000000000e+00,-4.095555869413076699e-01
3.418705243933991511e+01,0.000000000000000000e+00,5.498777157511964414e-02
1.833014001397874537e+01,0.000000000000000000e+00,-7.657301882402974512e-03
3.091391934303155153e+01,0.000000000000000000e+00,-1.472681766641776024e-01
3.465894058905008279e+01,0.000000000000000000e+00,-5.272379898661573756e-03
3.544616681863310248e+01,0.000000000000000000e+00,-4.207161826786631406e-03
3.546901501109942245e+01,0.000000000000000000e+00,-6.307139673352267495e-02
1.401978370680000019e+01,0.000000000000000000e+00,1.249642781379999956e-04
2.948799994770000410e+01,0.000000000000000000e+00,-7.206787339421836212e-03
3.474924661472530829e+01,0.000000000000000000e+00,-2.566439339752520088e-02
2.121677889314120691e+01,0.000000000000000000e+00,-6.791317473191628516e-04
3.533228505907942463e+01,0.000000000000000000e+00,-1.015427691293037740e-03
4.560913426394317582e+01,0.000000000000000000e+00,3.061093505729278963e+00
3.466609310407817901e+01,0.000000000000000000e+00,1.524652562025129221e+00
-5.905471172733512297e+00,0.000000000000000000e+00,1.364492508318781550e+00
7.453296178108407055e+00,0.000000000000000000e+00,-6.578864164199969000e-01
3.625614624907048977e+01,0.000000000000000000e+00,-1.673579560893639212e-02
3.635525146367341165e+01,0.000000000000000000e+00,6.975672950838075481e-01
3.582710600477135898e+01,0.000000000000000000e+00,-1.286742903778614056e-01
2.893822772757780015e+01,0.000000000000000000e+00,-1.679668882858431633e-01
3.502618820275783662e+01,0.000000000000000000e+00,2.946247128492905654e-02
3.510197074105194304e+01,0.000000000000000000e+00,1.945365251676606927e-02
3.258073671654984338e+01,0.000000000000000000e+00,-2.681123144785555468e+00
3.344790083456550178e+01,0.000000000000000000e+00,1.428814639642023848e-02
3.614410632175078320e+01,0.000000000000000000e+00,-1.757581957457810262e-01
3.628896566463413365e+01,0.000000000000000000e+00,2.199875424213925124e-01
2.247813138836641400e+01,0.000000000000000000e+00,-1.429328694963414269e-02
2.116334400205447608e+01,0.000000000000000000e+00,5.949336068688652369e-04
3.650300993731564603e+01,0.000000000000000000e+00,9.117749962982553413e-02
4.208279488990000061e+01,0.000000000000000000e+00,1.379873984809999898e+00
3.542728636182242496e+01,0.000000000000000000e+00,-4.034227668987262760e-02
1.246866709600000078e+01,0.000000000000000000e+00,3.297089186529999789e-03
2.223274533445466261e+01,0.000000000000000000e+00,-3.055933924652531331e-01
3.031182553619513342e+01,0.000000000000000000e+00,-9.897229468804094599e-02
2.050877290511273898e+01,0.000000000000000000e+00,1.536367799977914929e-02
3.578630400419999802e+01,0.000000000000000000e+00,-2.175049279460000040e+00
2.455573382388296722e+01,0.000000000000000000e+00,-4.208200898937138057e-02
3.613766166624407816e+01,0.000000000000000000e+00,3.052289312175055502e-01
2.593781740777607681e+01,0.000000000000000000e+00,7.712544759815552486e-03
3.480471068896871145e+01,0.000000000000000000e+00,4.620451563803163603e-02
1.766261923079475693e+01,0.000000000000000000e+00,4.244019663850196952e-03
3.491565756267682019e+01,0.000000000000000000e+00,3.381037663580249708e-02
2.294868147029327687e+01,0.000000000000000000e+00,8.081161994993383267e-05
3.504502772233632157e+01,0.000000000000000000e+00,1.504914301517571579e-02
2.085153290905305212e+01,0.000000000000000000e+00,1.738277350070313110e-03
3.172752149665333832e+01,0.000000000000000000e+00,-3.677293712253869914e-03
3.531629405210860995e+01,0.000000000000000000e+00,-3.773231484169754096e-02
4.669992434155513905e+01,0.000000000000000000e+00,-8.659391466171141971e+00
3.497997525927571871e+01,0.000000000000000000e+00,6.636427494088834034e-02
8.676528665996404044e+00,0.000000000000000000e+00,5.147438505326255159e-02
-2.564367895039184830e+00,0.000000000000000000e+00,1.539635262358838741e+00
2.545367740566122450e+01,0.000000000000000000e+00,1.806002736240049436e-02
2.884609660956400745e+01,0.000000000000000000e+00,5.237753841886101824e+00
3.846542088080980193e+01,0.000000000000000000e+00,1.180030393689768786e+01
2.585972928326063780e+01,0.000000000000000000e+00,9.713420508561063441e-03
2.352970463003517310e+01,0.000000000000000000e+00,8.875352273877554947e-04
4.416498929753360869e+01,0.000000000000000000e+00,1.180501161594990833e+01
3.457895313761245859e+01,0.000000000000000000e+00,5.874520642054550934e-02
2.844213596530824262e+01,0.000000000000000000e+00,-8.870651475965813937e-01
4.648773556271964225e+01,0.000000000000000000e+00,3.191907131082118987e+00
3.119214538300517248e+01,0.000000000000000000e+00,1.590491482782743077e-02
2.347357173474384240e+01,0.000000000000000000e+00,-2.974880881266704247e+00
3.580082083832241580e+01,0.000000000000000000e+00,-1.463568961708363037e-01
3.475454320609879488e+01,0.000000000000000000e+00,1.050445505703571231e-02
2.744110089555918108e+01,0.000000000000000000e+00,-9.777220218760297732e-02
3.594490374532952615e+01,0.000000000000000000e+00,3.144007554246711855e+00
3.477172226645623709e+01,0.000000000000000000e+00,9.277764696817569767e-03
3.863785393473104790e+01,0.000000000000000000e+00,1.123676593331427931e+01
3.126579322777688219e+01,0.000000000000000000e+00,8.092185677370233865e-02
3.490889689670660800e+01,0.000000000000000000e+00,-1.022928841780302855e+00
2.443002502971818757e+01,0.000000000000000000e+00,3.973544552846257349e-03
3.569597719134586100e+01,0.000000000000000000e+00,-2.214993640259562135e-01
3.487614116481878312e+01,0.000000000000000000e+00,4.016343717675363578e-02
2.175995993788210825e+01,0.000000000000000000e+00,1.282307759092462336e-04
3.487860413518969693e+01,0.000000000000000000e+00,4.836970728215660847e-02
4.552565386214530108e+00,0.000000000000000000e+00,-1.971395335224804590e+00
1.843830016813128481e+01,0.000000000000000000e+00,2.629675616773253217e-05
2.108403917638071334e+01,0.000000000000000000e+00,2.179171057483319466e-03
3.479068175115225614e+01,0.000000000000000000e+00,6.473573205933271131e-03
4.647294811800969683e+01,0.000000000000000000e+00,5.291112471648015791e+00
3.253676782742761020e+01,0.000000000000000000e+00,3.853307654859278730e-01
2.137791618912339331e+01,0.000000000000000000e+00,-4.554910499099742993e-04
2.890988593398163786e+01,0.000000000000000000e+00,-5.165392251898502929e-01
4.150457232800800966e+01,0.000000000000000000e+00,8.285224863635969328e+00
-6.383427181193489730e+00,0.000000000000000000e+00,6.775862053412508024e-01
3.433470909368674029e+01,0.000000000000000000e+00,1.240169589296387320e+00
4.670923993313886768e+01,0.000000000000000000e+00,-8.626974002375842332e+00
3.612622066032508172e+01,0.000000000000000000e+00,-4.232295821115254764e-02
3.913724507408809927e+01,0.000000000000000000e+00,-6.135674917785750360e+00
3.478940224515763191e+01,0.000000000000000000e+00,3.001408953571281166e-02
2.416953482679392451e+01,0.000000000000000000e+00,2.402719864151167065e-03
3.494654957254861927e+01,0.000000000000000000e+00,6.185592174372319535e-02
2.949041357191336488e+01,0.000000000000000000e+00,8.304473976928944401e-01
3.968686056821533725e+01,0.000000000000000000e+00,1.213018565497104362e+01
2.305572199049207072e+01,0.000000000000000000e+00,8.092084579660267091e-03
3.554975944256731424e+01,0.000000000000000000e+00,-1.101344126368939275e-01
3.550846079022222312e+01,0.000000000000000000e+00,-9.902845891165662495e-02
3.920002160631263877e+01,0.000000000000000000e+00,-2.947245747282083883e+00
2.738084199628368864e+01,0.000000000000000000e+00,9.315741619347256419e-03
3.464315659044567042e+01,0.000000000000000000e+00,-1.622960739076800551e-01
3.353437040390031854e+01,0.000000000000000000e+00,7.799341934762207273e+00
2.810595308883314658e+01,0.000000000000000000e+00,8.741976619084479254e-04
1.399007229469999913e+01,0.000000000000000000e+00,-1.539961259129999911e-05
3.524781993283686887e+01,0.000000000000000000e+00,-1.408430704750071871e-01
3.875319363774115544e+01,0.000000000000000000e+00,3.696933608933610227e+00
4.645561603179511678e+01,0.000000000000000000e+00,2.308873562804152790e+00
3.626022425809054539e+01,0.000000000000000000e+00,7.237995535047774709e+00
1.827833582271751567e+01,0.000000000000000000e+00,-4.219107668038232783e-01
1.764578182973516363e+01,0.000000000000000000e+00,-5.914422371486838215e-05
3.474303644316717765e+01,0.000000000000000000e+00,-1.149287470519799959e+00
3.590227930874506512e+01,0.000000000000000000e+00,-1.160023033301067243e-02
-3.090025129535061588e+00,0.000000000000000000e+00,1.274345793352241518e+00
5.327790907000655807e+01,0.000000000000000000e+00,-1.178323792841664774e+00
3.476043518979298597e+01,0.000000000000000000e+00,4.435431898636497117e-01
2.586888309126771901e+01,0.000000000000000000e+00,-9.372340916259160049e-02
3.454017876963197864e+01,0.000000000000000000e+00,-2.497709898274658169e+00
2.310128896065131698e+01,0.000000000000000000e+00,-1.331242376321372777e-03
5.268266943562503712e+01,0.000000000000000000e+00,5.838803094725647291e+00
3.514138482784619555e+01,0.000000000000000000e+00,-1.279842680508313235e-01
4.415261880737810785e-01,0.000000000000000000e+00,-4.141866043160474242e-01
4.504445134852437604e+01,0.000000000000000000e+00,1.087157191209101548e+01
2.511273070028964227e+01,0.000000000000000000e+00,3.244748420392672195e+00
3.500761776254280022e+01,0.000000000000000000e+00,-6.640497128851259312e-01
2.752131806726454855e+01,0.000000000000000000e+00,1.041646643896531298e-02
1.074857311020000061e+01,0.000000000000000000e+00,7.170781605730000216e-03
3.615968660095983722e+01,0.000000000000000000e+00,4.971149907280311697e-01
3.532000744244480472e+01,0.000000000000000000e+00,-6.719185889602419422e-03
-1.756542735690592050e+00,0.000000000000000000e+00,-3.655791071475521514e-01
1.764227501034658729e+01,0.000000000000000000e+00,-1.511628022217663958e-01
3.329449694519059477e+01,0.000000000000000000e+00,-2.303620010635032411e-01
3.564222552792919174e+01,0.000000000000000000e+00,-1.742492453057480351e+00
1.873597027287354067e+01,0.000000000000000000e+00,-1.787948709297884520e+00
3.347465913633375578e+01,0.000000000000000000e+00,5.850288573049970964e+00
4.449375218227590523e+01,0.000000000000000000e+00,6.080893793772327527e+00
3.588583050111663653e+01,0.000000000000000000e+00,-2.182551377851804641e-01
2.562199399371458597e+01,0.000000000000000000e+00,4.366293802449654204e-02
3.889793932593213555e+01,0.000000000000000000e+00,5.701973183153868696e+00
2.460719363785798919e+01,0.000000000000000000e+00,-4.022479115701507735e-02
3.604434896599652660e+01,0.000000000000000000e+00,-2.317714600208680142e-01
2.334428255356066728e+01,0.000000000000000000e+00,3.011376037564505396e-03
3.733805874993641538e+01,0.000000000000000000e+00,6.769501959020300941e-01
3.524126957341402289e+01,0.000000000000000000e+00,-1.493203609737075721e-01
3.614548435542970140e+01,0.000000000000000000e+00,3.231000743641890272e-01
3.404014355703436223e+01,0.000000000000000000e+00,1.290746750094221573e-01
3.541930312103504974e+01,0.000000000000000000e+00,-4.628846965694127236e-01
3.502923574745124569e+01,0.000000000000000000e+00,-1.172251604872160541e-02
3.505650902149464088e+01,0.000000000000000000e+00,5.134935602461305343e-02
-2.148182978662790177e+00,0.000000000000000000e+00,1.449250257061317049e+00
2.037769883730804210e+01,0.000000000000000000e+00,9.858953774066240086e-03
1.321397438840000049e+01,0.000000000000000000e+00,8.459137873100000212e-05
3.521292102195296536e+01,0.000000000000000000e+00,-2.133109293911779891e-01
2.062707701168740471e+01,0.000000000000000000e+00,-2.604928576535101362e-02
2.727417121213405338e+01,0.000000000000000000e+00,2.936499730383634876e+00
3.068930728739150027e+01,0.000000000000000000e+00,6.236384752072645678e-03
2.261507751558127310e+01,0.000000000000000000e+00,5.807452363523863195e-03
4.788544805517363301e+01,0.000000000000000000e+00,-6.782075239329909522e+00
3.275526044451735430e+01,0.000000000000000000e+00,3.849047478126982336e-02
3.900847348307425477e+01,0.000000000000000000e+00,7.277261186868879683e+00
2.937952086710026478e+01,0.000000000000000000e+00,-4.607543789083979983e-03
3.539009886172026143e+01,0.000000000000000000e+00,-7.042093661184197551e+00
4.226882012263781263e+01,0.000000000000000000e+00,9.861164565066681931e+00
3.478289803291980320e+01,0.000000000000000000e+00,4.185744945214282808e-02
4.949663563009410439e+01,0.000000000000000000e+00,-7.102675020811363815e+00
3.409400518187135276e+01,0.000000000000000000e+00,7.123602145964686549e+00
3.554616667310261136e+01,0.000000000000000000e+00,-3.312281981043532775e-02
2.459388775335660782e+01,0.000000000000000000e+00,1.991650907483349074e-03
3.552470142529936226e+01,0.000000000000000000e+00,-4.341570441244346074e-02
3.447602121420623433e+01,0.000000000000000000e+00,-4.167369022696713610e-01
2.602717497545071623e+01,0.000000000000000000e+00,-3.130937314194508821e-03
4.082616795477727578e+01,0.000000000000000000e+00,6.201184007471757909e+00
1.614024340461577367e+01,0.000000000000000000e+00,9.611507863104509219e-01
3.502480632598230414e+01,0.000000000000000000e+00,1.579677079320310554e-02
3.286242797847165775e+01,0.000000000000000000e+00,5.590560717129497981e+00
4.828729017014592984e+01,0.000000000000000000e+00,3.843603258884588758e+00
4.461851112580674084e+01,0.000000000000000000e+00,2.528361354004609041e+00
2.886133739357553551e+01,0.000000000000000000e+00,1.005232819378537416e-02
5.132375519691959909e+01,0.000000000000000000e+00,-1.496366700443186593e-01
5.172978030099119451e+01,0.000000000000000000e+00,-5.068874212055069606e+00
3.464604970050000077e+01,0.000000000000000000e+00,-5.600996659909999705e-04
3.531264847787298322e+01,0.000000000000000000e+00,-3.634588523809110794e-01
4.214754271230000171e+01,0.000000000000000000e+00,1.314155849949999899e+00
2.477144039993663682e+01,0.000000000000000000e+00,1.950630369285728588e-03
2.589423735147541450e+01,0.000000000000000000e+00,-2.780123811257769084e+00
3.993092902866787597e+01,0.000000000000000000e+00,1.238748554178982175e+01
2.454785369870431566e+01,0.000000000000000000e+00,1.287893096596054313e-03
4.283334636952736929e+01,0.000000000000000000e+00,1.257969920572240419e+01
3.587843106064974563e+01,0.000000000000000000e+00,-9.914799153767160644e-02
4.389315251760574910e+01,0.000000000000000000e+00,1.240963577027739895e+01
4.850414664504074835e+01,0.000000000000000000e+00,1.006175779262180292e+01
2.403713411642924314e+01,0.000000000000000000e+00,-9.050773213132372015e-04
2.372403071863869073e+01,0.000000000000000000e+00,2.598035682849863300e-03
3.625270405528190309e+01,0.000000000000000000e+00,1.686130983305837439e-01
3.471743611442627753e+01,0.000000000000000000e+00,-1.124178520689239277e-02
1.547543166415599281e+01,0.000000000000000000e+00,6.038816706006215965e-04
3.168144703267408957e+01,0.000000000000000000e+00,6.718703072971701218e+00
2.911337772154221781e+01,0.000000000000000000e+00,-3.395264218747796825e+00
2.038775036376184246e+01,0.000000000000000000e+00,5.273394335337452943e-03
3.027375036269098629e+01,0.000000000000000000e+00,-7.194055626196048554e-03
3.477372625892396485e+01,0.000000000000000000e+00,-6.681905208095658688e-01
-5.899929248564404816e+00,0.000000000000000000e+00,8.267351302814355263e-01
3.630589780951405743e+01,0.000000000000000000e+00,2.398481259650327158e-01
3.599698100643585263e+01,0.000000000000000000e+00,-3.809191130441584305e-01
3.588769973660103574e+01,0.000000000000000000e+00,7.394999568794444755e-01
2.724420212443018485e+01,0.000000000000000000e+00,8.605388625533382093e-04
2.597946768830624720e+01,0.000000000000000000e+00,2.278593746834086525e-03
1.965542226174126128e+01,0.000000000000000000e+00,-4.153629447497435637e-04
2.254829799351310626e+01,0.000000000000000000e+00,6.289873074922221717e-03
3.394600984226921980e+01,0.000000000000000000e+00,-1.806036302222423229e-01
3.641395152484992792e+01,0.000000000000000000e+00,2.274214291635000829e-01
3.453870609845853323e+01,0.000000000000000000e+00,-1.369493164167962518e-01
4.548192954402982480e+01,0.000000000000000000e+00,1.134997136289490705e+01
1.395650606494268686e+01,0.000000000000000000e+00,5.915380542914808843e-04
-4.540491142966824434e+00,0.000000000000000000e+00,1.188818692117608045e+00
2.039977949950147362e+01,0.000000000000000000e+00,2.587717437545820171e-05
2.952585909222487359e+01,0.000000000000000000e+00,-2.343489832272697138e-01
4.444760128345188832e+01,0.000000000000000000e+00,8.041587832199304842e+00
3.309524120393192703e+01,0.000000000000000000e+00,2.994518909084284419e-02
2.979818184118307300e+01,0.000000000000000000e+00,1.290279968309136077e-02
3.524060229381066733e+01,0.000000000000000000e+00,-1.088216214028237427e+00
1.802370501154765847e+01,0.000000000000000000e+00,-1.670966475421734154e+00
3.168612649390493274e+01,0.000000000000000000e+00,-9.017984948308466198e-03
2.320637126442261433e+01,0.000000000000000000e+00,3.659735260212036018e-02
5.115521728641927268e+01,0.000000000000000000e+00,-1.367820517159624050e+00
2.499801179938736695e+01,0.000000000000000000e+00,-3.987315829326145561e-02
2.757600885671540780e+01,0.000000000000000000e+00,4.786854620351321116e-02
5.000185915336962239e+01,0.000000000000000000e+00,-2.215168262556165057e+00
3.485654204540210799e+01,0.000000000000000000e+00,5.177096741944876845e-02
3.485052555410941011e+01,0.000000000000000000e+00,4.111712470769486594e-02
-4.871712713258261829e+00,0.000000000000000000e+00,1.550069607566396224e+00
3.576354463421926511e+01,0.000000000000000000e+00,-9.217117870723286199e-02
3.560381384288311324e+01,0.000000000000000000e+00,-1.987899702329440008e-02
3.035829835097014495e+01,0.000000000000000000e+00,-7.061813033199899545e-03
4.036595796129019931e+01,0.000000000000000000e+00,1.119239795767971302e+01
-5.614695715576667467e+00,0.000000000000000000e+00,6.016965537423935029e-01
3.553603802192782979e+01,0.000000000000000000e+00,-2.668665570821521921e-02
2.955895400195390721e+01,0.000000000000000000e+00,-3.024283039468401643e-03
9.022757690622135840e+00,0.000000000000000000e+00,-2.124234173336691178e+00
2.210684158859240611e+01,0.000000000000000000e+00,-9.936526570320541873e-02
2.844888750417939605e+01,0.000000000000000000e+00,3.067864807266652144e-02
2.431885986451047543e+01,0.000000000000000000e+00,2.901428035789023474e-02
3.504304377307182250e+01,0.000000000000000000e+00,-2.084801310382536910e-01
3.484750361793474127e+01,0.000000000000000000e+00,5.764248746610843577e-02
3.613362071996073865e+01,0.000000000000000000e+00,2.875828741916959808e-01
3.567564671078800842e+01,0.000000000000000000e+00,-5.429357312421090841e-03
1.408925769210000034e+01,0.000000000000000000e+00,2.549679872110000001e-04
3.499173413997301196e+01,0.000000000000000000e+00,6.184894432043343965e-02
3.428732531920314131e+01,0.000000000000000000e+00,2.382238190615407897e-02
3.588091046400847972e+01,0.000000000000000000e+00,-1.887017817509571427e-01
2.666076315749885595e+01,0.000000000000000000e+00,-5.194509566681954738e+00
3.146617417063540145e+01,0.000000000000000000e+00,-3.133278563175277975e-01
1.408158386370367943e+01,0.000000000000000000e+00,-4.313911302951161443e-05
3.609266508654237526e+01,0.000000000000000000e+00,-9.955490349257162253e-01
2.066920713314576119e+01,0.000000000000000000e+00,-5.743536891663186469e-03
2.815278602061888336e+01,0.000000000000000000e+00,3.054493601647511464e-03
-4.347401267625238930e+00,0.000000000000000000e+00,1.429097582888869900e+00
3.541659495253537671e+01,0.000000000000000000e+00,6.940810769682240533e+00
3.523424867604936850e+01,0.000000000000000000e+00,-1.944819154025034802e-01
4.267598197662692883e+01,0.000000000000000000e+00,-1.306857747623564991e+00
3.591285694146916541e+01,0.000000000000000000e+00,-4.764221196293191157e-02
2.645377945863712554e+01,0.000000000000000000e+00,-3.462701023618247869e-03
3.624720225048316991e+01,0.000000000000000000e+00,5.434609102419954985e-01
3.806846352271242040e+01,0.000000000000000000e+00,1.677539681251761117e+00
4.130925518119921946e+01,0.000000000000000000e+00,7.253617397575317760e+00
3.197780623507720321e+01,0.000000000000000000e+00,6.977225734325672946e+00
3.543849330270987252e+01,0.000000000000000000e+00,1.289218889679915492e+00
