3.491935321733219411e+01,0.000000000000000000e+00,5.939052010899174838e-02
-2.444842902108422589e+00,0.000000000000000000e+00,1.619344793482228262e+00
3.525517860400414349e+01,0.000000000000000000e+00,3.922257525065241807e-02
2.986380317878289148e+01,0.000000000000000000e+00,7.557731908163906054e-02
3.481660221200925776e+01,0.000000000000000000e+00,5.970169278899613297e-02
4.614466715416853759e+01,0.000000000000000000e+00,-5.256208682767606000e+00
4.648221344911374331e+01,0.000000000000000000e+00,-5.971135106436357809e+00
3.478874811403814249e+01,0.000000000000000000e+00,5.091828586334601336e-02
3.600618007928297715e+01,0.000000000000000000e+00,2.356386411374025991e-01
3.472524640200000334e+01,0.000000000000000000e+00,-2.379149610759999920e-04
3.219907958709116258e+01,0.000000000000000000e+00,3.755331701074449136e-02
2.555997976340874445e+01,0.000000000000000000e+00,5.985633520262140413e-03
3.497208894163076565e+01,0.000000000000000000e+00,6.420496620708424085e-02
3.497366585617624679e+01,0.000000000000000000e+00,7.495988896515825672e+00
3.522469020305177168e+01,0.000000000000000000e+00,-4.204974084053711425e-01
2.647362526080542366e+01,0.000000000000000000e+00,6.574717579196994073e-03
4.383879703103144720e+01,0.000000000000000000e+00,6.461843309171573679e+00
3.492761059686512937e+01,0.000000000000000000e+00,5.537815435032462930e-02
3.479554549444819855e+01,0.000000000000000000e+00,5.267730834256251216e-02
1.197571417488784284e+01,0.000000000000000000e+00,-4.434689421135266651e-01
3.321778700335931944e+01,0.000000000000000000e+00,-1.892914467160257352e+00
3.654247088699784740e+01,0.000000000000000000e+00,-2.094679809735699116e+00
3.459324863359561419e+01,0.000000000000000000e+00,6.733676073122291328e+00
2.387987973248411322e+01,0.000000000000000000e+00,-9.795133300872481408e-02
2.669642595243991678e+01,0.000000000000000000e+00,7.917870757482674271e-03
-2.711682376881756618e+00,0.000000000000000000e+00,9.076365724650304889e-01
3.475773131288021034e+01,0.000000000000000000e+00,4.312329348300806414e-02
1.977769265888517936e+01,0.000000000000000000e+00,1.580876481132820373e-03
3.515066289609527672e+01,0.000000000000000000e+00,-5.332681359156435930e-01
2.145125844207346333e+01,0.000000000000000000e+00,1.396315175672137613e-03
2.185868069347561260e+01,0.000000000000000000e+00,2.012187912945752277e+00
2.816990712384833628e+01,0.000000000000000000e+00,3.955926945024586527e-01
3.298159206059807502e+01,0.000000000000000000e+00,-1.649361274425444890e+00
3.459636172324869818e+01,0.000000000000000000e+00,4.603206674693738898e-01
3.487727694112050614e+01,0.000000000000000000e+00,6.132318478441073362e-02
2.170679542463321354e+01,0.000000000000000000e+00,1.642556984328804107e-03
-3.155614820918395402e+00,0.000000000000000000e+00,-6.970947793460878505e-02
3.512623334243952655e+01,0.000000000000000000e+00,-3.230167766864946888e+00
7.488912184593494281e+00,0.000000000000000000e+00,-5.190451741276929098e-01
3.405952648088068457e+01,0.000000000000000000e+00,5.563777846482439671e+00
4.802840525453721199e+01,0.000000000000000000e+00,-6.041534229215655971e-01
3.486904215081146674e+01,0.000000000000000000e+00,5.166874306529764538e-02
1.910989711813236980e+01,0.000000000000000000e+00,-9.119818181750205532e-02
2.707430322316087512e+01,0.000000000000000000e+00,7.185845693116822350e-03
3.344251998181385943e+01,0.000000000000000000e+00,4.899303030898551015e+00
2.306191936009189902e+01,0.000000000000000000e+00,1.776466662310378863e+00
1.915807577847942866e+01,0.000000000000000000e+00,-3.469291421419830712e+00
3.476075596638806786e+01,0.000000000000000000e+00,3.915741434651426323e-02
3.519247185715131820e+01,0.000000000000000000e+00,4.176629177477050869e-01
3.985935855285358542e+01,0.000000000000000000e+00,1.148412404112838381e+01
2.025567705842386701e+01,0.000000000000000000e+00,1.402396733814075891e-03
1.992208348764753723e+01,0.000000000000000000e+00,1.171199567801591923e-03
1.484856818237515697e+01,0.000000000000000000e+00,3.634333995228123532e-02
3.479635247049146329e+01,0.000000000000000000e+00,4.383238175367366873e-02
3.482283107172443692e+01,0.000000000000000000e+00,5.235113602749067591e-02
2.676129211025612165e+01,0.000000000000000000e+00,8.163101513556774227e-03
4.728965602119355083e+01,0.000000000000000000e+00,-4.438147224038495597e-01
3.486690449028751004e+01,0.000000000000000000e+00,5.481305577364119913e-02
4.130405137990753417e+01,0.000000000000000000e+00,2.751555715412951297e+00
3.483412667563428045e+01,0.000000000000000000e+00,4.929430239475732223e-02
1.179245104580000003e+01,0.000000000000000000e+00,-7.866195936799999858e-03
3.490734636392868850e+01,0.000000000000000000e+00,6.353116603661611295e-02
-7.081500851285794873e+00,0.000000000000000000e+00,1.308126776970387928e+00
2.666887187664984182e+01,0.000000000000000000e+00,7.087658851905149007e-03
4.541949372828803178e+01,0.000000000000000000e+00,-6.068095227438634609e+00
4.269907810540081528e+01,0.000000000000000000e+00,-1.735739097512939200e+00
2.372235706917527054e+01,0.000000000000000000e+00,4.349093871316276130e-03
4.152898301761425870e+01,0.000000000000000000e+00,1.100308161514070626e+00
1.547672021260000008e+01,0.000000000000000000e+00,5.041327576420000451e-04
3.481382406245300842e+01,0.000000000000000000e+00,-2.653633333195912769e-01
2.649950900437490020e+01,0.000000000000000000e+00,-2.938153846934461910e+00
3.476719023735836345e+01,0.000000000000000000e+00,2.615704594858107163e-02
-3.121123909650540096e+00,0.000000000000000000e+00,1.416871686829119570e+00
3.060729070470364732e+01,0.000000000000000000e+00,6.623272761178926160e+00
3.401949498242598224e+01,0.000000000000000000e+00,4.993924180683074338e-02
3.558731596672585340e+01,0.000000000000000000e+00,1.758243624695532970e-01
2.478472604623412323e+01,0.000000000000000000e+00,-7.683698072742056739e-02
3.548675402484833086e+01,0.000000000000000000e+00,8.613941523046669602e+00
4.665335859240820326e+01,0.000000000000000000e+00,5.856291877308696492e+00
3.342762211808423700e+01,0.000000000000000000e+00,4.190838560086340703e-02
4.168544750731622628e+01,0.000000000000000000e+00,3.921151894380287550e-01
3.498581695811427039e+01,0.000000000000000000e+00,5.826076395752183973e-02
2.753927320730644723e+01,0.000000000000000000e+00,4.967066535165006513e+00
3.072402527921046556e+01,0.000000000000000000e+00,5.615769562149566241e+00
1.682904342522443031e+01,0.000000000000000000e+00,-2.497646423150118977e+00
2.777915149771588332e+01,0.000000000000000000e+00,1.251366449843160054e-02
2.942289169780156755e+01,0.000000000000000000e+00,1.806214460649114076e-02
2.021418868571203120e+01,0.000000000000000000e+00,1.055883971014978141e-03
3.526194182565143365e+01,0.000000000000000000e+00,-1.340130075166083401e+00
3.466433177112467234e+01,0.000000000000000000e+00,-3.737405067540107595e+00
3.485544544448687532e+01,0.000000000000000000e+00,5.168258102256594044e-02
2.916059612376916377e+01,0.000000000000000000e+00,1.442403152026747008e-02
3.492296097448198111e+01,0.000000000000000000e+00,5.560837553367994901e-02
2.447632709081684155e+01,0.000000000000000000e+00,4.837405887326843429e-03
2.885003299213644112e+01,0.000000000000000000e+00,1.529470031727299395e-02
3.895922133350637750e+01,0.000000000000000000e+00,1.802821398998764590e-01
2.412054924820429846e+01,0.000000000000000000e+00,4.073186956148827122e-03
3.486292932992136429e+01,0.000000000000000000e+00,5.903476352124504417e-02
3.497572870606590101e+01,0.000000000000000000e+00,-7.875359050384737047e-01
1.644916346529002027e+01,0.000000000000000000e+00,-3.903076525962487331e+00
1.727750182415918090e+01,0.000000000000000000e+00,-1.891340375174220378e+00
4.154281629429800660e+01,0.000000000000000000e+00,5.465918859717446704e-02
3.396011715857049040e+01,0.000000000000000000e+00,4.102758436449793322e+00
1.966401314989426652e+01,0.000000000000000000e+00,-8.059351892745258983e-03
7.413654620150439634e+00,0.000000000000000000e+00,-1.803323793360070093e+00
3.087032316703749402e+01,0.000000000000000000e+00,-1.174686466290580045e+00
1.614288216242105278e+01,0.000000000000000000e+00,-2.245793020673450824e-01
4.791693485624840321e+01,0.000000000000000000e+00,4.607393427947334530e+00
1.913409673376894560e+01,0.000000000000000000e+00,-4.281600359879211143e-02
2.904284296544179611e+01,0.000000000000000000e+00,9.155447401561395138e-02
4.743094507607629851e+01,0.000000000000000000e+00,6.839569332366865595e+00
3.799199130509217781e+01,0.000000000000000000e+00,6.327803525321550104e+00
3.435385548844940473e+01,0.000000000000000000e+00,9.293753903670159744e+00
3.481393788893916508e+01,0.000000000000000000e+00,5.786150867585057589e-02
3.482277489636840784e+01,0.000000000000000000e+00,5.440378641673827842e-02
3.598411748728204884e+01,0.000000000000000000e+00,-2.387045529814118827e-01
3.533260894260041596e+01,0.000000000000000000e+00,-1.140510421289111925e-01
3.282640035950477397e+01,0.000000000000000000e+00,-6.506498913372509740e+00
-2.779733342123167805e+00,0.000000000000000000e+00,1.656317731024633311e+00
4.471008592964411577e+01,0.000000000000000000e+00,-4.225135057151133466e+00
3.480711043002525429e+01,0.000000000000000000e+00,6.100954873232421194e-02
3.486970731453568106e+01,0.000000000000000000e+00,6.389106722046694609e-02
2.576571666758447421e+01,0.000000000000000000e+00,6.888617206739280352e-01
3.490558703687286624e+01,0.000000000000000000e+00,5.023318610136768420e-02
1.557531598874008516e+01,0.000000000000000000e+00,1.363137170032686397e-02
4.533356113728680015e+01,0.000000000000000000e+00,-7.348641365671480408e+00
3.071012591006044445e+01,0.000000000000000000e+00,3.165123126310900870e-02
2.214862048778700299e+01,0.000000000000000000e+00,2.190039902395721477e-03
3.481928251359892101e+01,0.000000000000000000e+00,5.799847368202620118e-02
3.491479961990101799e+01,0.000000000000000000e+00,1.214029756656420378e-01
3.490804128825137553e+01,0.000000000000000000e+00,6.146595161530738621e-02
3.483888523792331426e+01,0.000000000000000000e+00,-2.998944356574148040e-01
3.487490220748977521e+01,0.000000000000000000e+00,6.247627138543387221e-02
4.653224038780552263e+01,0.000000000000000000e+00,7.525996634394069851e+00
2.870791220932677845e+01,0.000000000000000000e+00,4.053262193692213078e-01
5.132712936301448536e+01,0.000000000000000000e+00,1.689545442481336979e+00
2.603902600378662058e+01,0.000000000000000000e+00,6.842135361672103781e-03
3.490935662069086476e+01,0.000000000000000000e+00,5.133685256844467554e-02
3.474575200966327770e+01,0.000000000000000000e+00,-8.504853731899699202e-04
3.481363799026663486e+01,0.000000000000000000e+00,4.241826573242711562e-02
3.502742126571138215e+01,0.000000000000000000e+00,2.533977533479740002e-02
2.775933585408096249e+01,0.000000000000000000e+00,1.025544169319470705e-02
1.987815663515063846e+01,0.000000000000000000e+00,1.551048355122048488e-03
1.517693433220000010e+01,0.000000000000000000e+00,3.995272175779999947e-04
3.485483996843373689e+01,0.000000000000000000e+00,4.580467423877831318e-02
8.837144416328147400e+00,0.000000000000000000e+00,-6.319358746393717585e-02
3.216769497402282241e+01,0.000000000000000000e+00,4.998279197690939313e+00
3.478834799820855039e+01,0.000000000000000000e+00,-4.630167885994943000e-01
3.490919012792534204e+01,0.000000000000000000e+00,6.642428509689335403e-02
3.460686972860656141e+01,0.000000000000000000e+00,3.845816471164305916e+00
3.487227025797671587e+01,0.000000000000000000e+00,5.829799701389564576e-02
3.057999070034213318e+01,0.000000000000000000e+00,2.017734298613951816e-02
3.358412764082549273e+01,0.000000000000000000e+00,1.232870628278168734e+00
3.491903756947137083e+01,0.000000000000000000e+00,6.418000180881613947e-02
3.470260812848233201e+01,0.000000000000000000e+00,-1.590124093532648386e+00
2.668987841317280640e+01,0.000000000000000000e+00,3.483514922442878525e+00
3.490124364890855446e+01,0.000000000000000000e+00,5.214445573420452978e-02
3.717098058115719539e+01,0.000000000000000000e+00,-4.611685531800070237e+00
3.771322791874661817e+01,0.000000000000000000e+00,-8.243333005231367139e+00
3.490819686627274621e+01,0.000000000000000000e+00,5.512553411452116026e-02
2.505392142084258822e+01,0.000000000000000000e+00,5.653210089309222003e-03
4.652329831369802093e+01,0.000000000000000000e+00,-1.328419031853880661e+00
3.500128040375748384e+01,0.000000000000000000e+00,-3.708245726710798773e-01
2.291095700423566939e+01,0.000000000000000000e+00,2.428171234176592849e-03
3.493125487739527557e+01,0.000000000000000000e+00,5.268125381855266048e-02
1.833218319053653644e+01,0.000000000000000000e+00,-2.196804432760618691e-03
2.198835921585441255e+01,0.000000000000000000e+00,5.787674324305187579e-01
3.476305887876127088e+01,0.000000000000000000e+00,-2.034009839606561787e+00
4.059048769615456820e+01,0.000000000000000000e+00,1.147690685263455856e+00
3.495277789895560971e+01,0.000000000000000000e+00,1.697856537331929594e-01
3.479771443847732826e+01,0.000000000000000000e+00,5.238884472240984413e-02
3.422471554627845336e+01,0.000000000000000000e+00,-2.152445002078417602e+00
3.485879943500375333e+01,0.000000000000000000e+00,3.881178994835440821e-02
3.379252559566096892e+01,0.000000000000000000e+00,1.233138488723465320e+00
3.495986769070135836e+01,0.000000000000000000e+00,5.523124766290311849e-02
2.929679956415272812e+01,0.000000000000000000e+00,2.445855373646937947e-02
2.872154758223609861e+01,0.000000000000000000e+00,1.454478489322089292e-02
3.460790503660000184e+01,0.000000000000000000e+00,-6.182846160199999622e-03
3.493343196422187447e+01,0.000000000000000000e+00,6.378513452642926851e-02
3.412777826230843914e+01,0.000000000000000000e+00,-4.213208816976966808e+00
3.347653688325608101e+01,0.000000000000000000e+00,-1.491405965235348408e+00
3.093849535605157897e+01,0.000000000000000000e+00,2.867890896774724988e-02
4.046715208548737053e+01,0.000000000000000000e+00,-1.390413817401053409e+00
8.932090614403424667e+00,0.000000000000000000e+00,-2.881114262137431936e-01
3.900909242801389354e+01,0.000000000000000000e+00,1.143209013525710027e+01
1.616590136740000005e+01,0.000000000000000000e+00,7.765597680599999487e-04
1.860754800734234493e+01,0.000000000000000000e+00,6.879617232656761458e-04
2.100124306534553398e+01,0.000000000000000000e+00,7.878395549633454564e-01
2.827561228215479616e+01,0.000000000000000000e+00,1.285604545019057923e-02
3.172420982107231424e+01,0.000000000000000000e+00,7.375514888359558263e+00
3.033316811243630795e+01,0.000000000000000000e+00,7.083947410554481960e-01
3.481076829107647086e+01,0.000000000000000000e+00,6.254820315053795377e-02
3.477597074819726686e+01,0.000000000000000000e+00,2.079053266391841515e-01
3.825676626593406837e+01,0.000000000000000000e+00,-4.757572268478299726e+00
2.558523070684730527e+01,0.000000000000000000e+00,-4.976103665313305058e+00
3.498843403520095308e+01,0.000000000000000000e+00,5.889877550536359863e-02
1.435836990235809552e+01,0.000000000000000000e+00,-5.983053153224166323e-03
3.485945944965055077e+01,0.000000000000000000e+00,1.524980361320545375e-01
-3.544313663728038133e+00,0.000000000000000000e+00,1.682830056266331198e+00
3.568122807081363845e+01,0.000000000000000000e+00,7.675314971690985200e-01
3.485274885894123997e+01,0.000000000000000000e+00,5.392585340743928646e-02
4.151451062331860697e+01,0.000000000000000000e+00,3.382743490227436922e+00
2.652523994585316203e+01,0.000000000000000000e+00,6.828822884517707359e-02
2.210739140550852611e+01,0.000000000000000000e+00,2.138025332137330221e-03
3.493733485387239313e+01,0.000000000000000000e+00,5.880932304206224620e-02
3.824840572219677171e+01,0.000000000000000000e+00,1.180281613519562534e+01
4.276936041840654923e+01,0.000000000000000000e+00,-1.660117631114641279e+00
-6.324379841534369717e+00,0.000000000000000000e+00,7.595729527597973041e-01
3.506323449967406702e+01,0.000000000000000000e+00,-5.876948968647038640e+00
4.114340723042715808e+01,0.000000000000000000e+00,-6.634451695056299281e-01
-4.856068747333864843e-01,0.000000000000000000e+00,6.523456229350457214e-01
2.022323631734278493e+01,0.000000000000000000e+00,1.026555609748575293e+00
2.296981256391687864e+01,0.000000000000000000e+00,2.061994716218632229e-01
3.492542882882015221e+01,0.000000000000000000e+00,5.559957392968814527e-02
3.488393036268099223e+01,0.000000000000000000e+00,6.165801587278781776e-02
-3.692625414958367713e+00,0.000000000000000000e+00,1.479628233315200880e+00
4.304142037445430446e+01,0.000000000000000000e+00,6.306591995303051368e-01
3.493193276359691879e+01,0.000000000000000000e+00,6.331466161835994089e-02
3.484621185241545760e+01,0.000000000000000000e+00,5.986696126882534025e-02
3.484563860706759897e+01,0.000000000000000000e+00,4.238630710397395251e-02
3.515177468220993973e+01,0.000000000000000000e+00,-5.065366600804618535e+00
4.453612244186674474e+01,0.000000000000000000e+00,-6.373014540978240383e+00
2.995516726859437640e+01,0.000000000000000000e+00,3.425617860376796442e-02
3.813364949921551528e+01,0.000000000000000000e+00,1.169114781136980952e+01
1.797191575461257074e+01,0.000000000000000000e+00,8.369926893251782626e-04
2.776638159728171118e+01,0.000000000000000000e+00,1.748561698549577770e+00
2.479636006846807206e+01,0.000000000000000000e+00,5.014320768886909932e-03
3.522791665894131796e+01,0.000000000000000000e+00,-3.393560455910843210e+00
3.394046029723480018e+01,0.000000000000000000e+00,7.053988527950434406e-01
3.524602196654402775e+01,0.000000000000000000e+00,-1.663321035747159060e+00
1.994712413309109778e+01,0.000000000000000000e+00,1.608162996065046636e-03
3.497987193139082507e+01,0.000000000000000000e+00,5.653725398019895931e-02
3.492721373802577745e+01,0.000000000000000000e+00,6.527329987517296872e-02
3.499573993689261897e+01,0.000000000000000000e+00,6.192803122964978674e-02
3.491948370212037389e+01,0.000000000000000000e+00,1.048509771115035127e-01
2.831558499178533594e+01,0.000000000000000000e+00,1.379912631561101138e-02
3.466760746316202813e+01,0.000000000000000000e+00,6.288989508407319406e-02
3.428887131788486897e+01,0.000000000000000000e+00,-2.939891755957740660e+00
2.811954429459900950e+01,0.000000000000000000e+00,1.024164850783385559e-02
3.529145506528179510e+01,0.000000000000000000e+00,-4.461941247115814302e-01
2.245780105091875356e+01,0.000000000000000000e+00,2.017424220259370505e-03
3.263487092132015022e+01,0.000000000000000000e+00,3.996139475330742763e-02
3.482182511256863933e+01,0.000000000000000000e+00,6.145593365339754865e-02
2.595858558224325208e+01,0.000000000000000000e+00,-1.998209486291637749e-01
2.732520359420242073e+01,0.000000000000000000e+00,8.168691817868677790e-03
2.239853650240011262e+01,0.000000000000000000e+00,2.228782321390334817e-03
3.306510789315415622e+01,0.000000000000000000e+00,4.084221974261722371e-02
1.729774879993817649e+01,0.000000000000000000e+00,-1.611807058095510170e-01
3.441752096933532812e+01,0.000000000000000000e+00,1.447247873045283351e+00
1.561981497284699572e+01,0.000000000000000000e+00,-3.540773064690713401e+00
3.453232017562417866e+01,0.000000000000000000e+00,-5.866038402157904841e-01
1.911797618968105184e+01,0.000000000000000000e+00,-5.898174411125067101e-03
3.427430159471474269e+01,0.000000000000000000e+00,5.299669331850607179e-01
-3.106394484292118285e+00,0.000000000000000000e+00,1.101452711871199419e+00
3.500316780889030355e+01,0.000000000000000000e+00,8.039950909815992475e+00
3.475727947063808188e+01,0.000000000000000000e+00,5.574357896746075930e-02
1.584064758459999922e+01,0.000000000000000000e+00,6.390385172199999865e-04
3.406125850542057520e+01,0.000000000000000000e+00,-3.955063588568729749e+00
3.423206363465913427e+01,0.000000000000000000e+00,-2.004831160744472651e+00
3.830022008874250616e+01,0.000000000000000000e+00,1.013591366925421866e+01
4.580757412385029426e+01,0.000000000000000000e+00,1.004417336188757659e+01
1.362318822502979820e+01,0.000000000000000000e+00,4.364410234908450321e-03
-4.763420894640773007e+00,0.000000000000000000e+00,1.577149053484772079e+00
3.010494303229029711e+01,0.000000000000000000e+00,1.747445088245253297e-01
4.273327511031440906e+01,0.000000000000000000e+00,4.914772930924981686e+00
2.882211633305772835e+01,0.000000000000000000e+00,-1.479102618451838547e-01
1.590733420358570349e+01,0.000000000000000000e+00,7.888164032719792162e-01
1.558399587369999928e+01,0.000000000000000000e+00,5.426138749360000105e-04
2.816233439574512687e+01,0.000000000000000000e+00,-2.303956297532421538e-01
3.494819791979970347e+01,0.000000000000000000e+00,5.570654670789625118e-02
3.489938945237194901e+01,0.000000000000000000e+00,4.503668744738965890e-02
3.497715561293406950e+01,0.000000000000000000e+00,5.728274592926439757e-02
3.900681417762816494e+01,0.000000000000000000e+00,5.784821455686976144e+00
3.496368986985697802e+01,0.000000000000000000e+00,8.431262290268151660e-02
3.491187627984322717e+01,0.000000000000000000e+00,5.125881229061286792e-02
3.145487731617330596e+01,0.000000000000000000e+00,-4.106760478172304385e-01
2.613107848163994618e+01,0.000000000000000000e+00,5.862435556677815865e-03
4.255423741299987483e+01,0.000000000000000000e+00,-6.846265903659181973e+00
3.641806302392085826e+01,0.000000000000000000e+00,2.604823352835106687e-01
3.482562709836456349e+01,0.000000000000000000e+00,3.962987903871404566e-02
4.712621241280682938e+01,0.000000000000000000e+00,7.868937996613404096e+00
3.487122937855188809e+01,0.000000000000000000e+00,4.843255443435364599e-02
1.707822802104380600e+01,0.000000000000000000e+00,7.616581382822236890e-04
1.723166372715866146e+01,0.000000000000000000e+00,1.688637625866811973e-02
6.002463909230000283e+00,0.000000000000000000e+00,-3.100281938260000120e-02
3.474956071898711230e+01,0.000000000000000000e+00,2.797291915956109931e-01
3.480884090031240419e+01,0.000000000000000000e+00,5.522930677306893410e-02
1.444241597589999948e+01,0.000000000000000000e+00,1.087494199690000043e-03
2.962595916998351697e+01,0.000000000000000000e+00,6.198822316344189398e-02
4.693475802067000302e+01,0.000000000000000000e+00,5.012793809702382752e+00
4.677891299972822736e+01,0.000000000000000000e+00,1.002874090101253302e+01
3.412004696443824514e+01,0.000000000000000000e+00,4.941690454671131272e-02
3.815539585032308878e+01,0.000000000000000000e+00,9.195540619336046717e+00
2.083305754965855527e+01,0.000000000000000000e+00,1.187313629410595211e-03
-3.644390991332459251e+00,0.000000000000000000e+00,1.649750705304540821e+00
2.291433176145605088e+01,0.000000000000000000e+00,3.131345012596225441e+00
3.217798112746994121e+01,0.000000000000000000e+00,3.184584170743957721e+00
3.424734641703549443e+01,0.000000000000000000e+00,-5.518690268924801856e+00
-3.284150622668633002e+00,0.000000000000000000e+00,-1.277365534378817613e-01
3.117216277569057326e+01,0.000000000000000000e+00,2.539802097943660505e-02
1.758819657300730910e+01,0.000000000000000000e+00,1.036969052453914474e-03
2.612566165314209243e+01,0.000000000000000000e+00,-9.098659998016420114e-02
3.477553216347376264e+01,0.000000000000000000e+00,5.260018917124345550e-02
3.484323377858249415e+01,0.000000000000000000e+00,5.767469300006444755e-02
2.100977511589589142e+01,0.000000000000000000e+00,5.195811813904037749e-03
3.471330996914409894e+01,0.000000000000000000e+00,2.067472257429784355e-01
3.478550251001345828e+01,0.000000000000000000e+00,5.500115468741122171e-02
2.472450146631311085e+01,0.000000000000000000e+00,4.552506312215873381e-03
3.496176606495687622e+01,0.000000000000000000e+00,5.592566263166597051e-02
2.208606238986406112e+01,0.000000000000000000e+00,1.699982514847069763e-03
3.395590804382997163e+01,0.000000000000000000e+00,4.676866927659965867e-02
3.486024187449501710e+01,0.000000000000000000e+00,6.662841883443608448e-02
3.486555704560783653e+01,0.000000000000000000e+00,6.240378913878579653e-02
-6.335368879171592305e+00,0.000000000000000000e+00,4.107023533825361894e-01
3.421854312773258044e+01,0.000000000000000000e+00,5.236271660538705658e-02
3.542928636994866309e+01,0.000000000000000000e+00,-4.582749831675561936e+00
3.331294104792628019e+01,0.000000000000000000e+00,1.853829289696907079e+00
2.872447800943848151e+01,0.000000000000000000e+00,4.942177951786331569e+00
2.745580677363559374e+01,0.000000000000000000e+00,1.100110604057867245e-02
3.187510157047555914e+00,0.000000000000000000e+00,-9.079356439880471863e-02
3.480252977189063301e+01,0.000000000000000000e+00,6.183253653468593486e-02
3.806093775971520188e+01,0.000000000000000000e+00,-8.587604571330802017e+00
1.907774025489461067e+01,0.000000000000000000e+00,1.415622003864636536e-03
3.383977424825956604e+01,0.000000000000000000e+00,4.734334687890945359e-02
3.507247463306871538e+01,0.000000000000000000e+00,1.435304495956005177e-01
3.398003357447318962e+01,0.000000000000000000e+00,-5.422839654010560562e-01
3.633474085642237839e+01,0.000000000000000000e+00,-4.163349923535601960e+00
3.529994060210181317e+01,0.000000000000000000e+00,5.762500075826320067e-01
3.695508450654897814e+01,0.000000000000000000e+00,-4.087129413542109901e+00
3.480453395237285008e+01,0.000000000000000000e+00,5.573392047379829850e-02
3.124881207605433175e+01,0.000000000000000000e+00,8.420355585614738292e-01
3.493040515436523918e+01,0.000000000000000000e+00,5.620770514460955714e-02
1.941111658386564542e+01,0.000000000000000000e+00,5.020732132605212374e-03
1.550280331239999931e+01,0.000000000000000000e+00,5.134956694799999635e-04
2.057586656087339705e+01,0.000000000000000000e+00,1.673452598706604661e-03
2.683058376549369228e+01,0.000000000000000000e+00,-7.273352270269174413e-01
1.079961916950806255e+01,0.000000000000000000e+00,-2.380740526119044798e-02
3.481205054223416084e+01,0.000000000000000000e+00,2.228093188569509053e-02
2.678382505534446878e+01,0.000000000000000000e+00,6.714893212327005360e-03
4.197584478369241623e+01,0.000000000000000000e+00,-6.885410219556158395e+00
2.943717746563635629e+01,0.000000000000000000e+00,2.217869468465176117e-02
3.977370673749386754e+01,0.000000000000000000e+00,1.094408996161179637e+01
1.483601807570000020e+01,0.000000000000000000e+00,3.395283311349999735e-04
3.455577443254404812e+01,0.000000000000000000e+00,3.474471000357667871e-01
4.388095878168635977e+01,0.000000000000000000e+00,2.893584126517207089e+00
1.668914494710849539e+01,0.000000000000000000e+00,1.440116935510394117e-02
2.597959872247028912e+01,0.000000000000000000e+00,5.402320845202457367e-01
4.459617376923161203e+01,0.000000000000000000e+00,1.276898484236104858e+00
2.886112300995970870e+01,0.000000000000000000e+00,-8.750894894091892917e-01
-1.952940041291327367e+00,0.000000000000000000e+00,1.361936203235180498e+00
3.493684367819511749e+01,0.000000000000000000e+00,7.337523725801103902e-02
1.830321057895992354e+01,0.000000000000000000e+00,-2.167588949116787400e-02
3.417989408539180829e+01,0.000000000000000000e+00,5.924897611184119089e-02
3.885867059424512604e+01,0.000000000000000000e+00,1.194596943586147653e+01
3.502708137635833197e+01,0.000000000000000000e+00,-4.939541903939886902e-02
3.669481908730710984e+01,0.000000000000000000e+00,-4.386551107061385402e+00
4.837248476330589142e+01,0.000000000000000000e+00,4.459057544833569864e+00
2.164562120873592477e+01,0.000000000000000000e+00,-6.132538829018305271e-02
4.738665208234196058e+01,0.000000000000000000e+00,9.041619118049194270e+00
3.471532004280000194e+01,0.000000000000000000e+00,3.409720854210000133e-04
1.479374572182853420e+01,0.000000000000000000e+00,-7.691297586436634214e-03
3.490829314814107676e+01,0.000000000000000000e+00,6.244922392819521328e-02
4.008636511772286326e+01,0.000000000000000000e+00,1.584161283418717314e+00
-4.133721788891756788e+00,0.000000000000000000e+00,1.637231059462650684e+00
3.485109189822406961e+01,0.000000000000000000e+00,5.850961273417995545e-02
3.472654485830000226e+01,0.000000000000000000e+00,-9.894033410020000477e-05
2.779464977622506083e+01,0.000000000000000000e+00,2.418948775657740052e-02
2.913250178901609289e+01,0.000000000000000000e+00,1.620576125775348084e-02
4.347823172201020014e+01,0.000000000000000000e+00,-6.350071535613883711e+00
3.948162382774024337e+01,0.000000000000000000e+00,-5.735194837908784926e+00
3.478949898616129843e+01,0.000000000000000000e+00,1.453486654697876829e-02
2.212702163269108624e+01,0.000000000000000000e+00,1.200840020437790069e-02
3.485312469629725740e+01,0.000000000000000000e+00,3.499662832319784533e-02
3.481141070394290438e+01,0.000000000000000000e+00,5.394359653193889215e-02
4.451512207124099518e+01,0.000000000000000000e+00,-2.542299399546998906e+00
3.437997150259263179e+01,0.000000000000000000e+00,3.989393742704825385e-01
2.306168534939671488e+01,0.000000000000000000e+00,-1.772883407382218335e-02
3.491652194176936064e+01,0.000000000000000000e+00,5.898496166892878284e-02
-2.341408764345837668e+00,0.000000000000000000e+00,1.033454111799374742e+00
3.171546290307211891e+01,0.000000000000000000e+00,2.761701279313018287e-02
1.772792646656066751e+01,0.000000000000000000e+00,-9.701928076791394278e-04
3.491664834203028533e+01,0.000000000000000000e+00,1.422248166006757353e-01
3.476827911738092780e+01,0.000000000000000000e+00,5.341071907883920833e-02
3.353790415026681870e+01,0.000000000000000000e+00,2.810272390525564212e+00
3.506292008195389087e+01,0.000000000000000000e+00,8.619355466649299302e+00
2.502797026447767692e+01,0.000000000000000000e+00,5.585668523820338897e-03
2.882108174269601264e+01,0.000000000000000000e+00,2.338847219215492435e-02
3.490171911584239695e+01,0.000000000000000000e+00,5.918749907292598228e-02
1.976859298039683566e+01,0.000000000000000000e+00,1.463647952308202342e-03
3.473913980261092860e+01,0.000000000000000000e+00,3.908613751575130968e-02
3.978808685939836920e+01,0.000000000000000000e+00,-5.710002703929787593e+00
2.579835035798573273e+01,0.000000000000000000e+00,1.605751467866920607e-02
3.480383864623475887e+01,0.000000000000000000e+00,5.013316137634496461e-02
2.719682763993136732e+01,0.000000000000000000e+00,1.478523471785706533e-01
3.479473527384058684e+01,0.000000000000000000e+00,6.117261941269554193e-02
-3.797195106135466069e+00,0.000000000000000000e+00,-1.046958999297932791e-01
-3.567099889901152565e+00,0.000000000000000000e+00,1.676721942926468811e+00
3.045229545102800017e+01,0.000000000000000000e+00,3.648432475809246234e-02
2.317598993047997880e+01,0.000000000000000000e+00,2.766574371245393744e-03
3.496521281517598823e+01,0.000000000000000000e+00,5.860572130606640784e-02
3.962270254226942967e+01,0.000000000000000000e+00,-1.582014024993489532e+00
3.471553772419999717e+01,0.000000000000000000e+00,-8.119041290090000000e-04
3.473052328764374863e+01,0.000000000000000000e+00,3.024992672336444810e-02
3.276355086536256778e+01,0.000000000000000000e+00,3.555763176936558440e-02
3.490329034165603872e+01,0.000000000000000000e+00,6.593443426109359129e-02
2.283432397418176052e+01,0.000000000000000000e+00,2.830504234677947827e-03
3.472257150425866712e+01,0.000000000000000000e+00,-6.691573858031906186e-01
1.662536638948026635e+01,0.000000000000000000e+00,-2.366243371638473546e-03
2.920457950703685768e+01,0.000000000000000000e+00,1.652586939036172417e-02
3.950129810088728277e+01,0.000000000000000000e+00,2.410594444371084943e+00
1.935483041593597520e+01,0.000000000000000000e+00,8.372106836940540779e-04
-5.466837594388892718e+00,0.000000000000000000e+00,1.883614402663921217e+00
1.513752262357167311e+01,0.000000000000000000e+00,-2.644525504316599766e-03
-1.830463420828462917e+00,0.000000000000000000e+00,1.277235208796453358e+00
2.089249170117996357e+01,0.000000000000000000e+00,1.746932757229244584e-02
4.016138288770660836e+01,0.000000000000000000e+00,9.816921215053852734e+00
3.487597659660754346e+01,0.000000000000000000e+00,2.364759426857140565e-02
2.944824862876089000e+01,0.000000000000000000e+00,3.306869133286195750e-02
3.491431937475729086e+01,0.000000000000000000e+00,1.227528729643340977e-01
3.383644453044391298e+01,0.000000000000000000e+00,5.191235510810104231e-02
3.489327113232292277e+01,0.000000000000000000e+00,-2.751824080216592083e+00
1.086270933650000003e+01,0.000000000000000000e+00,1.271026533569999915e-02
3.474686572974189147e+01,0.000000000000000000e+00,1.802906626732186268e+00
4.302687068066769882e+01,0.000000000000000000e+00,-6.532641939549935550e+00
3.488059689469260150e+01,0.000000000000000000e+00,5.407270804167137873e-02
4.128104819654018343e+01,0.000000000000000000e+00,9.052822350274952967e+00
3.496470001958120832e+01,0.000000000000000000e+00,5.827590373676681118e-02
3.487434514434355748e+01,0.000000000000000000e+00,6.252663239802715156e-02
4.338298596933513096e+01,0.000000000000000000e+00,1.146085496120096892e+01
4.966081142181693053e+01,0.000000000000000000e+00,3.169138691133035923e+00
3.507275520427079130e+01,0.000000000000000000e+00,9.600653312319407107e+00
3.045089679995798093e+01,0.000000000000000000e+00,-2.891631257511538156e+00
4.843303709755436159e+01,0.000000000000000000e+00,-5.283090879986687582e+00
3.472297997831971372e+01,0.000000000000000000e+00,2.824417468011124477e-01
3.742007964599653036e+01,0.000000000000000000e+00,4.485576929347469211e+00
3.369677125071826396e+01,0.000000000000000000e+00,5.251889932760669261e-02
2.235057566824312758e+01,0.000000000000000000e+00,2.053720199851673603e-03
3.573680327679755919e+01,0.000000000000000000e+00,1.041876548928056501e+01
5.152773601029328177e+01,0.000000000000000000e+00,2.378355105021940030e+00
3.506145326003051821e+01,0.000000000000000000e+00,7.051526258629272625e-01
3.456579959429775784e+01,0.000000000000000000e+00,5.857856199126988683e-02
3.421818718755977073e+01,0.000000000000000000e+00,6.062316455765336620e+00
1.661449531929120127e+01,0.000000000000000000e+00,-3.704348230377129347e+00
2.940095191957819765e+01,0.000000000000000000e+00,1.399839016613587672e-01
2.135154863528468994e+01,0.000000000000000000e+00,-4.271542056154365774e+00
3.496105039682571913e+01,0.000000000000000000e+00,5.575716401617078488e-02
1.742622486987434272e+01,0.000000000000000000e+00,3.554588652441395547e-01
4.754538409839602053e+01,0.000000000000000000e+00,-5.049979386386396207e+00
4.892494039608475731e+01,0.000000000000000000e+00,5.301968522678656370e+00
7.386903691690451801e+00,0.000000000000000000e+00,-1.232043904171929327e+00
3.480752784124792498e+01,0.000000000000000000e+00,-3.053684567949139228e-01
2.699710789176472403e+01,0.000000000000000000e+00,7.080394423865093469e-03
3.096541808030995924e+01,0.000000000000000000e+00,2.230409406663817068e-02
3.486265800607060328e+01,0.000000000000000000e+00,6.176428581222477565e-02
1.373241516110808647e+01,0.000000000000000000e+00,4.053894872392580645e-03
2.613622782962019997e+00,0.000000000000000000e+00,-1.703264923103108841e-01
3.923530913160314526e+01,0.000000000000000000e+00,6.208201344572604974e+00
1.894965779084682467e+01,0.000000000000000000e+00,8.925407979395544268e-04
3.474887223390750535e+01,0.000000000000000000e+00,3.237597237218460544e-02
3.490619240636470266e+01,0.000000000000000000e+00,4.953874021905572966e-02
-4.304703495883547504e+00,0.000000000000000000e+00,1.621723717066209103e+00
3.474697739525417717e+01,0.000000000000000000e+00,-3.737842216983516125e-03
3.469393089397024710e+01,0.000000000000000000e+00,3.818470061693662876e-01
3.482441095258392494e+01,0.000000000000000000e+00,5.509343032031654291e-02
3.514633320595597521e+00,0.000000000000000000e+00,-3.594193570675087157e-01
2.723176796926712129e+01,0.000000000000000000e+00,4.142211334861790384e+00
2.560469423849795234e+01,0.000000000000000000e+00,5.523881126371144902e-03
3.188831525634302366e+01,0.000000000000000000e+00,-4.864063131179215738e+00
4.634846211238551206e+01,0.000000000000000000e+00,4.665281868112304053e+00
3.561047327787994021e+01,0.000000000000000000e+00,-2.183236499097081840e+00
4.292505285376353896e+01,0.000000000000000000e+00,-3.849606961784780013e-01
3.570233921261699095e+01,0.000000000000000000e+00,4.338937480505812516e+00
1.691063699244923768e+01,0.000000000000000000e+00,6.808188783492565271e-04
3.479682715979910057e+01,0.000000000000000000e+00,6.096355863983944634e-02
2.823905091274400192e+01,0.000000000000000000e+00,-4.148292495223223075e-01
4.149713963802224015e+01,0.000000000000000000e+00,-8.947322793659907347e+00
3.480453530429592490e+01,0.000000000000000000e+00,6.090167374760570990e-02
3.482460395296026689e+01,0.000000000000000000e+00,6.365595870269132039e-02
3.449340570196778799e+01,0.000000000000000000e+00,5.206106370422098478e-02
3.124221020085659362e+01,0.000000000000000000e+00,-5.144794231536291562e-01
3.129387292929764541e+01,0.000000000000000000e+00,-2.359529375329185996e-01
2.643177103115543147e+01,0.000000000000000000e+00,6.886276027621934456e-03
2.606184106895828734e+01,0.000000000000000000e+00,-1.522763213426225337e-01
3.463188862894833164e+01,0.000000000000000000e+00,4.689443845207919570e-01
3.477038637095755291e+01,0.000000000000000000e+00,5.554694123391845650e-02
2.806308576696286750e+01,0.000000000000000000e+00,1.074702729036194904e-02
3.486208263843666799e+01,0.000000000000000000e+00,5.821186552533345188e-02
3.477638797717069963e+01,0.000000000000000000e+00,5.377376599487097147e-02
3.490053330336487392e+01,0.000000000000000000e+00,4.912436021812709858e-02
-4.961736168157316662e+00,0.000000000000000000e+00,1.540387753865916753e+00
2.571944371321258416e+01,0.000000000000000000e+00,6.450406836167599245e-03
3.669678412447919413e+01,0.000000000000000000e+00,2.655427185655374056e-01
5.036121539051836749e+01,0.000000000000000000e+00,-1.905742119107303623e+00
4.141873070779223553e+01,0.000000000000000000e+00,-4.797047374023923894e+00
3.407565196155375986e+01,0.000000000000000000e+00,6.251974556836571439e-01
3.456793541451869345e+01,0.000000000000000000e+00,9.715501713453399191e+00
3.510909798615422517e+01,0.000000000000000000e+00,1.981531867635471511e-01
3.484400764700907160e+01,0.000000000000000000e+00,6.092561290280876923e-02
3.487037797328238042e+01,0.000000000000000000e+00,4.012268998672788994e-02
3.499620537701052569e+01,0.000000000000000000e+00,6.033770980422401703e-02
3.472643374929999993e+01,0.000000000000000000e+00,9.312484491239999792e-05
2.880164589939650455e+01,0.000000000000000000e+00,3.639033159444101523e-02
3.477777392361178244e+01,0.000000000000000000e+00,2.104721326485185784e-02
3.106072466740721083e+01,0.000000000000000000e+00,2.298762576136973573e-02
2.693890199055488210e+01,0.000000000000000000e+00,-1.187946101054238035e-01
3.489638007809488585e+01,0.000000000000000000e+00,4.774547348402975039e-02
3.193481938355936478e+01,0.000000000000000000e+00,1.038416721686431510e+00
2.348342391035928500e+01,0.000000000000000000e+00,5.863432844047662511e-03
3.470125951167188560e+01,0.000000000000000000e+00,2.705892541581571276e-02
2.857799143478333415e-01,0.000000000000000000e+00,-3.412254889193857554e-01
3.494833936794719165e+01,0.000000000000000000e+00,6.113335021239760247e-02
2.829180632979527488e+01,0.000000000000000000e+00,1.121607231133318200e-02
3.273735211526140887e+01,0.000000000000000000e+00,-3.820606977448836039e-01
3.487181288166534188e+01,0.000000000000000000e+00,5.808808818243008099e-02
2.972569725642911465e+01,0.000000000000000000e+00,1.725224818049935632e-02
3.482658002535656294e+01,0.000000000000000000e+00,6.099079121115937030e-02
2.440258077823321869e+01,0.000000000000000000e+00,-2.497550294302977480e+00
3.489900330432816844e+01,0.000000000000000000e+00,4.787140300464706733e-02
4.186981287414980102e+01,0.000000000000000000e+00,-1.879459753083399187e+00
3.478718367429071634e+01,0.000000000000000000e+00,5.988212202631314207e-02
3.187114218807723987e+01,0.000000000000000000e+00,-2.252205898727998867e-01
3.814163493093154500e+01,0.000000000000000000e+00,-1.334984000218495115e-01
3.237991024708902899e+01,0.000000000000000000e+00,3.245541974469638713e-02
3.432282983820863365e+01,0.000000000000000000e+00,5.447666698797064277e-02
2.343544546850060328e+01,0.000000000000000000e+00,-3.911577551907352568e-02
4.080845091576560435e+01,0.000000000000000000e+00,6.700397309219380260e-02
-2.152830572981254686e+00,0.000000000000000000e+00,1.599777050479420648e+00
3.592855481125074135e+01,0.000000000000000000e+00,1.892351083250163990e+00
2.832071517319618792e+01,0.000000000000000000e+00,1.138167092570658429e-02
3.831819610884524963e+01,0.000000000000000000e+00,-5.947057252195904198e+00
3.133192460977430827e+01,0.000000000000000000e+00,-1.417219184181593317e+00
2.332156171797541688e+01,0.000000000000000000e+00,-4.218606022504388375e-02
4.377762966012144119e+01,0.000000000000000000e+00,2.081715834951597177e+00
3.744887505413429807e+01,0.000000000000000000e+00,-7.277531251867792150e+00
3.478250403422838133e+01,0.000000000000000000e+00,3.318817206997934366e-02
4.501709186002189256e+01,0.000000000000000000e+00,8.856102329539046636e+00
4.103987751300442000e+01,0.000000000000000000e+00,1.192959889040294108e+01
4.454378324365926289e+01,0.000000000000000000e+00,1.054669393637045793e+01
4.448141737993788070e+01,0.000000000000000000e+00,-1.613843049955514308e+00
3.669702759650167678e+01,0.000000000000000000e+00,-2.199390657019304030e+00
3.503302846344151789e+01,0.000000000000000000e+00,3.659485871964175407e-01
3.492149232975157247e+01,0.000000000000000000e+00,5.154960847444121225e-02
3.926739143871586890e+01,0.000000000000000000e+00,1.176705801632659032e+01
3.491648223999743550e+01,0.000000000000000000e+00,5.150822914837729916e-02
3.481399072275933548e+01,0.000000000000000000e+00,3.251143280316172446e-02
1.562629787800000081e+01,0.000000000000000000e+00,5.575747651130000000e-04
2.186442830550195282e+01,0.000000000000000000e+00,-3.854067311725331013e+00
4.153774611252642046e+01,0.000000000000000000e+00,2.162339373094716022e-01
3.188585031528026903e+01,0.000000000000000000e+00,7.179807070814484327e+00
3.334349315351148135e+01,0.000000000000000000e+00,9.137728719957481927e-01
2.483477046020360035e+01,0.000000000000000000e+00,-9.384720650834103839e-02
3.487768935602626641e+01,0.000000000000000000e+00,5.842143571775278155e-02
2.084238699346560253e+01,0.000000000000000000e+00,-1.393880911441071624e-01
5.156969406291111824e+01,0.000000000000000000e+00,1.185257118429769330e+00
3.493292665160960553e+01,0.000000000000000000e+00,8.148838011039866158e-02
3.124154190348069093e+01,0.000000000000000000e+00,6.788378096648207960e-02
1.222763512053709789e+01,0.000000000000000000e+00,-3.255900155474185542e+00
3.497591711380320589e+01,0.000000000000000000e+00,5.977412379726434327e-02
3.479445979981304760e+01,0.000000000000000000e+00,5.396863459666025736e-02
1.499733755299999949e+01,0.000000000000000000e+00,3.411005813079999970e-04
3.491744771658611768e+01,0.000000000000000000e+00,1.650523245025687369e-01
1.509779078879999936e+01,0.000000000000000000e+00,3.720063017380000124e-04
2.775753535093346613e+01,0.000000000000000000e+00,1.100867362280856521e-02
2.378399149635135856e+01,0.000000000000000000e+00,-2.102963356243431683e-02
2.495448587365535431e+01,0.000000000000000000e+00,4.354011287196986324e-03
3.479622625556920923e+01,0.000000000000000000e+00,-9.664337719890392364e-01
3.445753656216567862e+01,0.000000000000000000e+00,5.945336968439630665e-01
3.484511602012241838e+01,0.000000000000000000e+00,5.600201676628087377e-02
1.671241001081881805e+01,0.000000000000000000e+00,2.929117678792940785e-02
4.398187477980115290e+01,0.000000000000000000e+00,5.564013465755187404e+00
3.485996616722253094e+01,0.000000000000000000e+00,6.028024440249676180e-02
3.401326344938627244e+01,0.000000000000000000e+00,5.300305511663711694e-02
3.258481757964819536e+01,0.000000000000000000e+00,1.954525132948932820e+00
3.213139533405388448e+01,0.000000000000000000e+00,3.343465098586748119e-02
2.497699011636691324e+01,0.000000000000000000e+00,5.453799889310212770e-03
9.651632713469261660e+00,0.000000000000000000e+00,-5.470279022492981896e-02
3.498360674651486590e+01,0.000000000000000000e+00,2.941111182084933939e-01
4.236316168163619267e+01,0.000000000000000000e+00,1.174063785684575123e+01
2.037092329226550547e+01,0.000000000000000000e+00,-1.573177648631883530e-01
3.460596226874200454e+01,0.000000000000000000e+00,-5.395059565217229292e+00
4.057731594453336044e+01,0.000000000000000000e+00,-3.532620775615995523e+00
2.249148568178571495e+01,0.000000000000000000e+00,1.949492262336533508e-03
3.481768549602923457e+01,0.000000000000000000e+00,5.745862471332662674e-02
3.482570554291778109e+01,0.000000000000000000e+00,6.442788725383866155e-02
2.085048416236417523e+01,0.000000000000000000e+00,-2.724840042122077602e-02
-5.137903742385314665e+00,0.000000000000000000e+00,1.491070021228252163e+00
3.503734266126812713e+01,0.000000000000000000e+00,-9.386125492263447390e-01
3.492121051726829251e+01,0.000000000000000000e+00,5.132331626517752654e-02
3.548763456197586663e+01,0.000000000000000000e+00,1.045633040122029378e+01
3.262017105670327055e+01,0.000000000000000000e+00,5.349189749920093107e+00
3.551158898986850687e+01,0.000000000000000000e+00,1.045383157845539657e+01
3.488520242036105401e+01,0.000000000000000000e+00,5.251446997441043540e-02
-4.834071661040000301e+00,0.000000000000000000e+00,-1.066554238140000020e-02
3.471907798537948509e+01,0.000000000000000000e+00,3.730177151478655112e-02
3.405164727883526155e+01,0.000000000000000000e+00,2.081617098016691703e+00
3.483592667906039253e+01,0.000000000000000000e+00,6.088148115478091843e-02
2.060185939117097220e+01,0.000000000000000000e+00,1.401836545223975831e-03
6.514809169906689235e+00,0.000000000000000000e+00,-7.385123254782481605e-02
3.474586242154840932e+01,0.000000000000000000e+00,3.310260296143679309e-02
2.730424283537183783e+01,0.000000000000000000e+00,8.948323067201431266e-03
3.426603209161823571e+01,0.000000000000000000e+00,8.311235825185665504e-01
3.915989234392500151e+01,0.000000000000000000e+00,3.789590538273559961e+00
3.235841826306486269e+01,0.000000000000000000e+00,2.018886331218181507e-01
3.418378111708079814e+01,0.000000000000000000e+00,-3.296752145482179763e+00
3.472861402612471693e+01,0.000000000000000000e+00,-1.398212220144326272e-02
2.810235351780618629e+01,0.000000000000000000e+00,1.014705544500636540e-02
1.531815177930000083e+01,0.000000000000000000e+00,4.487189051780000144e-04
4.249772558911333675e+01,0.000000000000000000e+00,4.852699738829429066e-01
3.492306520453607988e+01,0.000000000000000000e+00,6.721236103008401686e-02
1.640094554419043504e+00,0.000000000000000000e+00,-2.363568105989808932e-01
3.877154155693447279e+01,0.000000000000000000e+00,-8.740485895517560166e+00
3.451415610788850330e+01,0.000000000000000000e+00,6.334834272428924606e+00
3.480283388081463869e+01,0.000000000000000000e+00,6.256138463095650692e-02
3.477053480221152171e+01,0.000000000000000000e+00,4.378976080912186375e-02
4.161471034340124220e+01,0.000000000000000000e+00,1.173395414456382468e+01
2.870774594923884493e+01,0.000000000000000000e+00,1.446586088474295304e-02
-1.820639718071456414e+00,0.000000000000000000e+00,1.476955105010887115e+00
3.476980756874842626e+01,0.000000000000000000e+00,2.343359588428620965e-01
-1.816460845096348420e+00,0.000000000000000000e+00,1.079247244482786305e+00
3.079498614689555680e+01,0.000000000000000000e+00,-4.805326927373763546e+00
2.671356114714917140e+01,0.000000000000000000e+00,2.705254059563900679e-02
3.274635342253002790e+01,0.000000000000000000e+00,7.859823645878159404e+00
3.190069051265041367e+01,0.000000000000000000e+00,3.237230631056335628e-02
2.123342091036818857e+01,0.000000000000000000e+00,-7.215339193820474728e-02
3.500122520502283407e+01,0.000000000000000000e+00,1.009701340313923446e+01
-3.257572772469214950e+00,0.000000000000000000e+00,1.437018191506730158e+00
4.595012945180280894e+01,0.000000000000000000e+00,-4.888810867755142731e+00
3.289150227319162667e+01,0.000000000000000000e+00,-2.623914300843802061e-01
4.249873664514210958e+01,0.000000000000000000e+00,-5.246054334714377099e+00
4.116305952036902482e+01,0.000000000000000000e+00,1.064374449781213983e+00
3.470171698105713887e+01,0.000000000000000000e+00,-6.167825369191059365e-02
4.392534248113874895e+01,0.000000000000000000e+00,-5.666025840600718233e+00
3.160896253229801545e+01,0.000000000000000000e+00,3.071699148016781775e-02
3.487364527229847511e+01,0.000000000000000000e+00,5.788744914642519196e-02
4.741285385742205705e+01,0.000000000000000000e+00,-5.061299784148400427e+00
3.155810671090258168e+01,0.000000000000000000e+00,3.725593598668499040e-01
3.446060150386943377e+01,0.000000000000000000e+00,-1.071576990219978098e+00
-3.881221018264060074e+00,0.000000000000000000e+00,-2.354802651494565802e-01
4.101855641474120517e+01,0.000000000000000000e+00,-5.118398836416469422e+00
3.474083493352020469e+01,0.000000000000000000e+00,5.337083974319313529e-02
3.484229634969723577e+01,0.000000000000000000e+00,4.097955815123700829e-02
3.330945719588439857e+01,0.000000000000000000e+00,4.919803265984215024e+00
3.483853126651877119e+01,0.000000000000000000e+00,5.318175777931898746e-02
2.245123212152606129e+01,0.000000000000000000e+00,1.294150931437014207e-01
2.443155822986469161e+01,0.000000000000000000e+00,3.544116691733879831e-02
3.484582787251179781e+01,0.000000000000000000e+00,4.727266282261179120e-02
1.641714996155351880e+00,0.000000000000000000e+00,-9.047934178081465939e-01
4.639322970677073954e+01,0.000000000000000000e+00,-6.514293193054134790e+00
3.484210042285768338e+01,0.000000000000000000e+00,3.879890957116662736e-02
4.748519091649969681e+01,0.000000000000000000e+00,-3.373350656661730618e+00
3.479733540385889512e+01,0.000000000000000000e+00,5.736144558291598333e-02
4.244733854323315825e+01,0.000000000000000000e+00,7.342784612521209286e-01
3.467612954904031852e+01,0.000000000000000000e+00,-2.531104733983446931e-01
4.244289491865803399e+01,0.000000000000000000e+00,-7.244561395370066492e+00
3.178437920072851952e+01,0.000000000000000000e+00,3.841728277028129412e-02
2.799662745603310299e+01,0.000000000000000000e+00,-2.943349762159290783e+00
3.490053147836650993e+01,0.000000000000000000e+00,6.411896118480449325e-02
3.485207335663649530e+01,0.000000000000000000e+00,1.822205052850712770e-01
3.222570920773154768e+01,0.000000000000000000e+00,3.441916457849862609e-02
1.494841019229835233e+01,0.000000000000000000e+00,-3.016730109816478045e+00
3.493809960677116067e+01,0.000000000000000000e+00,6.028682273534300556e-02
1.771475779698462039e-01,0.000000000000000000e+00,3.405521845251254787e-01
3.484486104398338568e+01,0.000000000000000000e+00,5.295319743081535746e-01
3.481607632945260633e+01,0.000000000000000000e+00,5.833674390339704113e-02
1.542596664789999927e+01,0.000000000000000000e+00,4.860709780580000001e-04
1.984683423903508270e+01,0.000000000000000000e+00,1.083897515730178514e-03
2.756626716065400728e+01,0.000000000000000000e+00,1.075501621514024508e-02
3.482155337176543952e+01,0.000000000000000000e+00,4.301209129925876590e-02
4.485254442567164546e+01,0.000000000000000000e+00,-8.177092818054967793e+00
3.491531261495926231e+01,0.000000000000000000e+00,1.199539007524237366e-01
3.516081580077601387e+01,0.000000000000000000e+00,3.127006025309527981e+00
3.528573939335882415e+01,0.000000000000000000e+00,1.167141916172273808e+00
3.417504029539583854e+01,0.000000000000000000e+00,-5.529297888039930164e+00
-1.365877894348261457e+00,0.000000000000000000e+00,5.410533948626744527e-01
2.321675675046636300e+01,0.000000000000000000e+00,2.832509518760403973e-03
2.674167198892087072e+01,0.000000000000000000e+00,9.301183334005388645e-03
2.562133358788409510e+01,0.000000000000000000e+00,5.322209393427467308e-03
3.483541738650632880e+01,0.000000000000000000e+00,-4.374750684531577560e-01
2.467360510720498823e+01,0.000000000000000000e+00,5.074839659599971256e-03
2.509161339373090982e+01,0.000000000000000000e+00,-4.618864352313942767e+00
3.800574203827385844e+01,0.000000000000000000e+00,1.137643495376504355e+01
1.480046685750000002e+01,0.000000000000000000e+00,3.590938067009999987e-04
3.450357753637635483e+01,0.000000000000000000e+00,-6.274892777878970929e-01
2.955991504926241475e+01,0.000000000000000000e+00,-4.025732201356936324e-01
3.482580608194401606e+01,0.000000000000000000e+00,-4.778252710644113055e-01
2.543227117802736714e+01,0.000000000000000000e+00,5.250612924991077124e-02
2.377628931129056866e+01,0.000000000000000000e+00,-1.243753870280021184e-01
1.843523381578218689e+01,0.000000000000000000e+00,-1.529051671826642299e-03
3.022649271267695426e+01,0.000000000000000000e+00,1.855697834609587940e-02
4.134680037355948201e+01,0.000000000000000000e+00,-8.970878466777556071e+00
2.660865179633498911e+01,0.000000000000000000e+00,6.270380295287251993e-03
3.127496095227684592e+01,0.000000000000000000e+00,1.269981660907030463e+00
2.822311726785292407e+01,0.000000000000000000e+00,1.258120645069097515e-02
1.484464926190000078e+01,0.000000000000000000e+00,3.362160777790000046e-04
3.483575499771404793e+01,0.000000000000000000e+00,-1.573912714349520181e+00
2.806787603542418452e+01,0.000000000000000000e+00,-6.165056006184539417e-01
1.053988993427962306e+01,0.000000000000000000e+00,-2.508733385301850638e-02
3.415491351604369896e+01,0.000000000000000000e+00,-1.525477402645403435e+00
2.678996329256118258e+01,0.000000000000000000e+00,3.303676509464506861e+00
2.698075604225547153e+01,0.000000000000000000e+00,4.689109699930557262e+00
4.302810233881413637e+01,0.000000000000000000e+00,-4.654278705128100491e+00
4.195156523084835953e+01,0.000000000000000000e+00,3.156658313721660836e+00
2.125048262703315416e+01,0.000000000000000000e+00,-4.883510179679825466e-03
3.470417085404490365e+01,0.000000000000000000e+00,2.680527336112318096e-02
2.765791085029428942e+01,0.000000000000000000e+00,9.765904692427874317e-03
4.780640253914348392e+01,0.000000000000000000e+00,8.124224209103429573e+00
3.466151236594341611e+01,0.000000000000000000e+00,-2.260350645764388045e+00
3.498212775016907727e+01,0.000000000000000000e+00,5.667305893750865936e-02
3.495181781835685797e+01,0.000000000000000000e+00,5.940540000004978366e-02
2.282448510989023660e+01,0.000000000000000000e+00,2.196005461988147396e-03
3.497297180043049281e+01,0.000000000000000000e+00,5.635657958399921397e-02
2.153922464237383139e+01,0.000000000000000000e+00,-5.795923176853454706e-01
1.336917093718902727e+01,0.000000000000000000e+00,8.620932062994478978e-03
1.561975801758645233e+01,0.000000000000000000e+00,-1.338863805457512157e+00
3.899730453102434780e+01,0.000000000000000000e+00,-5.715838010782355205e+00
2.414205992895526265e+01,0.000000000000000000e+00,-4.671573777713657449e+00
1.928664295978906296e+01,0.000000000000000000e+00,9.240703544239450883e-04
3.454271131211876877e+01,0.000000000000000000e+00,-1.816468587672166457e+00
3.858825596104465294e+00,0.000000000000000000e+00,-7.345257831876192967e-01
2.236639549410560690e+01,0.000000000000000000e+00,5.319803783463859445e-03
4.942863134902771094e+01,0.000000000000000000e+00,7.553856082829557117e+00
2.426767088449381049e+01,0.000000000000000000e+00,3.518965490633681359e+00
1.464472246929999955e+01,0.000000000000000000e+00,5.754539646089999565e-04
3.492031744900265267e+01,0.000000000000000000e+00,8.281345243261932498e-02
1.547665904212867893e+01,0.000000000000000000e+00,2.070676940778205365e-03
-2.160253478920334036e+00,0.000000000000000000e+00,1.294343224360250622e+00
3.728202328028939405e+01,0.000000000000000000e+00,-2.529552392276548822e+00
3.514086992467601078e+01,0.000000000000000000e+00,1.007962372240049298e+01
1.444241597589999948e+01,0.000000000000000000e+00,1.087494199690000043e-03
4.097830687332933763e+01,0.000000000000000000e+00,6.414536503184564253e+00
1.473127493129999976e+01,0.000000000000000000e+00,4.528214259369999785e-04
3.498482352592893818e+01,0.000000000000000000e+00,6.491670509531473343e-02
3.493874558094447025e+01,0.000000000000000000e+00,8.734729019200788980e-02
2.059356104128554676e+01,0.000000000000000000e+00,1.519768967641003683e-03
3.481022527052929405e+01,0.000000000000000000e+00,4.906904300510642886e-02
3.482064432541381649e+01,0.000000000000000000e+00,1.945547694585206266e-02
3.428526110118450276e+01,0.000000000000000000e+00,5.819555023593614429e-02
1.749702400982355144e+01,0.000000000000000000e+00,-1.302825652384437434e-02
2.980460970048926583e+01,0.000000000000000000e+00,-2.124947981546457532e-01
3.468167178244202375e+01,0.000000000000000000e+00,1.082655409692710735e-02
3.494985862374063146e+01,0.000000000000000000e+00,5.771824553688790355e-02
3.489869320413312437e+01,0.000000000000000000e+00,5.206335943693791990e-02
1.540126320150000083e+01,0.000000000000000000e+00,4.775918889810000078e-04
2.857371723931727203e+01,0.000000000000000000e+00,1.154128990407206345e-02
3.472354971227373710e+01,0.000000000000000000e+00,3.680306222018540907e-02
2.091268150282236249e+01,0.000000000000000000e+00,1.240137535798386441e-03
3.463850186310702384e+01,0.000000000000000000e+00,5.374875786355503421e-02
4.397485593911245871e+01,0.000000000000000000e+00,2.760058060451414441e+00
3.318579895025384019e+01,0.000000000000000000e+00,1.470112547951670345e+00
-5.894244300932388825e+00,0.000000000000000000e+00,1.370653814978095575e+00
4.529796952507807006e+00,0.000000000000000000e+00,-6.305654018296503738e-01
3.491046085706927471e+01,0.000000000000000000e+00,1.325066897460364101e-01
3.477818855506934881e+01,0.000000000000000000e+00,7.369507083147993631e-01
3.490880278376830859e+01,0.000000000000000000e+00,4.966467149631004219e-02
2.766380525656632727e+01,0.000000000000000000e+00,-2.291503137528557443e-01
3.486968537047387429e+01,0.000000000000000000e+00,6.018648645192956059e-02
3.488619849377448645e+01,0.000000000000000000e+00,5.950635884680777199e-02
3.122905472626776557e+01,0.000000000000000000e+00,-3.072238504170635043e+00
3.207505620334586638e+01,0.000000000000000000e+00,4.658119656822568705e-02
3.491617709657455038e+01,0.000000000000000000e+00,7.655898021648674390e-02
3.480477700030476740e+01,0.000000000000000000e+00,3.003155066392333428e-01
2.158258638141503027e+01,0.000000000000000000e+00,-2.522417605159679721e-02
2.139157638167168685e+01,0.000000000000000000e+00,1.737528567732752206e-03
3.498313705945314922e+01,0.000000000000000000e+00,2.826957241854793912e-01
4.206779773179999893e+01,0.000000000000000000e+00,1.288358366619999917e-01
3.490742014585755726e+01,0.000000000000000000e+00,5.417225796970984858e-02
1.321029246310000005e+01,0.000000000000000000e+00,4.404903850770000399e-03
2.020299249484602200e+01,0.000000000000000000e+00,-3.743206733286516541e-01
2.927835885953796335e+01,0.000000000000000000e+00,-1.503334179468392151e-01
1.950903604565069926e+01,0.000000000000000000e+00,1.507044141391013573e-02
3.456395833869999734e+01,0.000000000000000000e+00,-8.855194825880000065e-03
2.343903370153450538e+01,0.000000000000000000e+00,-6.414667732652741539e-02
3.463444945195881530e+01,0.000000000000000000e+00,3.346977143238393793e-01
2.630185456927182130e+01,0.000000000000000000e+00,8.328581174632958967e-03
3.476732958301690246e+01,0.000000000000000000e+00,5.783901305860278397e-02
1.663975952845222395e+01,0.000000000000000000e+00,4.511663443359609400e-03
3.482243658926066843e+01,0.000000000000000000e+00,5.911128787563632581e-02
2.300798414671660197e+01,0.000000000000000000e+00,2.492442924920531318e-03
3.485974137897289893e+01,0.000000000000000000e+00,5.846499767463730901e-02
2.127766645495555409e+01,0.000000000000000000e+00,2.060592002080532340e-03
3.126418516750284482e+01,0.000000000000000000e+00,2.476324075461167409e-02
3.494598405830869581e+01,0.000000000000000000e+00,-2.894550034019687801e-01
4.488730894381638592e+01,0.000000000000000000e+00,-8.248990321773504775e+00
3.492187541947730267e+01,0.000000000000000000e+00,6.689045486688267872e-02
8.290813520612031695e+00,0.000000000000000000e+00,5.732561916604690666e-02
-2.602155746871980035e+00,0.000000000000000000e+00,1.607504731835489808e+00
2.408228771478581010e+01,0.000000000000000000e+00,1.899226781434142086e-02
2.734653898455452747e+01,0.000000000000000000e+00,4.939077557593567924e+00
3.681830855601936747e+01,0.000000000000000000e+00,1.123925066028464137e+01
2.451385434769993665e+01,0.000000000000000000e+00,1.233366846093449619e-02
2.364955292573457868e+01,0.000000000000000000e+00,3.168487080915076068e-03
4.242236600203998620e+01,0.000000000000000000e+00,1.128098953951247552e+01
3.462463177468377751e+01,0.000000000000000000e+00,6.216790631330335742e-02
2.632532899124095493e+01,0.000000000000000000e+00,-1.082947497019667749e+00
4.482409890433377342e+01,0.000000000000000000e+00,2.918063609614015785e+00
3.123867819394414624e+01,0.000000000000000000e+00,2.730983528402554025e-02
2.012955147622995966e+01,0.000000000000000000e+00,-3.057320219549172879e+00
3.490084807561548530e+01,0.000000000000000000e+00,4.761108366783757539e-02
3.472558362962216449e+01,0.000000000000000000e+00,4.417331063968325811e-02
2.624118935147189546e+01,0.000000000000000000e+00,-1.387055812311389358e-01
3.439285663503241608e+01,0.000000000000000000e+00,2.977221165683460846e+00
3.473476097923068551e+01,0.000000000000000000e+00,4.607756532446294351e-02
3.705505978726140626e+01,0.000000000000000000e+00,1.071449977443749901e+01
2.963339401722396715e+01,0.000000000000000000e+00,8.761310090757254421e-02
3.427527536215216486e+01,0.000000000000000000e+00,-1.282020028453610516e+00
2.477343084687999308e+01,0.000000000000000000e+00,4.960392076071252696e-03
3.487250176320068107e+01,0.000000000000000000e+00,3.892235791104681208e-02
3.480710405091596016e+01,0.000000000000000000e+00,5.925599226412971154e-02
2.187248044909341260e+01,0.000000000000000000e+00,1.846203077313595666e-03
3.481755012803681382e+01,0.000000000000000000e+00,6.109816707365502142e-02
2.152220021277947648e+00,0.000000000000000000e+00,-1.555812174902866163e+00
1.848811263148611062e+01,0.000000000000000000e+00,-1.255232780214145466e-03
2.006815316344856370e+01,0.000000000000000000e+00,2.900846772130488780e-03
3.474411986607474034e+01,0.000000000000000000e+00,4.751779507553503118e-02
4.475475292531033489e+01,0.000000000000000000e+00,4.961406229057009121e+00
3.084760833037013583e+01,0.000000000000000000e+00,3.744729010997512875e-01
2.069275759122528058e+01,0.000000000000000000e+00,1.249231028628451775e-03
2.716108144524165624e+01,0.000000000000000000e+00,-6.512612825149795004e-01
3.985397450061788049e+01,0.000000000000000000e+00,7.847510763665921374e+00
-6.886455127789832709e+00,0.000000000000000000e+00,7.682992816843979833e-01
3.542148396994049619e+01,0.000000000000000000e+00,1.919805051196717294e+00
4.493539636397819947e+01,0.000000000000000000e+00,-8.207839131059145643e+00
3.494643905783568272e+01,0.000000000000000000e+00,7.418001587568703870e-02
3.850150723030808564e+01,0.000000000000000000e+00,-5.663570630927324601e+00
3.474959568347134820e+01,0.000000000000000000e+00,5.253165038018550725e-02
2.441966424698437876e+01,0.000000000000000000e+00,4.160590610495548680e-03
3.488642878873827868e+01,0.000000000000000000e+00,6.536673180952555506e-02
2.785925799565123739e+01,0.000000000000000000e+00,7.905803373201243378e-01
3.800924837299300663e+01,0.000000000000000000e+00,1.156222546927581085e+01
2.185739198483152990e+01,0.000000000000000000e+00,8.725843993139886789e-03
3.488688081305277677e+01,0.000000000000000000e+00,4.791128576859146615e-02
3.488595290603633714e+01,0.000000000000000000e+00,4.880605477857645480e-02
3.840900706342451087e+01,0.000000000000000000e+00,-2.934886280544592996e+00
2.765211950565856824e+01,0.000000000000000000e+00,1.121582685366268733e-02
3.472178765672139633e+01,0.000000000000000000e+00,1.610996598284037198e-02
3.203251360232200540e+01,0.000000000000000000e+00,7.401597714351104251e+00
2.798954435512486683e+01,0.000000000000000000e+00,1.054568667351059481e-02
1.511705272370000053e+01,0.000000000000000000e+00,3.786649784730000169e-04
3.483113170201609421e+01,0.000000000000000000e+00,-2.904596681393709079e-01
3.707321208105384613e+01,0.000000000000000000e+00,3.401369839170744758e+00
4.482377630977350691e+01,0.000000000000000000e+00,2.063664993532954295e+00
3.475866285081345097e+01,0.000000000000000000e+00,6.873291815518249415e+00
1.575550664037315762e+01,0.000000000000000000e+00,-4.868674535476101850e-01
1.771883076840112636e+01,0.000000000000000000e+00,6.947667184479067257e-04
3.473095022044991254e+01,0.000000000000000000e+00,-8.613947114239708241e-03
3.498880482945764925e+01,0.000000000000000000e+00,5.812715360187297592e-02
-3.027212317795500596e+00,0.000000000000000000e+00,1.239019419897370300e+00
5.129928992274081878e+01,0.000000000000000000e+00,-1.139191312806082657e+00
3.310131068199668647e+01,0.000000000000000000e+00,4.369900180261470646e-01
2.458346261602239835e+01,0.000000000000000000e+00,-1.305043805596663442e-01
3.402577057285466111e+01,0.000000000000000000e+00,-2.876930182094589838e+00
2.262307977886648303e+01,0.000000000000000000e+00,1.926555355984366268e-03
5.069484385357573331e+01,0.000000000000000000e+00,5.593483518575663282e+00
3.481551131301672086e+01,0.000000000000000000e+00,4.433017397969427065e-02
-1.777355237876954819e+00,0.000000000000000000e+00,-3.434106498951958741e-01
4.329584205223171978e+01,0.000000000000000000e+00,1.038400820276176617e+01
2.368322961141945981e+01,0.000000000000000000e+00,3.048847285681357100e+00
3.438685305916313695e+01,0.000000000000000000e+00,-8.717538616033575494e-01
2.781073763957850531e+01,0.000000000000000000e+00,1.196241760135686484e-02
1.145806698490000031e+01,0.000000000000000000e+00,1.031483145290000049e-02
3.462628781086393559e+01,0.000000000000000000e+00,5.321542262840551762e-01
3.491764693192885005e+01,0.000000000000000000e+00,5.738885477955545794e-02
-3.550531563595001217e+00,0.000000000000000000e+00,-2.702786990373122755e-01
1.540066999812561477e+01,0.000000000000000000e+00,-1.830336121558072404e-01
3.222095355449599907e+01,0.000000000000000000e+00,-3.313340643919956974e-01
3.506388807589474510e+01,0.000000000000000000e+00,-2.006532779341332340e+00
1.560138523101219477e+01,0.000000000000000000e+00,-1.884855815775153376e+00
3.203744703593273613e+01,0.000000000000000000e+00,5.560777852647776243e+00
4.280029735934441248e+01,0.000000000000000000e+00,5.699183447681162917e+00
3.489159188013497470e+01,0.000000000000000000e+00,4.459693285342510721e-02
2.417982461736120214e+01,0.000000000000000000e+00,4.253631107112101906e-02
3.727955158173210748e+01,0.000000000000000000e+00,5.348169626708522806e+00
2.350815860939987090e+01,0.000000000000000000e+00,-6.182543897491778184e-02
3.490446429411618112e+01,0.000000000000000000e+00,5.503802348172525533e-02
2.373934156212022373e+01,0.000000000000000000e+00,3.736066447209559875e-03
3.649486595143396528e+01,0.000000000000000000e+00,2.626334665916835731e-01
3.481533385262860492e+01,0.000000000000000000e+00,-2.833091614278284709e-01
3.463957035016791508e+01,0.000000000000000000e+00,3.560569420802531249e-01
3.240648537635660631e+01,0.000000000000000000e+00,1.435746345792847933e-01
3.481089073146237922e+01,0.000000000000000000e+00,1.462555125037216797e-02
3.483227344643722745e+01,0.000000000000000000e+00,5.494828395370644769e-02
3.492710717283362953e+01,0.000000000000000000e+00,6.369337380112284619e-02
-2.190132863583772238e+00,0.000000000000000000e+00,1.512553863661650011e+00
1.931986172244974753e+01,0.000000000000000000e+00,9.722466364985332676e-03
1.439377719119999988e+01,0.000000000000000000e+00,-1.391616313969999996e-05
3.481133276017429523e+01,0.000000000000000000e+00,3.711915136963142570e-02
1.937513742880283019e+01,0.000000000000000000e+00,-3.897996923296774552e-02
2.576875184282794251e+01,0.000000000000000000e+00,2.762502957953196336e+00
2.932069162751675862e+01,0.000000000000000000e+00,2.402370836397030654e-02
2.147200321665699363e+01,0.000000000000000000e+00,6.549260734644801914e-03
4.627965088800796423e+01,0.000000000000000000e+00,-6.479622682148091783e+00
3.292481656653567512e+01,0.000000000000000000e+00,4.316911953739411417e-02
3.741204499795512817e+01,0.000000000000000000e+00,6.879384457152013077e+00
2.893201133829357730e+01,0.000000000000000000e+00,1.290112217875945266e-02
3.364919846959609373e+01,0.000000000000000000e+00,-6.333575408959077890e+00
4.059937416700905999e+01,0.000000000000000000e+00,9.386097353709622837e+00
3.475023060235785977e+01,0.000000000000000000e+00,5.522783985535950624e-02
4.775952062127031894e+01,0.000000000000000000e+00,-6.800881363327098583e+00
3.266153032188606886e+01,0.000000000000000000e+00,6.776575395777689081e+00
3.493426400726474412e+01,0.000000000000000000e+00,5.494209548261694276e-02
2.476494976677428639e+01,0.000000000000000000e+00,4.470519832043674466e-03
3.492155795147749586e+01,0.000000000000000000e+00,5.396254940662669614e-02
3.357860852441270794e+01,0.000000000000000000e+00,-5.678634611826244294e-01
2.544598901674331870e+01,0.000000000000000000e+00,4.428574709887262914e-03
3.917777418045699989e+01,0.000000000000000000e+00,5.806428446864835280e+00
1.527351271499202134e+01,0.000000000000000000e+00,9.079339393442156236e-01
3.485280351425863188e+01,0.000000000000000000e+00,5.832507094791078428e-02
3.138171992310138236e+01,0.000000000000000000e+00,5.303772202204615205e+00
4.644570343697532167e+01,0.000000000000000000e+00,3.701460737740344786e+00
4.302917636747305608e+01,0.000000000000000000e+00,2.192453259726891979e+00
2.900676653549279038e+01,0.000000000000000000e+00,1.542446961522217670e-02
4.935140418192415268e+01,0.000000000000000000e+00,-1.402518437660955630e-01
4.988880944668649420e+01,0.000000000000000000e+00,-4.874640596968691675e+00
3.468691022139999802e+01,0.000000000000000000e+00,4.486230584160000008e-04
3.480689017998438572e+01,0.000000000000000000e+00,2.414812861786347353e-02
4.206998181200000175e+01,0.000000000000000000e+00,8.510231561910000520e-02
2.361655310036171329e+01,0.000000000000000000e+00,4.944715071111322260e-03
2.275645656249772841e+01,0.000000000000000000e+00,-2.958472321367573432e+00
3.821868061867280630e+01,0.000000000000000000e+00,1.180572233878733002e+01
2.465916795875268619e+01,0.000000000000000000e+00,4.222168884332620255e-03
4.102013163821933972e+01,0.000000000000000000e+00,1.200707806787263543e+01
3.492418056731097664e+01,0.000000000000000000e+00,5.322901941334996778e-02
4.205182494274261273e+01,0.000000000000000000e+00,1.185153371272843437e+01
4.651939344595214010e+01,0.000000000000000000e+00,9.633899977225606648e+00
2.385680321056378261e+01,0.000000000000000000e+00,2.978405573230862892e-03
2.400838649279594605e+01,0.000000000000000000e+00,3.848853009096175806e-03
3.479212129586917257e+01,0.000000000000000000e+00,2.140482824599919953e-01
3.470810097921431492e+01,0.000000000000000000e+00,3.315905972691526871e-02
1.647561115507044249e+01,0.000000000000000000e+00,7.671231068385489472e-04
3.015581344725279322e+01,0.000000000000000000e+00,6.355797734505146401e+00
2.651510876141673734e+01,0.000000000000000000e+00,-3.615479874548404471e+00
1.928574807608584152e+01,0.000000000000000000e+00,5.468281475567809274e-03
2.966320533117291802e+01,0.000000000000000000e+00,1.559729891983619582e-02
3.474306580307428050e+01,0.000000000000000000e+00,3.831943863495741471e-03
-6.230920495736893550e+00,0.000000000000000000e+00,8.767036759229531739e-01
3.481219785281123791e+01,0.000000000000000000e+00,3.255821272711481584e-01
3.489137000233319696e+01,0.000000000000000000e+00,2.904387768656923469e-02
3.435001569662634324e+01,0.000000000000000000e+00,7.401635818262347621e-01
2.717033460593825822e+01,0.000000000000000000e+00,8.359914096904766737e-03
2.606795235138046252e+01,0.000000000000000000e+00,6.364922865997465866e-03
1.954056057001297120e+01,0.000000000000000000e+00,8.586002178819306498e-04
2.140006409637425122e+01,0.000000000000000000e+00,6.948970275038028437e-03
3.441026991583010641e+01,0.000000000000000000e+00,-9.894083162558485744e-01
3.489688531231720248e+01,0.000000000000000000e+00,3.525060420012797180e-01
3.471705833920226070e+01,0.000000000000000000e+00,8.327163367501411520e-03
4.371242504950902230e+01,0.000000000000000000e+00,1.085106382918563561e+01
1.453882821110000023e+01,0.000000000000000000e+00,8.445654128090000117e-04
-4.646635122685810693e+00,0.000000000000000000e+00,1.266643160832537252e+00
2.047081091288800536e+01,0.000000000000000000e+00,1.281513371731284393e-03
2.817400927305930836e+01,0.000000000000000000e+00,-3.127824137184506692e-01
4.273405536292987250e+01,0.000000000000000000e+00,7.621332843937538293e+00
3.312815377984928489e+01,0.000000000000000000e+00,4.308203319039474039e-02
2.992137185392429899e+01,0.000000000000000000e+00,1.973213420109249522e-02
3.475260809881027768e+01,0.000000000000000000e+00,-2.714334485688405657e-02
1.490642260364558247e+01,0.000000000000000000e+00,-1.759108555478132052e+00
3.094216903937752150e+01,0.000000000000000000e+00,2.216198483926550694e-02
2.192271890115080879e+01,0.000000000000000000e+00,3.513991800440662699e-02
4.938833117030708308e+01,0.000000000000000000e+00,-1.348135392571848223e+00
2.392520589978847667e+01,0.000000000000000000e+00,-6.197607894933792466e-02
2.603929024695713323e+01,0.000000000000000000e+00,4.810833251879011174e-02
4.810770360413577862e+01,0.000000000000000000e+00,-2.128608698483536621e+00
3.480724818285133182e+01,0.000000000000000000e+00,6.136240937908184201e-02
3.479280306866264993e+01,0.000000000000000000e+00,5.859627628773590030e-02
-4.806709240514407178e+00,0.000000000000000000e+00,1.554757004639826246e+00
3.525508757729334519e+01,0.000000000000000000e+00,-4.542701245606254323e-01
3.495836290284206171e+01,0.000000000000000000e+00,5.621604333273325094e-02
2.931361962004229227e+01,0.000000000000000000e+00,1.514296786355132790e-02
3.874998648740136531e+01,0.000000000000000000e+00,1.067702135686656639e+01
-6.121009198226843750e+00,0.000000000000000000e+00,6.561632563143668939e-01
3.493919593742485574e+01,0.000000000000000000e+00,5.554210485169498723e-02
2.837738679645559614e+01,0.000000000000000000e+00,1.331352511695576939e-02
7.066218407407073521e+00,0.000000000000000000e+00,-1.577545395404722495e+00
2.048860410445778868e+01,0.000000000000000000e+00,-1.310885696166874115e-01
2.691857012969633089e+01,0.000000000000000000e+00,3.444358170515465778e-02
2.298012538736916710e+01,0.000000000000000000e+00,2.834158698719742298e-02
3.445271607929653612e+01,0.000000000000000000e+00,-3.225444627667320985e-01
3.480813186697738359e+01,0.000000000000000000e+00,6.281307175475024651e-02
3.463247837285979358e+01,0.000000000000000000e+00,3.138302215324349498e-01
3.478860676113671957e+01,0.000000000000000000e+00,5.568682518602424691e-02
1.554284066880000026e+01,0.000000000000000000e+00,5.278836348149999790e-04
3.491739210907645230e+01,0.000000000000000000e+00,6.559566922630945263e-02
3.409541194237662154e+01,0.000000000000000000e+00,5.105407814073858325e-02
3.533795672700202317e+01,0.000000000000000000e+00,-5.440217669004158152e-01
2.336508776708114965e+01,0.000000000000000000e+00,-4.737589307725216692e+00
3.014103247693748955e+01,0.000000000000000000e+00,-4.203535184052549778e-01
1.499733755299999949e+01,0.000000000000000000e+00,3.411005813079999970e-04
3.485731188926708057e+01,0.000000000000000000e+00,-9.535954759827641736e-02
1.994141143070131506e+01,0.000000000000000000e+00,-1.174353555015201708e-02
2.813111794652362718e+01,0.000000000000000000e+00,1.129899025635416714e-02
-4.359755585971856640e+00,0.000000000000000000e+00,1.437095224784674663e+00
3.394732451008243856e+01,0.000000000000000000e+00,6.596386080149526876e+00
3.477195577780054947e+01,0.000000000000000000e+00,-3.306846903492735579e-01
4.151065662194390171e+01,0.000000000000000000e+00,-1.425428684963883086e+00
3.495973426887291424e+01,0.000000000000000000e+00,5.681989702392457181e-02
2.588640037958474238e+01,0.000000000000000000e+00,5.065907120548080768e-03
3.469950743412811534e+01,0.000000000000000000e+00,5.874811552773114842e-01
3.628582330678326429e+01,0.000000000000000000e+00,1.534549685428135746e+00
3.965983216385711074e+01,0.000000000000000000e+00,6.837839298634172280e+00
3.045380986434675563e+01,0.000000000000000000e+00,6.603527257696335084e+00
3.391313059827918863e+01,0.000000000000000000e+00,1.248107937798352163e+00
