x_over_c,Cp_corrected,Cf_corrected
-3.208545918367347,0.021201960855917565,0.0051593407182440616
-3.197066326530613,0.01811025425917768,0.005637056143021477
-3.185586734693878,0.012932600236572587,0.0056799320307994216
-3.174107142857143,0.011036772173450695,0.005408297009602998
-3.1626275510204085,0.010008857766178877,0.005042493882787904
-3.1511479591836737,0.008941096249476177,0.0046843224994936985
-3.1396683673469394,0.008054627385062307,0.004367597943104803
-3.1281887755102042,0.007381627008169506,0.0041062384920638705
-3.1167091836734695,0.006868804252512763,0.0039003360114993235
-3.105229591836735,0.0064749651203617675,0.003742947088313089
-3.09375,0.006173384654000156,0.0036247829302955767
-3.0822704081632657,0.005935502936429571,0.0035360956857215134
-3.070790816326531,0.005736288067622249,0.0034681488804047126
-3.0593112244897966,0.005561575093104303,0.0034144320498376768
-3.0478316326530615,0.005401019383494887,0.0033701844604339106
-3.0363520408163263,0.005249920456012556,0.0033321275221970905
-3.0248724489795924,0.0051062865728952874,0.003298206907313294
-3.013392857142857,0.004967635389167182,0.0032670253190782805
-3.0019132653061233,0.0048338578854634565,0.0032376747461918373
-2.990433673469388,0.004706038223593316,0.0032096752704802722
-2.978954081632653,0.004583019344540601,0.0031827589668610265
-2.9674744897959187,0.004465246939425904,0.0031567576660136466
-2.955994897959184,0.004354218013028191,0.003131603847186641
-2.9445153061224496,0.004249502381576942,0.003107269878890244
-2.9330357142857144,0.004151990400847784,0.003083697096243422
-2.921556122448979,0.004060417949819438,0.003060814660819722
-2.9100765306122454,0.003969744434956089,0.00304711788300338
-2.89859693877551,0.0038757624689083415,0.003034274424587169
-2.8871173469387763,0.0037794665691771485,0.003021250860219526
-2.875637755102041,0.0036843085508136246,0.003008217445218991
-2.8641581632653064,0.0035908535154054637,0.002995315286886447
-2.8526785714285716,0.0034992630112287387,0.0029826301272740043
-2.841198979591837,0.003410353246306424,0.002970222813215767
-2.8297193877551026,0.0033240213862433766,0.0029581374640526795
-2.8182397959183674,0.003239435568445318,0.0029463838215613683
-2.8067602040816335,0.0031565421917415623,0.0029349494877741263
-2.7952806122448983,0.0030756224511136027,0.002923826330151426
-2.783801020408163,0.0029965830004970912,0.0029130106058624454
-2.7723214285714293,0.0029193091091542058,0.002902494500753824
-2.760841836734694,0.00284389079763719,0.002892272796598207
-2.7493622448979598,0.002770137143165766,0.0028823434561114363
-2.7378826530612246,0.0026976531476127353,0.0028726995615746377
-2.7264030612244894,0.002626594642488062,0.0028633269580592433
-2.7149234693877555,0.0025572587748865006,0.0028542134487538873
-2.7034438775510203,0.0024894590673494323,0.00284535296105545
-2.6919642857142865,0.0024227552544397518,0.002836737846945253
-2.6804846938775513,0.002356959176911967,0.002828355545184828
-2.669005102040816,0.0022921878837176223,0.0028201907060996733
-2.657525510204082,0.0022284516021782532,0.0028122270662199857
-2.646045918367347,0.002165605156139701,0.0028044501430801194
-2.6345663265306127,0.002103501830080022,0.0027968492004001306
-2.6230867346938775,0.002042049868849079,0.002789415867348643
-2.6116071428571437,0.0019812020350776535,0.0027821438976189227
-2.6001275510204085,0.0019211095797216037,0.002775027417950373
-2.5886479591836733,0.0018618788345854053,0.0027680615400393176
-2.5771683673469394,0.001803438565478514,0.002761244595379132
-2.5656887755102042,0.0017455947249177372,0.002754574694818553
-2.55420918367347,0.0016882464863230515,0.00274804735569419
-2.5427295918367347,0.001631498368108085,0.0027416575407512057
-2.53125,0.001575480633685578,0.002735400829200536
-2.5197704081632657,0.0015201365117890105,0.0027292734609323695
-2.5082908163265305,0.0014652741023798742,0.0027232710767046632
-2.4968112244897966,0.0014107180470584327,0.002717386889379695
-2.4853316326530615,0.001356424667482486,0.002711613315977064
-2.4738520408163263,0.0013025019670151097,0.0027059439319041456
-2.4623724489795924,0.0012490655298673116,0.002700373494303866
-2.450892857142857,0.0011960974626049302,0.0026948995157246294
-2.439413265306123,0.0011434794255449278,0.00268952133449163
-2.4279336734693877,0.0010911168193786472,0.002684236937213991
-2.4164540816326534,0.0010390283546916701,0.0026790438248344207
-2.4049744897959187,0.000987298935102415,0.0026739401295583216
-2.3934948979591835,0.0009359854338668674,0.002668923477754495
-2.3820153061224496,0.0008850931478251542,0.0026639920947739582
-2.3705357142857144,0.0008345318316382355,0.0026591456380781454
-2.3590561224489797,0.0007841739546771891,0.002654382411462229
-2.347576530612245,0.0007339486721909732,0.0026496987694686947
-2.33609693877551,0.0006839073278326601,0.0026450903941505097
-2.324617346938776,0.0006341531968015082,0.0026405526355776695
-2.313137755102041,0.0005847109634499391,0.0026360824719591463
-2.3016581632653064,0.0005354777209045509,0.002631679136077833
-2.2901785714285716,0.0004863357829728218,0.0026273412548337184
-2.278698979591837,0.000437286673777205,0.00262306642527451
-2.267219387755102,0.00038842919002256905,0.002618852949681593
-2.2557397959183674,0.0003398271336158481,0.0026146996862233813
-2.244260204081633,0.0002914720711864075,0.0026106058631141316
-2.232780612244898,0.00024331103014664916,0.002606571201298856
-2.2213010204081636,0.0001952948508951254,0.002602595052181319
-2.2098214285714284,0.00014739137795309216,0.0025986764405828483
-2.198341836734694,9.960792048036181e-05,0.002594814025152043
-2.1868622448979593,5.194250087556765e-05,0.0025910058699875416
-2.1753826530612246,4.427113336974479e-06,0.0025872493895416427
-2.16390306122449,-4.293571588864723e-05,0.0025835425511533754
-2.1524234693877555,-9.019135773720615e-05,0.0025798842219784098
-2.1409438775510203,-0.00013739956258515334,0.0025762730328171227
-2.129464285714286,-0.00018458130976405413,0.0025727075653468306
-2.1179846938775513,-0.0002316966546785797,0.002569186560247006
-2.1065051020408165,-0.0002786859378910691,0.0025657086463132814
-2.095025510204082,-0.0003255090375902447,0.0025622730439455008
-2.083545918367347,-0.0003722074183447127,0.002558880076630338
-2.0720663265306123,-0.00041885808490575157,0.00255552975591894
-2.0605867346938775,-0.00046549511295520803,0.0025522212914919047
-2.0491071428571432,-0.0005120888988091073,0.002548953887220162
-2.0376275510204085,-0.0005586072909642937,0.0025457266756630146
-2.0261479591836737,-0.0006050226174327749,0.0025425383170919473
-2.014668367346939,-0.000651354622084556,0.0025393878840739405
-2.0031887755102042,-0.0006976666694856277,0.002536274940747524
-1.9917091836734695,-0.0007440055999698997,0.0025331982154227586
-1.9802295918367347,-0.0007903660555465531,0.00253015615728653
-1.9687500000000002,-0.0008367001401404504,0.0025271476644112153
-1.9572704081632655,-0.0008829951092089687,0.0025241719674113086
-1.9457908163265307,-0.0009292426642295676,0.0025212284662954024
-1.934311224489796,-0.0009754519632523006,0.0025183168543648536
-1.9228316326530612,-0.0010216583148831384,0.002515437194025861
-1.9113520408163267,-0.0010678758274943563,0.0025125890735420765
-1.899872448979592,-0.0011141030976407971,0.002509771894231313
-1.8883928571428574,-0.0011603372068218442,0.0025069855613387053
-1.8769132653061225,-0.0012065859859516262,0.0025042297324757022
-1.865433673469388,-0.001252837124228932,0.002501503466135159
-1.853954081632653,-0.0012990841831217448,0.002498806151060912
-1.8424744897959184,-0.0013453581862815228,0.002496137519680932
-1.830994897959184,-0.0013917003274400437,0.002493496857242412
-1.8195153061224492,-0.001438126945877126,0.0024908833010642193
-1.8080357142857144,-0.0014846241620861812,0.0024882960644818583
-1.7965561224489794,-0.0015311752579563864,0.0024857343326280357
-1.785076530612245,-0.0015777497859100216,0.0024831973806034822
-1.7735969387755104,-0.0016243454450078174,0.00248068499043655
-1.7621173469387756,-0.0016710031205211687,0.0024781974278990887
-1.750637755102041,-0.0017177665628118097,0.002475734660874273
-1.7391581632653064,-0.0017646445176987768,0.0024732962202791502
-1.7276785714285714,-0.001811615257073655,0.0024708816757209747
-1.7161989795918369,-0.001858672297709902,0.0024684908479183044
-1.7047193877551021,-0.001905802538806367,0.0024661232722613586
-1.6932397959183676,-0.0019530126120092986,0.002463778576399519
-1.6817602040816328,-0.0020003439311467195,0.0024614569533610493
-1.6702806122448979,-0.00204784254559795,0.002459158107139277
-1.6588010204081634,-0.0020955219623243204,0.0024568811579104557
-1.6473214285714286,-0.002143354599871604,0.002454625379316082
-1.635841836734694,-0.002191328248816454,0.002452390275175057
-1.624362244897959,-0.0022394394507823144,0.002450175377577273
-1.6128826530612246,-0.0022876957161349484,0.0024479804551724793
-1.6014030612244898,-0.0023361252683634114,0.002445805608088803
-1.589923469387755,-0.002384759565174667,0.0024436507994225784
-1.5784438775510206,-0.002433605826496531,0.0024415156736794083
-1.566964285714286,-0.002482654196812981,0.0024393999461582885
-1.555484693877551,-0.0025319062752993684,0.0024373035508390263
-1.5440051020408165,-0.0025813829728672457,0.0024352264869306334
-1.5325255102040816,-0.002631092382894806,0.0024331684988622734
-1.521045918367347,-0.0026810395324350527,0.002431129276171292
-1.5095663265306125,-0.0027312447566605258,0.002429108794459813
-1.4980867346938775,-0.0027817344589910844,0.0024271068493393545
-1.486607142857143,-0.0028325257678551694,0.0024251229641171178
-1.475127551020408,-0.0028836196685861756,0.0024231567565687773
-1.4636479591836735,-0.002935026025469599,0.0024212079765240316
-1.4521683673469388,-0.002986750100375135,0.0024192762664701013
-1.4406887755102042,-0.0030387866533526185,0.002417361231049538
-1.4292091836734695,-0.003091144808196638,0.0024154628338905475
-1.4177295918367347,-0.003143854287826151,0.0024135812422733803
-1.40625,-0.0031969388350786047,0.0024117163152385813
-1.3947704081632653,-0.0032504141757224527,0.0024098679344516714
-1.3832908163265307,-0.003304294575513403,0.002408036170924248
-1.371811224489796,-0.0033585953974070142,0.0024062208773553188
-1.3603316326530612,-0.0034133130549520514,0.002404421700200679
-1.3488520408163265,-0.0034684414546962174,0.0024026384393950034
-1.3373724489795917,-0.003524002455955164,0.002400871162649563
-1.3258928571428572,-0.0035800320031252717,0.002399119869937082
-1.3144132653061227,-0.003636562488820411,0.0023973843894905013
-1.3029336734693877,-0.0036936070393938526,0.002395664443004907
-1.2914540816326532,-0.00375116683184266,0.0023939596499879647
-1.2799744897959182,-0.003809238210299607,0.002392269678552165
-1.2684948979591837,-0.003867817371370421,0.002390594291333025
-1.2570153061224492,-0.003926909582921265,0.0023889333420114675
-1.2455357142857144,-0.0039865379226822015,0.0023872869308792714
-1.2340561224489797,-0.0040467326734253154,0.0023856551872629165
-1.2225765306122447,-0.004107517532024806,0.0023840380222035686
-1.2110969387755102,-0.00416889941790343,0.002382435282358725
-1.1996173469387756,-0.0042308745576492305,0.0023808467857739505
-1.188137755102041,-0.004293441476690135,0.002379272351899495
-1.1766581632653061,-0.004356593263876933,0.002377711775446788
-1.1651785714285714,-0.004420327783861182,0.002376164859937225
-1.1536989795918366,-0.004484660946541202,0.002374631641551672
-1.1422193877551021,-0.004549614275706766,0.0023731121107164505
-1.1307397959183674,-0.004615195725814838,0.002371605920283446
-1.1192602040816326,-0.0046813888091506144,0.0023701126305180763
-1.1077806122448979,-0.004748171296061247,0.0023686319034776863
-1.0963010204081634,-0.004815526292914342,0.002367163443305619
-1.0848214285714286,-0.0048834343050910885,0.002365706939157366
-1.0733418367346939,-0.004951873348140263,0.002364262117610317
-1.061862244897959,-0.005020827695794171,0.002362828834091022
-1.0503826530612244,-0.005090282629779866,0.0023614069350524126
-1.0389030612244898,-0.0051602159232307255,0.0023599961363389953
-1.027423469387755,-0.005230589938231349,0.002358596070441541
-1.0159438775510203,-0.005301356867934469,0.002357206330887863
-1.0044642857142858,-0.005372459125549184,0.0023558264310023515
-0.9929846938775511,-0.005443833354318564,0.0023544558614025978
-0.9815051020408163,-0.005515410425729763,0.0023530941091876624
-0.9700255102040817,-0.005587117915107482,0.0023517406059101777
-0.9585459183673469,-0.005658881827508449,0.0023503948129348297
-0.9470663265306122,-0.005730614359671715,0.0023490560603769053
-0.9355867346938775,-0.00580221476107646,0.0023477235376104396
-0.9241071428571428,-0.005873560023242479,0.002346396368330218
-0.9126275510204082,-0.005944514713233693,0.0023450736112472985
-0.9011479591836734,-0.006014933859217464,0.002343754342188076
-0.8896683673469387,-0.006084654702864894,0.0023424375357052507
-0.8781887755102041,-0.006153490761518073,0.0023411219522529846
-0.8667091836734694,-0.006221243865372004,0.0023398064486359208
-0.8552295918367346,-0.00628771484351564,0.0023384900354239727
-0.84375,-0.006352686683548181,0.00233717142007513
-0.8322704081632655,-0.006415907144051357,0.0023358490113268068
-0.8207908163265305,-0.006477089297781789,0.0023345211692433997
-0.8093112244897956,-0.006535922226982423,0.0023331860847406885
-0.7978316326530611,-0.006592065509528687,0.002331841722921117
-0.7863520408163265,-0.006645144155560741,0.002330485913110006
-0.7748724489795918,-0.0066947580486943,0.002329116394923768
-0.7633928571428573,-0.0067404880057452005,0.0023277308763938595
-0.7519132653061225,-0.006781882242391388,0.0023263268599085863
-0.7404336734693876,-0.006818440222392835,0.002324901434196987
-0.728954081632653,-0.006849608767955612,0.002323451503660704
-0.7174744897959183,-0.006874768120540489,0.0023219733270645284
-0.7059948979591838,-0.006893309085640057,0.0023204649743440425
-0.6945153061224489,-0.0069045747657599825,0.002318920360458527
-0.6830357142857141,-0.006907671053714863,0.002317341981669543
-0.6715561224489794,-0.006901811991191442,0.0023157101357703025
-0.6600765306122448,-0.006886180757351338,0.002314032409096085
-0.6485969387755103,-0.006859951363437357,0.0023123029502748337
-0.6371173469387756,-0.006822089904366827,0.002310515414180908
-0.6256377551020408,-0.006771284466703629,0.002308661792009797
-0.6141581632653059,-0.006706662106604352,0.002306739028326222
-0.6026785714285713,-0.006626597339802822,0.0023047377793021713
-0.5911989795918366,-0.006530545979780761,0.002302664846804103
-0.5797193877551021,-0.006416224523721685,0.0023005204551588415
-0.5682397959183673,-0.006282498331260795,0.0022983067625080033
-0.5567602040816324,-0.006127122976464299,0.0022960146509732895
-0.5452806122448978,-0.005948933200224741,0.002293633733304876
-0.5338010204081631,-0.005745948374562824,0.002291151098443186
-0.5223214285714286,-0.005516054808828722,0.0022885548814507253
-0.510841836734694,-0.005257028166542575,0.002285832485971902
-0.4993622448979591,-0.004966494431849132,0.0022829704911146854
-0.48788265306122425,-0.00464188277118895,0.0022799545533408656
-0.4764030612244896,-0.0042804451494586285,0.0022767692566011666
-0.46492346938775503,-0.0038792589660552484,0.002273398248589689
-0.45344387755102045,-0.003435145291492568,0.0022698233677390226
-0.4419642857142858,-0.0029447277885434604,0.0022660251859468765
-0.43048469387755095,-0.002404312392394514,0.00226198234649214
-0.4190051020408161,-0.0018099829469431848,0.0022576719505005382
-0.4075255102040815,-0.0011574898649381186,0.002253069088857234
-0.39604591836734687,-0.0004422782105698826,0.002248146684977576
-0.3845663265306123,0.0003405345480443868,0.0022428756879853745
-0.37308673469387743,0.0011962603963285307,0.002237223913275023
-0.36160714285714257,0.0021305674866298353,0.002231156718396804
-0.350127551020408,0.0031496661945448956,0.0022246358045742267
-0.33864795918367335,0.004260187339237926,0.002217619701620365
-0.32716836734693877,0.005469357576058757,0.002210062935273344
-0.31568877551020413,0.006784967970934134,0.0022019156031178547
-0.3042091836734693,0.008215453328787753,0.0021931231187415656
-0.2927295918367344,0.009770032205342706,0.002183624580991339
-0.28124999999999983,0.011458647554185306,0.0021733534194737065
-0.26977040816326525,0.013292222705002453,0.0021622352470506727
-0.2582908163265306,0.015282548636464286,0.002150188100163584
-0.24681122448979576,0.0174425789478136,0.0021371203388972945
-0.2353316326530609,0.01978644264542092,0.002122929187021529
-0.2238520408163263,0.022329610943189658,0.0021074999372937718
-0.2123724489795917,0.025089109873184624,0.0020907026587549714
-0.2008928571428571,0.028083552388126157,0.0020723912859072595
-0.18941326530612249,0.03133357246204548,0.002052398718709108
-0.17793367346938763,0.03486180387407435,0.0020305351572735744
-0.16645408163265277,0.03869338102602827,0.002006582229507794
-0.15497448979591816,0.04285606608828227,0.001980287875263975
-0.14349489795918358,0.04738077299674733,0.0019513582581088165
-0.13201530612244897,0.052301793328646824,0.0019194511926798183
-0.1205357142857141,0.05765771167408663,0.001884155208428655
-0.10905612244897923,0.06349094309895975,0.0018449942315043558
-0.09757653061224464,0.0698510996623854,0.0018013511547260487
-0.08609693877551003,0.07678970892250343,0.0017525564409101536
-0.07461734693877543,0.08437569844177244,0.001697546494254088
-0.06313775510204084,0.09266486065858597,0.0016354459515274583
-0.051658163265305965,0.1017745808257604,0.0015638555332791004
-0.040178571428571105,0.11172325342524358,0.0014822707954403652
-0.028698979591836503,0.12280626150716198,0.0013825916903474275
-0.0172193877551019,0.134737458707417,0.0012700042112946217
-0.0057397959183673,0.15623241826957843,0.0011012971842803477
0.0015624999999999999,0.16427832481239205,0.0009964151206685752
0.0046875,0.16580861798871316,0.0009532837882553334
0.0078125,0.16724129712395294,0.0009337399537313137
0.0109375,0.1685784013713133,0.0009342900896134456
0.014062499999999999,0.17216479443925567,0.0009428459456264178
0.017187499999999998,0.17314471274578144,0.0009556008396170255
0.0203125,0.17564090568140725,0.0009711120984370492
0.023437499999999997,0.17779427716739152,0.0009873652152025097
0.0265625,0.17976216143158358,0.0010038633303021231
0.029687499999999995,0.1809177160656331,0.001020566603726779
0.032812499999999994,0.182496868381385,0.0010377222919726345
0.0359375,0.18386262394703798,0.0010554557341613245
0.03906249999999999,0.18495812680787996,0.0010739556222570286
0.042187499999999996,0.18589374901029979,0.0010932135760592585
0.0453125,0.1866473885752593,0.0011133324031909531
0.048437499999999994,0.1871923722357224,0.0011341526226272926
0.0515625,0.18754471178506768,0.001155848940844352
0.05468749999999999,0.1877213153047248,0.0011784999890952805
0.057812499999999996,0.18774799569359538,0.0012018850346704887
0.0609375,0.1875794674249814,0.0012259830459993412
0.0640625,0.18742531267397722,0.0012506569239335815
0.0671875,0.18705091306297328,0.001275968591098252
0.07031249999999999,0.18663643284076875,0.0013020736647917075
0.07343749999999999,0.18590258104489113,0.0013288245441081307
0.07656249999999999,0.18500773690809816,0.0013562610412588703
0.07968749999999998,0.18419352971354414,0.001384269471299763
0.0828125,0.18312120763476988,0.0014129276700026797
0.08593749999999999,0.18173672617339937,0.00144213472179396
0.0890625,0.18033797646245434,0.0014719620052218822
0.09218749999999999,0.1788877420804235,0.0015023088976837016
0.09531249999999998,0.17712424116642758,0.001533246693937557
0.0984375,0.17544556929905947,0.0015646792241229412
0.10156249999999999,0.17354311495900882,0.0015966839553746587
0.1046875,0.17139525408921,0.0016291731385094381
0.10781249999999999,0.168886629584458,0.0016622201392001883
0.11093749999999998,0.16638572385532654,0.001695730163713987
0.1140625,0.1639950941237857,0.001729778664867397
0.11718749999999999,0.16099234456504544,0.0017642772357981916
0.1203125,0.15810268749623838,0.001799311031059221
0.12343749999999999,0.15490533971218023,0.0018347827304757312
0.12656249999999997,0.15166096480162106,0.0018707813299093565
0.12968749999999998,0.14817220427070374,0.0019072004693284307
0.13281249999999997,0.14469375612195784,0.0019441426389666424
0.1359375,0.1409375264447065,0.0019814884439704576
0.13906249999999998,0.13674265554410944,0.0020193607845370096
0.1421875,0.1323625754426944,0.00205762348603259
0.14531249999999998,0.12818448438926333,0.002096418967815667
0.1484375,0.12380462058339263,0.002135581448952998
0.1515625,0.11889179022772305,0.0021752818731814953
0.15468749999999998,0.11378892532065593,0.0022153302824575983
0.15781249999999997,0.10888188843130321,0.002255932220077312
0.16093749999999998,0.10341063787167747,0.00229686019339648
0.1640625,0.09827681748353574,0.002338353501027261
0.1671875,0.0924367192762356,0.002380144654280436
0.17031249999999998,0.08666126935328101,0.002422512034631621
0.17343749999999997,0.08043853026815564,0.002465122376140539
0.17656249999999998,0.07402025168733446,0.002508238299772045
0.1796875,0.06740232545131085,0.00255152008133535
0.1828125,0.06100602116996336,0.0025953364176851197
0.18593749999999998,0.054000587377249186,0.0026393128308834306
0.18906249999999997,0.04739406464509779,0.002683857110126619
0.19218749999999998,0.04000230014987842,0.002728560483388918
0.1953125,0.032409615832530284,0.0027738613505023106
0.1984375,0.024610599791496598,0.002819316144344336
0.20156249999999998,0.01660955600435944,0.0028653851306732047
0.20468749999999997,0.008400316148403916,0.0029116084741643653
0.20781249999999998,8.434630223792793e-05,0.0029584571236961487
0.2109375,-0.008537226220250976,0.003005460990439277
0.2140625,-0.01736347921053413,0.003053084948773321
0.21718749999999998,-0.026401209562629178,0.0031008704863142084
0.22031249999999997,-0.0356444649112687,0.0031492652648138007
0.22343749999999998,-0.05476312232058069,0.0031978374815089584
0.2265625,-0.06463963250293982,0.0032469875679652723
0.2296875,-0.07472315735626392,0.003296337849372767
0.23281249999999998,-0.08502114866134997,0.003346225255171934
0.23593749999999997,-0.09552667556161552,0.0033963485598092354
0.23906249999999998,-0.10624691162411222,0.0034469507464809567
0.2421875,-0.11622341873903876,0.0034978348365962706
0.2453125,-0.12734602622916144,0.003549122950493037
0.24843749999999998,-0.13867654243636052,0.0036007512232692196
0.25156249999999997,-0.15034698246601869,0.0036526956753022964
0.25468749999999996,-0.16209820999042326,0.0037050412378683974
0.2578125,-0.1740615160474201,0.0037576137648625556
0.2609375,-0.18623098630992804,0.003810639874464804
0.2640625,-0.19861041996146597,0.003863810792821923
0.26718749999999997,-0.21119489875435474,0.003917474261439147
0.27031249999999996,-0.22398621342780126,0.003971210290053807
0.2734375,-0.2381029794367774,0.004025449835331372
0.2765625,-0.25117377924265427,0.0040796399924856175
0.2796875,-0.26458674034254076,0.004134313444867138
0.28281249999999997,-0.2781960707863827,0.004188880022965916
0.28593749999999996,-0.29200537626402323,0.004243937758095519
0.2890625,-0.3060055558844764,0.004298851134924082
0.2921875,-0.3202016961118979,0.0043542560522079115
0.2953125,-0.33458232656815,0.004409478336621159
0.2984375,-0.3491534522889602,0.00446516376542852
0.3015625,-0.36344300178105104,0.004520631236525081
0.3046875,-0.3783626530248826,0.004576524857127855
0.3078125,-0.3934507060814785,0.004632166021038907
0.3109375,-0.4087144323885352,0.004688174152105561
0.3140625,-0.43198804288111675,0.0047438922726098015
0.3171875,-0.45546096008300424,0.0047999073508118864
0.3203125,-0.4713506883906863,0.004855588799001173
0.3234375,-0.4887188438402256,0.0049114646063029435
0.3265625,-0.5058757386754984,0.0049669431298699435
0.32968749999999997,-0.5228133997003368,0.005022526726695355
0.3328125,-0.5392478615702736,0.005102453413050341
0.3359375,-0.5557884964307568,0.005187391722641543
0.3390625,-0.572743153325852,0.0052742295846292
0.3421875,-0.5894918781271091,0.005362378887516782
0.3453125,-0.606339412358663,0.005451078399763794
0.3484375,-0.6248548032221349,0.005540123734279972
0.3515625,-0.6429927124657745,0.005629014064360482
0.3546875,-0.6600605710637275,0.005717720856871465
0.3578125,-0.6780187294640665,0.005805868770471067
0.36093749999999997,-0.6951662716175653,0.005893506541672433
0.3640625,-0.7123349332253085,0.0059803155364430505
0.3671875,-0.7314108455396252,0.006066389771915982
0.3703125,-0.7485704231343293,0.006151432521143576
0.3734375,-0.7667535328627355,0.006235538080436624
0.3765625,-0.7854544312072034,0.006318410444323674
0.3796875,-0.8020153894429078,0.006400151241939256
0.3828125,-0.8207795483585137,0.00648045966351658
0.3859375,-0.8375995660682449,0.006559424512789111
0.3890625,-0.8565327361868221,0.006636734012728082
0.39218749999999997,-0.8746546969972412,0.006712478168754487
0.3953125,-0.892225427212765,0.006786335483760545
0.3984375,-0.9095916273930555,0.006858373019056664
0.4015625,-0.9272964527211154,0.006928258588741653
0.4046875,-0.9446748827044891,0.0069960660809630405
0.4078125,-0.9608557846419673,0.0070614578052547484
0.4109375,-0.9778257972635859,0.007124479332842829
0.4140625,-0.9938568543675933,0.007184788771425707
0.4171875,-1.0083136025297825,0.00724243870166196
0.4203125,-1.0260698071861758,0.007297089615982313
0.4234374999999999,-1.03971120279431,0.007348773623630346
0.4265625,-1.053848688331322,0.007397154402903196
0.4296875,-1.067865542013792,0.007442257325820769
0.4328125,-1.0807142959129417,0.007483765093892278
0.4359374999999999,-1.0930966707514103,0.0075217010863533485
0.4390625,-1.1014725064616928,0.00755575578392672
0.4421875,-1.1122330550434127,0.0075859264213604845
0.4453125,-1.1231467611040769,0.007611930148098799
0.44843749999999993,-1.133209871652329,0.007633772606679345
0.4515624999999999,-1.141848977107242,0.0076511966541358755
0.4546874999999999,-1.150706570728783,0.007664020387202091
0.4578125,-1.158824172761736,0.0076717565706321275
0.46093749999999994,-1.1662811036622758,0.007674490366356839
0.46406249999999993,-1.172574451003938,0.007671904736706803
0.4671874999999999,-1.1785625680504852,0.007664094268585312
0.4703125,-1.1837753644114097,0.007650821232754252
0.4734375,-1.185597360455402,0.00763216758321224
0.47656249999999994,-1.189546905104625,0.007607974671211663
0.47968749999999993,-1.192831477736594,0.007578298354036525
0.4828124999999999,-1.1951459873594816,0.0075427031480217455
0.4859374999999999,-1.196889949596606,0.0075015857616358705
0.48906249999999996,-1.1976732860174741,0.007455300680276653
0.49218749999999994,-1.197964778956317,0.007404516119373673
0.49531249999999993,-1.196721943710671,0.00735132485865528
0.4984374999999999,-1.195330650322032,0.007290332407064064
0.5015625,-1.193532712745635,0.007216494530197658
0.5046875,-1.191252712092498,0.007139925493872913
0.5078125,-1.1885983886060376,0.007060558306645455
0.5109374999999999,-1.1847407988569387,0.006976093952162976
0.5140625,-1.1800041066992752,0.0068880457217046324
0.5171875,-1.1745346088553894,0.006795419228064241
0.5203125,-1.1686396067913751,0.006697972593491671
0.5234375,-1.1613401571615296,0.00659595419490072
0.5265624999999999,-1.1536692987506596,0.006489400316695089
0.5296875,-1.1501500249212302,0.006378667886310526
0.5328125,-1.141035566750903,0.006263745825596769
0.5359375,-1.1312242957746326,0.006145034564673809
0.5390625,-1.1210904840253906,0.006022482869757745
0.5421874999999999,-1.1097296734046709,0.005896547709961193
0.5453125,-1.0976311467097557,0.005767144789062003
0.5484375,-1.0846614202709812,0.005634761741059281
0.5515625,-1.0722353339228068,0.005499262505303367
0.5546875,-1.05817554609205,0.005361146881306166
0.5578124999999999,-1.0435310234291812,0.005220230270660971
0.5609375,-1.0283187995783436,0.005077007462804828
0.5640625,-1.0167805025204546,0.004931250808041616
0.5671875,-1.000074600178791,0.004783450861910603
0.5703125,-0.9829646180557523,0.00463329126205489
0.5734374999999999,-0.964489907612659,0.004481327827341033
0.5765625,-0.9460183406231797,0.004364729006962736
0.5796875,-0.9282846903324732,0.004262752137500928
0.5828125,-0.9052561984697242,0.00415616520008919
0.5859375,-0.8865828813144953,0.004045150915315906
0.5890624999999999,-0.8662413556087839,0.003929492719272345
0.5921875,-0.8443785506381629,0.0038093968180203347
0.5953125,-0.823798677462879,0.0036845975591757634
0.5984375,-0.8016943617838956,0.003555228798810245
0.6015625000000001,-0.7793395975357305,0.003420947131462829
0.6046874999999999,-0.7575168095490176,0.0032817892432225647
0.6078125000000001,-0.7354458935366546,0.003137322263465712
0.6109374999999999,-0.7129157911879329,0.002987502364098434
0.6140625000000001,-0.6895060346207524,0.002831778820869254
0.6171874999999999,-0.6688275908746035,0.002669961700868927
0.6203125,-0.6464506146386658,0.0025014155377795473
0.6234374999999999,-0.6257618962625463,0.0023257985623935827
0.6265625,-0.6035160607273664,0.0021427696059995046
0.6296875,-0.5821358843209384,0.001957409394805802
0.6328125,-0.5622736622857817,0.0017761727781600125
0.6359375,-0.5406111819255113,0.0016002961987042802
0.6390624999999999,-0.5216376731987773,0.0014296569413325823
0.6421875,-0.5032674842966666,0.0012647035442179143
0.6453124999999998,-0.4847633387127124,0.001104890911468707
0.6484375,-0.4680528972390258,0.0009474154536266441
0.6515624999999998,-0.45117059092812095,0.0007923976744526672
0.6546875,-0.43512785249177577,0.0006429537241212365
0.6578124999999998,-0.42172571567188355,0.0004953170156499633
0.6609375,-0.4094561157453574,0.0003521310199212967
0.6640625000000001,-0.3980616962066997,0.0002209989193976765
0.6671874999999999,-0.38786074253573277,0.00010217044178651379
0.6703125000000001,-0.37853040937721577,-1.7460840770640174e-05
0.6734374999999999,-0.36964499384780697,-0.0001168865228988879
0.6765625000000001,-0.3613108953615881,-0.00019451105103165925
0.6796874999999999,-0.3534618881000526,-0.00025633047605182603
0.6828125,-0.34684397494281505,-0.0003015950919284483
0.6859374999999999,-0.3382027119845968,-0.00033675880353435097
0.6890625,-0.3298638362377868,-0.0003641996811719709
0.6921875,-0.32502961646949413,-0.0003851037572731655
0.6953124999999999,-0.32069011632249605,-0.0004019856655076879
0.6984375,-0.3165017557316544,-0.0004153603769901692
0.7015624999999999,-0.3125905650680022,-0.000426502548444925
0.7046875,-0.3089277972215422,-0.0004357974375845964
0.7078124999999998,-0.30548506511351803,-0.00044371762013499977
0.7109375,-0.30224232653979494,-0.0004507544065826537
0.7140624999999998,-0.2991762575649331,-0.000457198831109817
0.7171875,-0.2962688953499813,-0.0004630034627734618
0.7203124999999998,-0.29350286890303645,-0.000468563690040579
0.7234375,-0.29090687259462833,-0.00047433488916967433
0.7265625000000001,-0.28837690212568506,-0.000479897592736824
0.7296874999999999,-0.28573068262068513,-0.0004855827906876205
0.7328125000000001,-0.28340004948556025,-0.0004913128329768206
0.7359374999999999,-0.28115019595290364,-0.000497259840982843
0.7390625000000001,-0.2789731507313272,-0.0005034039495118037
0.7421874999999999,-0.2768621513267916,-0.0005097749270075232
0.7453124999999999,-0.2748006003266858,-0.0005162858245125709
0.7484374999999999,-0.2728065166591943,-0.0005228677641793059
0.7515624999999999,-0.2708645620624309,-0.0005295022910902741
0.7546875,-0.2689699157144793,-0.0005361622852942439
0.7578124999999999,-0.2671197308555436,-0.000543010173395403
0.7609375,-0.2654719442453056,-0.0005500237887626566
0.7640624999999999,-0.2636959556754626,-0.0005572517522367562
0.7671875,-0.26195380829442183,-0.0005647324876793445
0.7703124999999998,-0.2602429724046142,-0.0005724443247113406
0.7734375,-0.25855972113514275,-0.0005804222214683594
0.7765624999999998,-0.25690177285438026,-0.000588628197260046
0.7796875,-0.25364927318813374,-0.0005971071027281573
0.7828124999999998,-0.25204938726637094,-0.0006058043602525978
0.7859375,-0.25046401147068786,-0.0006147781366172049
0.7890625000000001,-0.24889014199627987,-0.0006239571663303831
0.7921874999999999,-0.24732590439215774,-0.000633410701599227
0.7953125000000001,-0.24576858608737237,-0.0006430503325189342
0.7984374999999999,-0.24421642157646825,-0.0006529427552036417
0.8015625,-0.24267452301575018,-0.0006629801462331599
0.8046874999999999,-0.24112617028174244,-0.0006732648916080982
0.8078124999999999,-0.239576357283642,-0.0006837148085039353
0.8109374999999999,-0.23802351948643935,-0.0006944116545566002
0.8140624999999999,-0.23659423308247315,-0.0007052688283740907
0.8171875000000001,-0.23502933609247667,-0.0007163676306251325
0.8203124999999999,-0.23355084659656605,-0.0007276210154767643
0.8234375,-0.2319667072234566,-0.0007391042001757901
0.8265624999999999,-0.23036970853249664,-0.0007507344160690505
0.8296875,-0.2287580358383157,-0.0007625788773457726
0.8328124999999998,-0.2271946664562537,-0.0007745623000420723
0.8359375,-0.2255483106467699,-0.0007867425571607906
0.8390624999999998,-0.2240316475204559,-0.0007990550802804733
0.8421875,-0.2223430671737795,-0.0008115446046377787
0.8453124999999999,-0.22075053367843356,-0.0008241410602616668
0.8484375,-0.2190103867698656,-0.0008368527697155375
0.8515625,-0.21723984851420425,-0.0008496544127496299
0.8546874999999999,-0.21552942661193106,-0.0008625981911667134
0.8578125,-0.21386928399734706,-0.0008756196401060741
0.8609374999999999,-0.2119962592342141,-0.0008886763288012922
0.8640625,-0.21015303337274568,-0.000901748734905262
0.8671874999999999,-0.20831730515175387,-0.0009148265137601165
0.8703124999999999,-0.20649291617081136,-0.0009278755083738997
0.8734374999999999,-0.20449659228003497,-0.0009408687593467804
0.8765624999999999,-0.20254057845191764,-0.0009537686615125183
0.8796875000000001,-0.20037808812765528,-0.0009665362206310035
0.8828124999999999,-0.19842167517264217,-0.000979130583097003
0.8859375,-0.19613537702059836,-0.0009914884285107406
0.8890624999999999,-0.1941079456082454,-0.001003582761602459
0.8921875,-0.19183140305404325,-0.0010153670423948924
0.8953124999999998,-0.18932923073482924,-0.0010267947495889932
0.8984375,-0.18692839738774053,-0.0010378027073529802
0.9015624999999998,-0.18449681726905967,-0.001048322121149305
0.9046875,-0.1821604158569792,-0.0010583178231474352
0.9078124999999999,-0.1794561557433715,-0.001067793983719292
0.9109375,-0.17680673660122032,-0.0010767280350543905
0.9140625,-0.17399528092131833,-0.0010849575951070594
0.9171874999999999,-0.1708442889239672,-0.0010923432836570358
0.9203125,-0.16772055460904842,-0.0010988287386147213
0.9234374999999999,-0.1651280718391259,-0.0011044314440870602
0.9265625,-0.1616425881568269,-0.0011090879194229062
0.9296874999999999,-0.15805155563044163,-0.0011127010656594757
0.9328124999999999,-0.15493948491412332,-0.0011151580878405423
0.9359374999999999,-0.1511888869853758,-0.0011164080799061177
0.9390624999999999,-0.1501972045764342,-0.0011163650202308728
0.9421875000000001,-0.14627893522179033,-0.0011149375270862127
0.9453124999999999,-0.14241747555976286,-0.0011119880448135415
0.9484375,-0.13831037691366832,-0.0011075383488514654
0.9515624999999999,-0.13402509118866004,-0.0011015942791722721
0.9546875,-0.1297080946783094,-0.0010941776833649159
0.9578124999999998,-0.125221454967882,-0.0010851475678807189
0.9609375,-0.12035628066826336,-0.0010743909927481432
0.9640624999999998,-0.11583423240145721,-0.0010618667286619147
0.9671875,-0.11069649805897301,-0.0010474998158744402
0.9703124999999999,-0.1057128282017848,-0.0010312337220237553
0.9734375,-0.10271624366843124,-0.0010130036836963124
0.9765625,-0.09737501796145079,-0.0009927362036929576
0.9796874999999999,-0.09220129101344769,-0.0009703128480533179
0.9828125,-0.08673613743342436,-0.0009455929287217844
0.9859374999999999,-0.08117035465188491,-0.0009186408924427266
0.9890625,-0.07844662235561287,-0.000889136542599799
0.9921874999999999,-0.0722933313986279,-0.0008564976429781774
0.9953124999999999,-0.06586908022089405,-0.0008222983782298377
0.9984375,-0.06303192209447256,-0.0007829647417159386
1.0022727272727274,-0.05596991438677344,-0.0007444021889778597
1.0068181818181818,-0.04512338902508503,-0.0006854827781995619
1.0113636363636365,-0.03735854148451777,-0.000622821747647664
1.0159090909090909,-0.025343751903255968,-0.0005569155422254436
1.0204545454545455,-0.017149767069590482,-0.000489467462174766
1.0250000000000001,-0.009208398967189425,-0.0004203543458334384
1.0295454545454545,-0.0015761621624683446,-0.00035020567764116565
1.0340909090909092,0.005722500338157989,-0.00027897107004809334
1.0386363636363636,0.012660228770864111,-0.00020419209482032646
1.0431818181818182,0.01922221134999925,-0.00013245220255461734
1.0477272727272726,0.02539362931863686,-6.0388946531416856e-05
1.0522727272727275,0.031168769431493593,1.1244095070919542e-05
1.0568181818181819,0.036540456592590656,8.245380318754385e-05
1.0613636363636363,0.04150741169198363,0.00015305458280924717
1.065909090909091,0.04607361760511578,0.00022304267950612363
1.0704545454545453,0.0502434465320832,0.0002932619485135228
1.0750000000000002,0.054025275861917674,0.00036139619305826506
1.0795454545454546,0.05742970887306817,0.0004280971344003938
1.0840909090909092,0.060469302225082656,0.0004934300043558872
1.0886363636363636,0.0631569702503925,0.0005573519697038091
1.0931818181818183,0.06550710324465615,0.0006198186928519945
1.0977272727272727,0.06753650069004766,0.000680779004966175
1.102272727272727,0.06926197988652431,0.0007401883526454785
1.106818181818182,0.07070065546983274,0.0007980124565867109
1.1113636363636363,0.07186968734748697,0.0008542254812539335
1.115909090909091,0.07278578783935251,0.0009088010365320371
1.1204545454545454,0.07346666294772655,0.0009618100101696463
1.1250000000000002,0.07392862444359366,0.0010127618867087481
1.1295454545454546,0.07418736446263882,0.0010629466449849677
1.134090909090909,0.07425887331654382,0.0011102164750726377
1.1386363636363637,0.07415821962699426,0.0011573234738977483
1.143181818181818,0.07389989755780386,0.001202391818270587
1.1477272727272727,0.07349816224147782,0.001245644740457177
1.1522727272727271,0.07296537279597885,0.0012873726128476849
1.156818181818182,0.07231423745612511,0.0013276145989508503
1.1613636363636364,0.0715569536162499,0.0013663940369759448
1.165909090909091,0.07070420605006497,0.0014037386148851598
1.1704545454545454,0.06976636274525337,0.001439680858685283
1.1749999999999998,0.06875294593586076,0.001474254986952113
1.1795454545454547,0.06767304692996097,0.0015074969553112434
1.184090909090909,0.06653491616118697,0.001539443492933275
1.1886363636363637,0.0653464210092319,0.00157013277877371
1.1931818181818181,0.06411465291062994,0.0015996027975187534
1.1977272727272728,0.0628463189980431,0.0016278919048141824
1.2022727272727272,0.061547420672219105,0.0016550381221544046
1.2068181818181818,0.06022363349292099,0.001681080041158633
1.2113636363636364,0.05888001015005188,0.0017060555527401242
1.215909090909091,0.05752129973936765,0.0017300020800793169
1.2204545454545455,0.056151696274806304,0.0017529561884759917
1.2249999999999999,0.054775142447314754,0.0017749542798637043
1.2295454545454543,0.0533951051868833,0.0017960317885526357
1.2340909090909091,0.052014823484646,0.001816223554289369
1.2386363636363638,0.05063711240375828,0.001835563294790869
1.2431818181818182,0.04926459751001076,0.001854084198126041
1.2477272727272726,0.04789954948305428,0.001871818434962745
1.2522727272727272,0.046544078669410203,0.001888797465389176
1.256818181818182,0.04519998166708071,0.001905051566803339
1.2613636363636365,0.04386891601772523,0.0019206102628192842
1.2659090909090909,0.0425522778290859,0.0019355020709965964
1.2704545454545453,0.04125135253053522,0.0019497548281272477
1.275,0.03996720027507936,0.0019633952839543376
1.2795454545454548,0.038700782682127226,0.0019764493378137777
1.2840909090909092,0.03745287175083464,0.001988941853147687
1.2886363636363636,0.0362241642544263,0.0020008969754268776
1.2931818181818182,0.03501519818632646,0.002012337843276707
1.2977272727272728,0.03382644744054474,0.0020232867880787247
1.3022727272727275,0.032658250325375525,0.002033765239584022
1.3068181818181819,0.03151089359591039,0.0020437939513992635
1.3113636363636363,0.03038455300658722,0.0020533928254556186
1.315909090909091,0.029279363158759623,0.0020625810951769527
1.3204545454545455,0.028195366457333983,0.0020713772055224572
1.325,0.027132577150957446,0.0020797989062959206
1.3295454545454544,0.026090938211069337,0.002087863097289435
1.334090909090909,0.02507037543346219,0.002095585929529819
1.3386363636363638,0.024070760179885246,0.002102982723984177
1.3431818181818183,0.023091955092662157,0.0021100680698605745
1.3477272727272727,0.02213378044460629,0.002116855790922871
1.352272727272727,0.021196051500259633,0.002123359099065066
1.356818181818182,0.02027854823195481,0.0021295905699679715
1.3613636363636366,0.019381046497353074,0.0021355622368176112
1.365909090909091,0.018503292042269654,0.0021412855723170685
1.3704545454545454,0.017645027639337858,0.002146771586850785
1.3749999999999998,0.016805970913226363,0.002152030785716672
1.3795454545454549,0.015985838014238998,0.002157073225927211
1.3840909090909093,0.015184325214486927,0.002161908492438908
1.3886363636363637,0.014401129078213651,0.002166545767159147
1.393181818181818,0.013635930962166986,0.0021709937813914697
1.3977272727272727,0.012888414256602575,0.0021752608733049167
1.4022727272727276,0.012158251117062775,0.002179354983065363
1.406818181818182,0.01144511711094775,0.0021832836993401386
1.4113636363636364,0.010748679847402642,0.0021870542329908674
1.4159090909090908,0.010068611353918764,0.0021906734731926784
1.4204545454545454,0.009404578405825873,0.002194147990311765
1.425,0.008756252869771677,0.0021974840621034404
1.4295454545454545,0.008123303509390844,0.002200687663729329
1.434090909090909,0.007505404818929699,0.0022037645122163266
1.4386363636363637,0.00690222983839511,0.0022067200721162528
1.4431818181818183,0.006313457691774795,0.0022095595639066877
1.4477272727272728,0.005738767503989887,0.002212287964563753
1.4522727272727272,0.005177844760722504,0.002214910045502246
1.4568181818181816,0.0046303760456735295,0.0022174303655249396
1.4613636363636364,0.0040960543810132765,0.0022198532814054484
1.465909090909091,0.0035745749085747667,0.0022221829542570476
1.4704545454545455,0.0030656391703650326,0.002224423380613029
1.4749999999999999,0.0025689516459414525,0.002226578375993252
1.4795454545454545,0.0020842230158255315,0.0022286515934514402
1.4840909090909093,0.0016111677134262674,0.0022306465269982495
1.4886363636363638,0.0011495060574408433,0.0022325665370492476
1.4931818181818182,0.0006989628058385035,0.002234414826804389
1.4977272727272726,0.0002592682554272618,0.0022361944726055744
1.5022727272727272,-0.0001698422301528091,0.0022379084211409175
1.506818181818182,-0.0005886281128120931,0.0022395595035461474
1.5113636363636365,-0.0009973431218302097,0.0022411504191211717
1.5159090909090909,-0.0013962363726306689,0.0022426837640238356
1.5204545454545453,-0.0017855497141508261,0.002244162020277923
1.5250000000000001,-0.002165522415034567,0.0022455875745386526
1.5295454545454545,-0.002536381477435959,0.0022469626699788132
1.5340909090909092,-0.002898359237790909,0.0022482895076988327
1.5386363636363636,-0.0032516595570844303,0.0022495700505209266
1.5431818181818182,-0.003596531175515389,0.00225080622972327
1.5477272727272728,-0.003933213191005942,0.0022519986998617812
1.5522727272727272,-0.004261932398014963,0.0022531467998480755
1.5568181818181817,-0.004582902382945725,0.0022542251624627263
1.5613636363636363,-0.00489633537007171,0.002255221834682217
1.5659090909090911,-0.005202425596448001,0.002256142018041337
1.5704545454545455,-0.005501383030033134,0.002256993172958314
1.575,-0.005793362497111137,0.0022577826824300502
1.5795454545454544,-0.006078516762047918,0.0022585173134922715
1.5840909090909092,-0.006357002853884118,0.0022592031154412377
1.5886363636363638,-0.00662897863743766,0.0022598454061687487
1.5931818181818183,-0.00689460450197029,0.0022604488227444403
1.5977272727272727,-0.007154046146843812,0.0022610172702879805
1.602272727272727,-0.007407471553856329,0.0022615540760752826
1.6068181818181821,-0.00765504293997478,0.0022620629128256597
1.6113636363636366,-0.00789691740814615,0.0022625350758018466
1.615909090909091,-0.008133246343679302,0.002262964134628825
1.6204545454545454,-0.008364178145648085,0.0022633562601831136
1.6249999999999998,-0.008589853431680491,0.0022637175695677044
1.6295454545454549,-0.008810403878606847,0.0022640531822728754
1.6340909090909093,-0.009025953835787689,0.002264367244342222
1.6386363636363637,-0.009236628872932804,0.0022646630792740093
1.643181818181818,-0.009442554154196882,0.002264943350596411
1.647727272727273,-0.00964385577036194,0.0022652101931441826
1.6522727272727273,-0.009840657078891608,0.0022654653186555116
1.6568181818181817,-0.010033080736607835,0.0022657101026715607
1.6613636363636364,-0.01022124596464567,0.0022659456519613422
1.6659090909090908,-0.010405270698108291,0.0022661728587452887
1.6704545454545456,-0.01058526915465069,0.0022663924530504503
1.675,-0.010761354147810888,0.0022666050320452277
1.6795454545454545,-0.010933634625335233,0.0022668110933835926
1.6840909090909089,-0.01110221814408223,0.0022670110577755107
1.688636363636364,-0.011267208475705929,0.002267205284343013
1.6931818181818183,-0.011428707937165012,0.002267394087776445
1.6977272727272728,-0.011586815306047764,0.002267577748549117
1.7022727272727272,-0.011741627861005443,0.00226775651898609
1.7068181818181816,-0.011893239555596149,0.002267930635251728
1.7113636363636366,-0.01204174291342374,0.0022681003160132038
1.715909090909091,-0.012187227316803459,0.0022682657726551475
1.7204545454545455,-0.012329780776307236,0.0022684272058838568
1.7249999999999999,-0.012469488428007389,0.002268584814032666
1.729545454545455,-0.012606434004995283,0.002268738786815872
1.7340909090909093,-0.012740698678221168,0.002268889314834223
1.7386363636363638,-0.012872362173008465,0.002269036582415117
1.7431818181818182,-0.013001501931336232,0.0022691807745678374
1.7477272727272726,-0.013128193925016268,0.002269322072619485
1.7522727272727274,-0.013252512136312466,0.0022694606569970696
1.7568181818181818,-0.013374528989603483,0.0022695967027679793
1.7613636363636365,-0.013494315259917206,0.0022697303870998094
1.7659090909090909,-0.013611940029303347,0.0022698618815550544
1.7704545454545455,-0.013727471070938708,0.0022699913599191555
1.7750000000000001,-0.013840974361259417,0.0022701189890086807
1.7795454545454545,-0.013952514872513028,0.002270244938476844
1.784090909090909,-0.014062155689773653,0.002270369371308014
1.7886363636363636,-0.014169959208963787,0.0022704924525185793
1.7931818181818184,-0.014275985807809786,0.002270614341478915
1.7977272727272728,-0.014380295521968615,0.0022707351983367436
1.8022727272727272,-0.014482946206207737,0.002270855178725705
1.8068181818181817,-0.014583995704633628,0.002270974438074872
1.811363636363636,-0.014683499550770697,0.0022710931275583502
1.8159090909090911,-0.014781513541441098,0.002271211399018493
1.8204545454545455,-0.014878091084071477,0.002271329399933584
1.825,-0.014973286081380108,0.002271447278286502
1.8295454545454544,-0.015067149984953046,0.002271565178418856
1.8340909090909094,-0.015159734967561723,0.0022716832447404432
1.8386363636363638,-0.01525109068041787,0.0022718016183607324
1.8431818181818183,-0.015341267728917413,0.0022719204407301357
1.8477272727272727,-0.015430314121592107,0.0022720398500260136
1.852272727272727,-0.015518279054683648,0.002272159985625845
1.856818181818182,-0.015605209067993264,0.0022722809838249844
1.8613636363636366,-0.01569115209765945,0.002272402982105268
1.865909090909091,-0.01577615338899302,0.0022725261151391625
1.8704545454545454,-0.015860259759621194,0.0022726505192765733
1.8750000000000002,-0.015943515313641844,0.0022727763285626318
1.8795454545454546,-0.016025965909536182,0.002272903677451601
1.884090909090909,-0.016107654672547947,0.002273032700629585
1.8886363636363637,-0.016188626688705774,0.002273163532414469
1.893181818181818,-0.016268924329954387,0.0022732963075059952
1.897727272727273,-0.016348592138292768,0.0022734311624859104
1.9022727272727273,-0.016427672060092144,0.0022735682344951075
1.9068181818181817,-0.01650620844616344,0.002273707663729329
1.9113636363636362,-0.01658424332357492,0.0022738495937119204
1.9159090909090912,-0.016661821530917033,0.0022739941723712103
1.9204545454545456,-0.016738986106678587,0.002274141555572678
1.925,-0.016815783842968814,0.0022742919106102126
1.9295454545454545,-0.016892260694331616,0.00227444541984738
1.9340909090909089,-0.016968468963098914,0.00227460229569164
1.938636363636364,-0.017044461285011456,0.0022747627795987914
1.9431818181818183,-0.017120305587677,0.002274927197892154
1.9477272727272728,-0.017196066509258628,0.0022750959083572614
1.9522727272727272,-0.01727186273768215,0.0022752695745509267
1.9568181818181818,-0.01734776207487302,0.002275448717352155
1.9613636363636366,-0.017424083380520525,0.0022756352053601684
1.965909090909091,-0.017500744399100297,0.0022758292309895322
1.9704545454545455,-0.017579003704610872,0.0022760378393217686
1.9749999999999999,-0.017657479456748584,0.0022762561233558875
1.9795454545454547,-0.017742335952079098,0.0022765164991841234
1.9840909090909091,-0.017824034935086636,0.002276776123765019
1.9886363636363638,-0.017865359222709397,0.0022771996700626856
1.9931818181818182,-0.01790748151332566,0.00227747619930434
1.9977272727272726,-0.01795116838683171,0.0022784569712264603
