3.492216857575004951e+01,0.000000000000000000e+00,-2.053313875549486744e-02
-2.034591404973689510e+00,0.000000000000000000e+00,1.290805856686436881e+00
3.613061889603863364e+01,0.000000000000000000e+00,-4.057807150146521824e-01
3.379021117270450247e+01,0.000000000000000000e+00,3.952434193865206336e-02
3.479330602524886729e+01,0.000000000000000000e+00,-7.034933417834601278e-03
4.766815059250411934e+01,0.000000000000000000e+00,-6.279603115835297622e+00
4.811920594817706842e+01,0.000000000000000000e+00,-7.057607699779191002e+00
3.476697013567422800e+01,0.000000000000000000e+00,-2.615216973332515002e-02
3.727947356034153614e+01,0.000000000000000000e+00,1.079417370169084567e+00
3.408642227290000193e+01,0.000000000000000000e+00,-3.519569896210000132e-02
3.138736523666451106e+01,0.000000000000000000e+00,-8.820677684343936412e-03
2.537710588552359070e+01,0.000000000000000000e+00,-1.633751664346427823e-03
3.539313254257479002e+01,0.000000000000000000e+00,-5.376789882439397816e-02
3.566275575139489007e+01,0.000000000000000000e+00,7.797289225131049051e+00
3.587858482987664388e+01,0.000000000000000000e+00,1.346107112826507857e-01
2.858258290423379222e+01,0.000000000000000000e+00,-6.547923072261874200e-03
4.508743178459383927e+01,0.000000000000000000e+00,6.720427623231985059e+00
3.529820878453734423e+01,0.000000000000000000e+00,-9.360148968942128000e-02
3.477406306034794170e+01,0.000000000000000000e+00,-2.263712550008328134e-02
2.298013717361577335e+01,0.000000000000000000e+00,-3.132994579897982468e-02
3.135611642661569221e+01,0.000000000000000000e+00,2.581977812447166509e-01
3.622949750961299742e+01,0.000000000000000000e+00,-7.966614144101619166e-01
3.525970261663902505e+01,0.000000000000000000e+00,6.976644018680828729e+00
2.290565996728888010e+01,0.000000000000000000e+00,-2.779271637678812704e-02
2.695300764249897441e+01,0.000000000000000000e+00,-2.002781277546333057e-03
1.898778658750863357e+01,0.000000000000000000e+00,-5.452496252630100848e+00
3.472729152958924459e+01,0.000000000000000000e+00,-3.334213815488205196e-02
2.118015249878093087e+01,0.000000000000000000e+00,-1.211702101474308361e-04
3.565738634571440002e+01,0.000000000000000000e+00,3.656002470664279635e-02
2.241481583330070393e+01,0.000000000000000000e+00,-1.490977758277309533e-03
2.615503839112276196e+01,0.000000000000000000e+00,2.390439316587332552e+00
3.275774665764310356e+01,0.000000000000000000e+00,3.642743275121842483e-01
3.120012213619459018e+01,0.000000000000000000e+00,3.329125653725800160e-01
3.538333689400198523e+01,0.000000000000000000e+00,3.273794012580277801e-01
3.484799275795603535e+01,0.000000000000000000e+00,-9.411212938025551727e-03
2.217758788967043060e+01,0.000000000000000000e+00,-1.114091218534856223e-03
1.208288730921949927e+01,0.000000000000000000e+00,-4.032313483080453287e-02
3.317792798069010018e+01,0.000000000000000000e+00,-8.115388201719109240e-01
2.187912885736518120e+01,0.000000000000000000e+00,-1.001189366068074710e-01
3.470126714179140492e+01,0.000000000000000000e+00,5.715463335738850681e+00
4.955126937969583878e+01,0.000000000000000000e+00,-9.014345571777432342e-01
3.493332228687833663e+01,0.000000000000000000e+00,-5.684622063037454015e-02
2.094953345667846634e+01,0.000000000000000000e+00,4.937314882576548242e-02
2.889530177015750567e+01,0.000000000000000000e+00,-7.540975933131370025e-03
3.402987519660147342e+01,0.000000000000000000e+00,4.989757765426342750e+00
2.766809009838553735e+01,0.000000000000000000e+00,2.091643217376370600e+00
3.640418229028977493e+01,0.000000000000000000e+00,-1.093156178735798179e+01
3.472908514464931073e+01,0.000000000000000000e+00,-5.268367172703690426e-02
3.630246110387913916e+01,0.000000000000000000e+00,1.450788342796931918e+00
4.091418665196542293e+01,0.000000000000000000e+00,1.204773980950484358e+01
1.964657504307736957e+01,0.000000000000000000e+00,-3.940028228753403089e-04
2.114380544786025951e+01,0.000000000000000000e+00,-7.021987994254226843e-04
1.681649767808854889e+01,0.000000000000000000e+00,3.518439964182190627e-02
3.479538545082150591e+01,0.000000000000000000e+00,-6.694329131654286336e-02
3.481916953962824124e+01,0.000000000000000000e+00,-3.631807538898815940e-02
2.693935158950533193e+01,0.000000000000000000e+00,-2.030485863936238797e-03
4.874412368095333647e+01,0.000000000000000000e+00,-7.386685710299357721e-01
3.489028608504558093e+01,0.000000000000000000e+00,-3.730255262413990913e-02
4.242178579328319188e+01,0.000000000000000000e+00,2.884460509679237727e+00
3.486285261598732887e+01,0.000000000000000000e+00,-5.900211828388832874e-02
9.576305950249999199e+00,0.000000000000000000e+00,1.933073324639999991e-03
3.486853897176111161e+01,0.000000000000000000e+00,-5.696680963618623236e-03
5.766035463384158177e+00,0.000000000000000000e+00,-1.193533054411451966e+00
2.758954118999301031e+01,0.000000000000000000e+00,-3.470109149356996690e-03
4.691739746604051930e+01,0.000000000000000000e+00,-7.339018183509893767e+00
4.345187405477335574e+01,0.000000000000000000e+00,-2.111749318093847805e+00
2.563278834449880250e+01,0.000000000000000000e+00,-1.244296461731666560e-03
4.256876227036612903e+01,0.000000000000000000e+00,1.237234498361656554e+00
1.341189928357493422e+01,0.000000000000000000e+00,-1.146147653063392266e-04
3.260401794162375211e+01,0.000000000000000000e+00,-6.413050575536248799e-01
3.039164776328641437e+01,0.000000000000000000e+00,-1.254027341691729136e-01
3.473648764351301566e+01,0.000000000000000000e+00,-1.369343040381592880e-01
-2.680634528402046524e+00,0.000000000000000000e+00,1.112885455911915900e+00
3.244670164223374087e+01,0.000000000000000000e+00,7.177291017219348923e+00
3.454892678016999952e+01,0.000000000000000000e+00,-1.378073242861920997e-02
3.675471111066009655e+01,0.000000000000000000e+00,1.026446144825291507e+00
2.367999905069999045e+01,0.000000000000000000e+00,-2.709828141127043066e-01
3.619893979461549804e+01,0.000000000000000000e+00,8.992869619511555612e+00
4.804816213750862630e+01,0.000000000000000000e+00,6.060939660186556388e+00
3.504185128273504546e+01,0.000000000000000000e+00,-2.949197354094118539e-02
4.257817871588790126e+01,0.000000000000000000e+00,5.572652768742020202e-01
3.529996230196164220e+01,0.000000000000000000e+00,-4.438628938188405454e-02
3.144458396786006560e+01,0.000000000000000000e+00,5.731910156818083912e+00
3.216392875294632603e+01,0.000000000000000000e+00,5.961474140872098815e+00
2.970205977764359417e+01,0.000000000000000000e+00,-2.762830905988677976e-01
2.664820898209896427e+01,0.000000000000000000e+00,-4.603565533045620231e-03
2.941284309061172664e+01,0.000000000000000000e+00,-4.222218146241021701e-03
2.083784526631616174e+01,0.000000000000000000e+00,-9.907687751299753404e-04
3.483826844599092709e+01,0.000000000000000000e+00,-6.702267526606210390e-01
3.211523698974123420e+01,0.000000000000000000e+00,-7.395955203225621499e-01
3.489693510546352684e+01,0.000000000000000000e+00,-5.272991483007716251e-02
3.066879379431366104e+01,0.000000000000000000e+00,-7.323539238695882074e-03
3.530645182068838039e+01,0.000000000000000000e+00,-1.023861585684379405e-01
2.363378312248950763e+01,0.000000000000000000e+00,-1.798285900024610123e-03
2.891660812932126134e+01,0.000000000000000000e+00,-3.581596108552635022e-03
3.964741315408722500e+01,0.000000000000000000e+00,7.362329585783889963e-01
2.375408362251661742e+01,0.000000000000000000e+00,-1.192303847630067941e-03
3.484409038641789635e+01,0.000000000000000000e+00,-1.568573625379354047e-02
3.621619118723607045e+01,0.000000000000000000e+00,-1.801618397890631496e+00
2.917619907020961634e+01,0.000000000000000000e+00,-2.773690946181605277e+00
2.952889603158861576e+01,0.000000000000000000e+00,-1.100891660054365007e-01
4.226444815374163255e+01,0.000000000000000000e+00,1.669123081035077116e-01
3.467118499376625351e+01,0.000000000000000000e+00,4.166332602239852356e+00
1.629226764780077019e+01,0.000000000000000000e+00,-1.850437182738608188e-02
2.377924226275275288e+01,0.000000000000000000e+00,-7.840875466763507440e+00
3.030037881118412457e+01,0.000000000000000000e+00,4.289014296516367453e-01
2.254951882289574883e+01,0.000000000000000000e+00,2.773079861787815237e-02
4.938469975806150813e+01,0.000000000000000000e+00,4.730032590624208666e+00
1.888974990215103489e+01,0.000000000000000000e+00,3.525425814079544834e-02
3.310036866066774053e+01,0.000000000000000000e+00,6.143367941886916650e-02
5.212858436591740485e+01,0.000000000000000000e+00,7.516288668458684263e+00
3.893869478400153383e+01,0.000000000000000000e+00,6.584726326928911355e+00
3.512864292559557100e+01,0.000000000000000000e+00,9.762871954905609329e+00
3.479007989692776448e+01,0.000000000000000000e+00,-1.103905679718075739e-02
3.480963681568368884e+01,0.000000000000000000e+00,-2.624646163065431220e-02
3.706356113522529228e+01,0.000000000000000000e+00,5.485658765017683569e-01
3.626138342137839743e+01,0.000000000000000000e+00,5.468786166991205233e-01
4.038942365252029987e+01,0.000000000000000000e+00,-1.200146563528529065e+01
-1.961203230613239423e+00,0.000000000000000000e+00,1.183422600511764733e+00
4.589063124973562680e+01,0.000000000000000000e+00,-5.197479860487783654e+00
3.476557067539160073e+01,0.000000000000000000e+00,-8.642253376943017512e-03
3.484082581706157100e+01,0.000000000000000000e+00,-4.175318417932923423e-03
3.049736288127957451e+01,0.000000000000000000e+00,7.186670499426031089e-01
3.526662182213350150e+01,0.000000000000000000e+00,-1.304464379667925333e-01
1.732667362101860675e+01,0.000000000000000000e+00,1.164724548438884379e-02
5.161586697996033735e+01,0.000000000000000000e+00,-8.624044897428222001e+00
3.401072660038256146e+01,0.000000000000000000e+00,-1.114904141941818611e-02
2.199844003201409848e+01,0.000000000000000000e+00,-6.187757073549561950e-04
3.479536328071448992e+01,0.000000000000000000e+00,-1.172774034493813400e-02
3.553015527894192616e+01,0.000000000000000000e+00,-1.855970400297439482e-02
3.487982673631444186e+01,0.000000000000000000e+00,-1.104756281817933020e-02
3.355220458905544945e+01,0.000000000000000000e+00,-4.850611116365687869e-01
3.484275462620389163e+01,0.000000000000000000e+00,-6.466070266697004736e-03
4.790776410599337254e+01,0.000000000000000000e+00,7.827138543020439876e+00
3.324049631268209737e+01,0.000000000000000000e+00,3.669371013738897402e-01
5.296805919459027479e+01,0.000000000000000000e+00,1.641311120715013949e+00
2.589074358255975028e+01,0.000000000000000000e+00,-1.843920174730017325e-03
3.507940178487330485e+01,0.000000000000000000e+00,-6.591723677216931865e-02
3.456917924084085314e+01,0.000000000000000000e+00,-3.065148849453334656e-01
3.484616875314399920e+01,0.000000000000000000e+00,-9.010333349172423845e-02
3.570948489766639256e+01,0.000000000000000000e+00,-4.229279168998338889e-01
2.852788206524121151e+01,0.000000000000000000e+00,-3.172802954191379730e-03
1.852880998847464866e+01,0.000000000000000000e+00,-4.957280406417733341e-04
1.352899667517832327e+01,0.000000000000000000e+00,-1.809720888695690944e-04
3.495556830411116778e+01,0.000000000000000000e+00,-9.098531020960924642e-02
1.599855995196713287e+01,0.000000000000000000e+00,2.552258116209925754e-03
3.262660504801169736e+01,0.000000000000000000e+00,5.082866701184320490e+00
3.409560362183616178e+01,0.000000000000000000e+00,-3.434523474650484354e-01
3.488270052985437530e+01,0.000000000000000000e+00,-3.267420243510843047e-03
3.539839423712740540e+01,0.000000000000000000e+00,3.915683649785072884e+00
3.501997337702114521e+01,0.000000000000000000e+00,-2.233165093636476847e-02
3.280627875072644883e+01,0.000000000000000000e+00,-1.619046191886462302e-02
3.422707950109160890e+01,0.000000000000000000e+00,1.080259228642279856e+00
3.478261680260116151e+01,0.000000000000000000e+00,-5.317222397778098575e-03
3.391703936534084818e+01,0.000000000000000000e+00,7.349358191693187992e-02
3.113008814687175985e+01,0.000000000000000000e+00,4.027533755482775923e+00
3.533667065342598335e+01,0.000000000000000000e+00,-1.869822122845539170e-01
3.368811889908862156e+01,0.000000000000000000e+00,-3.062476402977360124e+00
4.363235086951794983e+01,0.000000000000000000e+00,-1.206939854514770794e+01
3.498235801088532781e+01,0.000000000000000000e+00,-4.271472048090271117e-02
2.416325431768371956e+01,0.000000000000000000e+00,-2.121696417557274519e-03
4.790865858164945479e+01,0.000000000000000000e+00,-1.737857416006016287e+00
3.522116226445701415e+01,0.000000000000000000e+00,-1.178143161423377827e-01
2.444619104274960364e+01,0.000000000000000000e+00,-2.061136659693607338e-03
3.520757489307451493e+01,0.000000000000000000e+00,-7.108172809511467682e-02
1.582375429010080659e+01,0.000000000000000000e+00,-2.163897185622862956e-02
2.577277847078706685e+01,0.000000000000000000e+00,6.408228226595579224e-01
3.373474190610699708e+01,0.000000000000000000e+00,-1.227676354076987220e-01
4.119969039875654460e+01,0.000000000000000000e+00,1.383761882104143748e+00
3.563255272089048731e+01,0.000000000000000000e+00,-8.895578697308267890e-02
3.477742986150735049e+01,0.000000000000000000e+00,-2.475324070048857961e-02
3.253576124596978048e+01,0.000000000000000000e+00,7.076640720382780525e-02
3.504677041452472253e+01,0.000000000000000000e+00,-1.461088519315695000e-01
3.451289768731897567e+01,0.000000000000000000e+00,1.095770455234028606e+00
3.519332068732301622e+01,0.000000000000000000e+00,-4.391568726073608736e-02
3.266551387116879113e+01,0.000000000000000000e+00,-5.322997069320038743e-03
2.893688488000906389e+01,0.000000000000000000e+00,-3.264312171085199943e-03
3.437730652919999841e+01,0.000000000000000000e+00,-1.478156605769999965e+00
3.489204980931216937e+01,0.000000000000000000e+00,-5.861157140343903685e-03
3.129943778163065105e+01,0.000000000000000000e+00,-6.902528033162972365e-01
3.138938286541501554e+01,0.000000000000000000e+00,4.026009468950007553e-01
2.974691953134212241e+01,0.000000000000000000e+00,-9.745626192445591002e-03
4.082692903075860613e+01,0.000000000000000000e+00,-1.265506469196827632e+00
2.097174316816912309e+01,0.000000000000000000e+00,-2.577414621949472920e-02
4.005749008730412442e+01,0.000000000000000000e+00,1.201044825092417945e+01
1.274830595020000068e+01,0.000000000000000000e+00,-1.389736462149999941e-04
1.908314868699138955e+01,0.000000000000000000e+00,-6.911009892130826971e-04
2.466656691123014511e+01,0.000000000000000000e+00,9.000189934494488009e-01
2.842613351855786163e+01,0.000000000000000000e+00,-3.000833044443274207e-03
3.302139679812345463e+01,0.000000000000000000e+00,7.869462725480961041e+00
3.387875725343979383e+01,0.000000000000000000e+00,6.354677048691108610e-01
3.480132180132050479e+01,0.000000000000000000e+00,-7.052709752528684003e-04
3.535854431994377478e+01,0.000000000000000000e+00,9.062293016732175799e-02
3.516966714737210253e+01,0.000000000000000000e+00,-4.244739341606365457e+00
3.901700460523593961e+01,0.000000000000000000e+00,-1.181686081948472911e+01
3.519548604571666317e+01,0.000000000000000000e+00,-3.991404548705672350e-02
1.182698720225653410e+01,0.000000000000000000e+00,5.196129165487859379e-03
3.539757699619713094e+01,0.000000000000000000e+00,4.025508689122091893e-02
-1.109548168734075135e+00,0.000000000000000000e+00,7.549719833032829674e-01
3.698981586813440714e+01,0.000000000000000000e+00,1.734524682226257442e+00
3.486897800962690752e+01,0.000000000000000000e+00,-3.859086939830533303e-02
4.264532202533226268e+01,0.000000000000000000e+00,3.524664402796665819e+00
3.006203931444959210e+01,0.000000000000000000e+00,5.336331140126290146e-02
2.200988360631873775e+01,0.000000000000000000e+00,-6.222450004489902403e-04
3.496307518500154288e+01,0.000000000000000000e+00,-2.478916155908145874e-02
4.015666148359579779e+01,0.000000000000000000e+00,1.267546598706149297e+01
4.354375177956068654e+01,0.000000000000000000e+00,-2.027970309728875709e+00
9.361749201594182779e+00,0.000000000000000000e+00,-1.500186248652464416e+00
3.077809005946562237e+01,0.000000000000000000e+00,-4.521099525855425405e+00
4.223885891493029021e+01,0.000000000000000000e+00,-1.901351649917415176e-01
1.950392062046302755e+01,0.000000000000000000e+00,-6.523655555245351678e+00
2.374768143037990598e+01,0.000000000000000000e+00,1.192287575331103522e+00
2.640076384612864047e+01,0.000000000000000000e+00,2.047193801823971870e-01
3.501593604308406782e+01,0.000000000000000000e+00,-4.148529825276238425e-02
3.485322326692688932e+01,0.000000000000000000e+00,-8.938402304191945744e-03
-2.797688124622618400e+00,0.000000000000000000e+00,1.004785196315023166e+00
4.407800079821758743e+01,0.000000000000000000e+00,5.733132050349241116e-01
3.488647290427352488e+01,0.000000000000000000e+00,-6.760719424204602104e-03
3.482050320344409755e+01,0.000000000000000000e+00,-1.056518138108724150e-02
3.495367996367530594e+01,0.000000000000000000e+00,-1.106131144714542908e-01
3.121060491058083741e+01,0.000000000000000000e+00,-1.541921096752692399e+00
4.590624188158653141e+01,0.000000000000000000e+00,-7.877315771059509864e+00
3.348383192019848309e+01,0.000000000000000000e+00,-1.219232779344961827e-03
3.979273604048241708e+01,0.000000000000000000e+00,1.248641596136388010e+01
1.791399658844972365e+01,0.000000000000000000e+00,-2.439111576204433117e-04
3.202676747402795598e+01,0.000000000000000000e+00,1.866426473907891959e+00
2.425547272363508000e+01,0.000000000000000000e+00,-1.629160936063687656e-03
3.312844661573574712e+01,0.000000000000000000e+00,-9.411706375339057296e-01
3.459989892949943169e+01,0.000000000000000000e+00,5.564043052462318562e-01
3.477057055420267062e+01,0.000000000000000000e+00,-8.790619887801471855e-01
1.850492520329412116e+01,0.000000000000000000e+00,-4.975516182509205588e-04
3.519770148460132475e+01,0.000000000000000000e+00,-3.287913178885355087e-02
3.482020266099852535e+01,0.000000000000000000e+00,-4.313639852544931541e-03
3.530547171436234066e+01,0.000000000000000000e+00,-4.477237901939935816e-02
3.550107300807709976e+01,0.000000000000000000e+00,-1.101765822712032772e-01
2.781154602725191083e+01,0.000000000000000000e+00,-4.640447265453940748e-03
3.374541812207739611e+01,0.000000000000000000e+00,-8.195417049495027847e-03
3.226166990397022261e+01,0.000000000000000000e+00,-2.590078686796023488e-01
2.974460096662116726e+01,0.000000000000000000e+00,-7.569328293148575894e-03
3.637803003854985917e+01,0.000000000000000000e+00,-1.145199686111252779e+00
2.381424251954860694e+01,0.000000000000000000e+00,-1.866214514443629560e-03
3.242378131180811351e+01,0.000000000000000000e+00,-5.766864250356053614e-03
3.480114202589564343e+01,0.000000000000000000e+00,-4.460575015417393534e-03
2.501386442958069622e+01,0.000000000000000000e+00,1.292069186717622331e-01
2.870140157146209248e+01,0.000000000000000000e+00,-5.808435953177855902e-03
2.387175565939927679e+01,0.000000000000000000e+00,-1.574656410371462955e-03
3.381582880344124220e+01,0.000000000000000000e+00,-1.085615140561423456e-02
2.202800408093213136e+01,0.000000000000000000e+00,3.759879811447308651e-02
3.524552898528820322e+01,0.000000000000000000e+00,1.341324635119034658e+00
2.946111059824450606e+01,0.000000000000000000e+00,-1.114653405678674325e+00
3.281961138883354323e+01,0.000000000000000000e+00,1.827272546471568893e-01
1.580494000677842159e+01,0.000000000000000000e+00,-2.152079891177292523e-02
3.493090166637323790e+01,0.000000000000000000e+00,6.113061761283006268e-01
1.673674835698665930e+01,0.000000000000000000e+00,-5.153173847653669704e+00
3.568483013945191828e+01,0.000000000000000000e+00,8.379130687470748740e+00
3.474828907173876757e+01,0.000000000000000000e+00,6.098600548318691261e-04
1.285072325360000001e+01,0.000000000000000000e+00,-1.327951977020000126e-04
3.139243195551499710e+01,0.000000000000000000e+00,-5.523591081686781701e-01
3.259032593631573604e+01,0.000000000000000000e+00,1.288165617750629544e-01
3.919330083916643304e+01,0.000000000000000000e+00,1.060745978023903291e+01
5.007567227397081666e+01,0.000000000000000000e+00,1.106767157687583492e+01
1.392107978684401814e+01,0.000000000000000000e+00,3.031053260730426965e-03
-9.377745534062351673e-01,0.000000000000000000e+00,3.443046699939757982e-01
3.425116475754656165e+01,0.000000000000000000e+00,1.302483998968096690e-01
4.392491660198278680e+01,0.000000000000000000e+00,5.101720651507110738e+00
2.868338555502262466e+01,0.000000000000000000e+00,-4.637739590983717131e-01
1.826268476930752627e+01,0.000000000000000000e+00,9.091244710101914484e-01
1.338334369067622021e+01,0.000000000000000000e+00,-1.170336858033016691e-04
2.695023003880745449e+01,0.000000000000000000e+00,-5.173284402882162292e-01
3.527834562998243939e+01,0.000000000000000000e+00,-6.661886787046102099e-02
3.534732486176217492e+01,0.000000000000000000e+00,-2.413610875116417032e-01
3.528508603727698301e+01,0.000000000000000000e+00,-4.649663696595364437e-02
4.002348120492204941e+01,0.000000000000000000e+00,6.022682223873447427e+00
3.548431367112422663e+01,0.000000000000000000e+00,-3.420541053851134522e-02
3.509559073944490848e+01,0.000000000000000000e+00,-6.703492789992016032e-02
2.926946389479982003e+01,0.000000000000000000e+00,-1.488737092431223659e-02
2.713990664294088972e+01,0.000000000000000000e+00,-3.693260668959909461e-03
4.340531507151246160e+01,0.000000000000000000e+00,-9.065460198775991074e+00
3.772024856755453470e+01,0.000000000000000000e+00,1.081058059289203177e+00
3.489934166767140766e+01,0.000000000000000000e+00,-1.176799445113020925e-01
5.201832089047132257e+01,0.000000000000000000e+00,8.693704788679337270e+00
3.498281856239925958e+01,0.000000000000000000e+00,-7.866409256532630456e-02
1.624595683547751435e+01,0.000000000000000000e+00,-1.928634068751927579e-04
1.921801720321857587e+01,0.000000000000000000e+00,1.481235861315589007e-02
1.019104069740000007e+01,0.000000000000000000e+00,7.632402932610000013e-04
3.549262287996744192e+01,0.000000000000000000e+00,1.497455388331684067e-01
3.478733096254627100e+01,0.000000000000000000e+00,-1.816200949757093216e-02
1.368944070964334969e+01,0.000000000000000000e+00,4.780261995278849846e-04
3.349168692845786666e+01,0.000000000000000000e+00,2.866106391741325699e-02
5.098679927505305187e+01,0.000000000000000000e+00,5.436383090920439365e+00
4.870010792455504856e+01,0.000000000000000000e+00,1.057688120676509413e+01
3.489746493726921273e+01,0.000000000000000000e+00,-2.105538444684931093e-02
3.906030962926563888e+01,0.000000000000000000e+00,9.615478184288749119e+00
2.166848881984556741e+01,0.000000000000000000e+00,-1.261750962883555075e-03
-1.474557310637600649e+00,0.000000000000000000e+00,7.867366180765893446e-01
2.766208193320839825e+01,0.000000000000000000e+00,3.776880219925594862e+00
3.265983121362074115e+01,0.000000000000000000e+00,3.112758785279531981e+00
3.238823774838196101e+01,0.000000000000000000e+00,-7.610049545465707332e+00
1.763378821519366824e+01,0.000000000000000000e+00,-2.393214012100233212e+00
3.257791878472543345e+01,0.000000000000000000e+00,-9.787666071318760347e-03
1.608531264155679708e+01,0.000000000000000000e+00,-2.873454163984545564e-04
2.578512858676709740e+01,0.000000000000000000e+00,-3.446127913711579116e-01
3.475189308793166987e+01,0.000000000000000000e+00,-1.417592713817111827e-02
3.482516932753318173e+01,0.000000000000000000e+00,-1.769852344521103890e-02
2.283839206306205583e+01,0.000000000000000000e+00,2.597501457369133775e-03
3.533332160229120689e+01,0.000000000000000000e+00,9.400982797435825100e-02
3.476275183658656687e+01,0.000000000000000000e+00,-1.138299824945309541e-02
2.663442385544364654e+01,0.000000000000000000e+00,-3.169002109921476625e-03
3.525853555023926589e+01,0.000000000000000000e+00,-5.272008234163341051e-02
2.296005413024602149e+01,0.000000000000000000e+00,-1.747434246389785711e-03
3.509006364859581595e+01,0.000000000000000000e+00,-3.060815590511573384e-02
3.382788011847073761e+01,0.000000000000000000e+00,-1.021692997299792315e-02
3.483501367950118777e+01,0.000000000000000000e+00,-6.116670079050814772e-03
8.959973130528378960e+00,0.000000000000000000e+00,-7.834394126425557880e-01
3.519909004012711051e+01,0.000000000000000000e+00,-3.411845841233788340e-02
3.195843571608804723e+01,0.000000000000000000e+00,-1.562928030658338407e+00
3.394292258049594579e+01,0.000000000000000000e+00,1.724160665713915686e+00
3.166067972793786112e+01,0.000000000000000000e+00,5.499920680647572446e+00
2.676627073464163331e+01,0.000000000000000000e+00,-4.059732958494034934e-03
1.563923621058220093e+01,0.000000000000000000e+00,-8.352702446595730926e-03
3.479353185828633599e+01,0.000000000000000000e+00,-5.067083160577468427e-04
4.451252719700194405e+01,0.000000000000000000e+00,-1.213492241501637992e+01
2.026643477228836687e+01,0.000000000000000000e+00,6.528755209312817260e-05
3.458775829346370045e+01,0.000000000000000000e+00,-1.639450724175894533e-02
3.582343358903654007e+01,0.000000000000000000e+00,-2.127198577162290327e-01
3.143042483653779939e+01,0.000000000000000000e+00,2.817590382798871307e-01
3.340740773703935673e+01,0.000000000000000000e+00,-2.068433029842843052e+00
3.620476476120749965e+01,0.000000000000000000e+00,3.419151926079634918e-01
3.427648210892583336e+01,0.000000000000000000e+00,-2.454961608215867397e+00
3.478160069486380479e+01,0.000000000000000000e+00,-1.511115889611097836e-02
3.385935910053650133e+01,0.000000000000000000e+00,7.401198456518512936e-01
3.501261524527559743e+01,0.000000000000000000e+00,-3.839728735638908708e-02
2.114840215472959883e+01,0.000000000000000000e+00,3.251039988903630263e-03
1.340624079457137441e+01,0.000000000000000000e+00,-1.143165528181468041e-04
1.954514038336383308e+01,0.000000000000000000e+00,-5.777699250281366668e-04
2.841446908026842877e+01,0.000000000000000000e+00,3.377411656726808653e-01
1.316676987959289846e+01,0.000000000000000000e+00,3.328065268992050265e-03
3.491610413756846754e+01,0.000000000000000000e+00,-2.285295085326022324e-01
2.827881448733122127e+01,0.000000000000000000e+00,-6.146093096137584914e-03
4.254595609661141253e+01,0.000000000000000000e+00,-9.368861757957306580e+00
3.272147863599282402e+01,0.000000000000000000e+00,-8.763904830164041121e-03
4.074339611801180183e+01,0.000000000000000000e+00,1.145465574982855550e+01
1.379631665758940073e+01,0.000000000000000000e+00,-1.368145625505109975e-04
3.519271285153546103e+01,0.000000000000000000e+00,2.214767055613318658e-01
4.509737511899711393e+01,0.000000000000000000e+00,2.950121939677346372e+00
1.833047821742266947e+01,0.000000000000000000e+00,1.257504414548526843e-02
3.063315654975599145e+01,0.000000000000000000e+00,5.478431570959777508e-01
4.581096566785458890e+01,0.000000000000000000e+00,1.187087903772582997e+00
2.926131671521569189e+01,0.000000000000000000e+00,4.393724396728984627e-01
5.683297910814105736e-01,0.000000000000000000e+00,2.697782658720651594e-01
3.542624690925948272e+01,0.000000000000000000e+00,-7.731054393865387231e-02
1.694418547336842806e+01,0.000000000000000000e+00,2.042501108721838168e-02
3.454713231319454536e+01,0.000000000000000000e+00,2.083944712501782093e-01
4.100056604827044993e+01,0.000000000000000000e+00,1.287831015000774215e+01
3.571467381365857818e+01,0.000000000000000000e+00,-5.877367887592157558e-01
3.347724229557690734e+01,0.000000000000000000e+00,-2.490313944109995070e+00
5.307555105150731833e+01,0.000000000000000000e+00,4.882134763763366081e+00
2.053102427469935520e+01,0.000000000000000000e+00,4.507465390431320690e-02
4.876917513952590610e+01,0.000000000000000000e+00,9.418338989406803918e+00
3.458635633389999953e+01,0.000000000000000000e+00,-1.551664191749999901e-03
1.289163623381120338e+01,0.000000000000000000e+00,6.220342036487214524e-03
3.487295138351595369e+01,0.000000000000000000e+00,-8.109915222920502029e-03
4.121417437826588070e+01,0.000000000000000000e+00,1.751881839816059161e+00
-4.930426965520562921e-01,0.000000000000000000e+00,4.565218198199815225e-01
3.483150675029349230e+01,0.000000000000000000e+00,-1.587891480921081039e-02
3.427009875249999737e+01,0.000000000000000000e+00,-1.325671421539999922e-02
3.103689803228388655e+01,0.000000000000000000e+00,5.088265554225070153e-03
2.945441167234380231e+01,0.000000000000000000e+00,-3.470249145135435691e-03
4.456536935352657025e+01,0.000000000000000000e+00,-8.098283455394607699e+00
3.685443314435681117e+01,0.000000000000000000e+00,-7.804197316700963505e+00
3.482904781272388561e+01,0.000000000000000000e+00,-2.598129417998565338e-01
2.432550021906514459e+01,0.000000000000000000e+00,8.251045571756248503e-03
3.505145914472122115e+01,0.000000000000000000e+00,-1.723782670728948030e-01
3.479372815318549073e+01,0.000000000000000000e+00,-2.410291040189706940e-02
4.561620889164067449e+01,0.000000000000000000e+00,-3.164617396771919999e+00
3.504626019459433905e+01,0.000000000000000000e+00,2.707584995219088908e-01
2.256457272296496797e+01,0.000000000000000000e+00,-7.972554686469038310e-02
3.534414371646633413e+01,0.000000000000000000e+00,-1.214764384281147164e-01
1.835060093850035301e+01,0.000000000000000000e+00,-6.028450044764261939e+00
3.360842312000949761e+01,0.000000000000000000e+00,-1.802581842291739109e-02
1.604011589246671221e+01,0.000000000000000000e+00,-1.052092186028241380e-02
3.555247592274487545e+01,0.000000000000000000e+00,-6.556843562413144921e-02
3.474725434020947290e+01,0.000000000000000000e+00,-9.176186915875472055e-03
3.424798429589743876e+01,0.000000000000000000e+00,2.768881822935973958e+00
3.573590510063815628e+01,0.000000000000000000e+00,8.996836327834635938e+00
2.417330087683095385e+01,0.000000000000000000e+00,-2.095017082362711936e-03
3.215276013981328873e+01,0.000000000000000000e+00,-2.676756166685753929e-03
3.499679193892318096e+01,0.000000000000000000e+00,-2.004611631970132368e-02
1.856832499847298479e+01,0.000000000000000000e+00,-4.871959092994422743e-04
3.470391160605704073e+01,0.000000000000000000e+00,-2.750103065751669656e-02
3.781009490502425763e+01,0.000000000000000000e+00,-7.815858358849284926e+00
2.849567871588194379e+01,0.000000000000000000e+00,5.411624183050389378e-03
3.479251339542955890e+01,0.000000000000000000e+00,-3.810288838771911518e-02
3.129860656460200019e+01,0.000000000000000000e+00,1.270213177058460985e-01
3.478666390528938734e+01,0.000000000000000000e+00,-4.914929187933243711e-05
1.588766229572846456e+01,0.000000000000000000e+00,-1.895005710395784915e+00
-1.080813037556669132e+00,0.000000000000000000e+00,7.398859023566866089e-01
3.392590121393052982e+01,0.000000000000000000e+00,-3.772094070400268655e-03
2.327918472327166555e+01,0.000000000000000000e+00,-8.932968238298082120e-04
3.503501132035647458e+01,0.000000000000000000e+00,-2.684369830103153567e-02
3.986395892781364836e+01,0.000000000000000000e+00,-1.126258107499484851e+00
3.382629649700000130e+01,0.000000000000000000e+00,-3.893605789519999916e-01
3.468054141493696818e+01,0.000000000000000000e+00,-4.025888167171673415e-02
3.441323752545333292e+01,0.000000000000000000e+00,-2.226998054456471796e-02
3.487435875279196296e+01,0.000000000000000000e+00,-3.424524841630238996e-03
2.451004185008364544e+01,0.000000000000000000e+00,-1.501003315063270714e-03
3.421855154249332287e+01,0.000000000000000000e+00,-2.726027532458863076e-02
1.327720053554785196e+01,0.000000000000000000e+00,-1.061587485543824885e-02
3.220836349293769985e+01,0.000000000000000000e+00,-1.244744673839586271e-02
4.061624494100385618e+01,0.000000000000000000e+00,2.562087034850265788e+00
2.018996095668602209e+01,0.000000000000000000e+00,-7.295716893221007408e-04
-1.102208257503827227e+00,0.000000000000000000e+00,3.355221408507352288e-01
1.107133705917534527e+01,0.000000000000000000e+00,4.050863990778753778e-04
8.873906469157722965e-01,0.000000000000000000e+00,1.704766315681085359e-02
2.307698618916641209e+01,0.000000000000000000e+00,1.417219174214774148e-02
4.118180442940276009e+01,0.000000000000000000e+00,1.026844677383893867e+01
3.524389415025867578e+01,0.000000000000000000e+00,-3.006094311531291585e-01
3.300794574225805889e+01,0.000000000000000000e+00,2.090872021574369157e-03
3.553303093827628345e+01,0.000000000000000000e+00,-1.297516420865827032e-02
3.330972191555353845e+01,0.000000000000000000e+00,-6.319716352598078735e-03
3.333156882452994552e+01,0.000000000000000000e+00,-4.826101911790787180e-01
1.037928707761766489e+01,0.000000000000000000e+00,8.614694266646573742e-03
3.560146287294490719e+01,0.000000000000000000e+00,1.724358001033253318e+00
4.399491247518525938e+01,0.000000000000000000e+00,-8.469073883615287457e+00
3.493126541697562715e+01,0.000000000000000000e+00,-4.467654581190885071e-02
4.237783420437455106e+01,0.000000000000000000e+00,9.460928403079014615e+00
3.503421433462943924e+01,0.000000000000000000e+00,-2.872513905713214993e-02
3.484224869148726356e+01,0.000000000000000000e+00,-6.338732966578628468e-03
4.489334422186760776e+01,0.000000000000000000e+00,1.206955268928476954e+01
5.491372288350422792e+01,0.000000000000000000e+00,3.476988622998068656e+00
3.578853047616492944e+01,0.000000000000000000e+00,1.005809778272961630e+01
3.079045720969498134e+01,0.000000000000000000e+00,-5.125474438973653957e-02
5.017932737249852693e+01,0.000000000000000000e+00,-6.050348721348030701e+00
3.545624980999552633e+01,0.000000000000000000e+00,1.572387370042827304e-01
3.839411430599084696e+01,0.000000000000000000e+00,4.659744275826821713e+00
3.235645733179454453e+01,0.000000000000000000e+00,-1.185697868475338659e-02
2.275836246717194200e+01,0.000000000000000000e+00,-1.099867551232468991e-03
3.671351743561256598e+01,0.000000000000000000e+00,1.099049550001392639e+01
5.415675533137863340e+01,0.000000000000000000e+00,2.436729300865382086e+00
3.592490008274481283e+01,0.000000000000000000e+00,5.162242034415452929e-01
3.524449787367558429e+01,0.000000000000000000e+00,-3.528597240711265487e-02
3.486167112593162187e+01,0.000000000000000000e+00,6.251841952476048903e+00
3.226190560075379210e+01,0.000000000000000000e+00,-1.019151960820719793e+01
3.359875277733019772e+01,0.000000000000000000e+00,1.041617508753350657e-01
2.976781163208725545e+01,0.000000000000000000e+00,-5.032346036322704386e+00
3.525224184186184573e+01,0.000000000000000000e+00,-5.228940303839198916e-02
2.000559500551329606e+01,0.000000000000000000e+00,3.994117076699583713e-01
5.342636703482289562e+01,0.000000000000000000e+00,-5.799904409750287648e+00
5.043427573788322604e+01,0.000000000000000000e+00,5.468268573394122534e+00
2.567167676772204032e+01,0.000000000000000000e+00,-3.464898345312266148e-01
3.315294261726869252e+01,0.000000000000000000e+00,-6.026915673671511264e-01
2.897140348638611940e+01,0.000000000000000000e+00,-7.730610083875738558e-03
3.329853706173638273e+01,0.000000000000000000e+00,-1.864521079255859054e-02
3.483288761166193126e+01,0.000000000000000000e+00,-7.239193136261929361e-03
1.401700319700468711e+01,0.000000000000000000e+00,2.803785640796080305e-03
1.765390537110499736e+01,0.000000000000000000e+00,-3.691869364111131924e-02
4.025420615808141633e+01,0.000000000000000000e+00,6.465108531128877623e+00
1.883164265326328390e+01,0.000000000000000000e+00,-3.802900259186314238e-04
3.470376332883528647e+01,0.000000000000000000e+00,-6.473769069071945437e-02
3.512642925814758854e+01,0.000000000000000000e+00,-8.209566474300934724e-02
-3.408854926666946561e-01,0.000000000000000000e+00,3.735690368375336190e-01
3.457160602520004034e+01,0.000000000000000000e+00,-3.478415839034256773e-01
3.546701296770390144e+01,0.000000000000000000e+00,2.441740407164483539e-01
3.480937410356701633e+01,0.000000000000000000e+00,-2.371094123093769532e-02
1.954616698431304656e+01,0.000000000000000000e+00,-1.062131075886924431e-01
3.129317134182798554e+01,0.000000000000000000e+00,4.765020119760669637e+00
2.599483507675784466e+01,0.000000000000000000e+00,-1.733889476062956160e-03
3.054282701355819896e+01,0.000000000000000000e+00,-9.657637082082116686e-01
4.772965582019785558e+01,0.000000000000000000e+00,4.797150999372215452e+00
3.491655325000375143e+01,0.000000000000000000e+00,-6.098839419927266636e-01
4.384504944916871239e+01,0.000000000000000000e+00,-5.516795813046101449e-01
3.656797048152884599e+01,0.000000000000000000e+00,4.468165881594758915e+00
1.629556701421346787e+01,0.000000000000000000e+00,-2.033546413676571630e-04
3.478625241267038604e+01,0.000000000000000000e+00,-1.150292079961579917e-03
2.668143609739339794e+01,0.000000000000000000e+00,4.595557377024901968e-01
4.719319083696851180e+01,0.000000000000000000e+00,-1.132198771463112053e+01
3.478932406933863319e+01,0.000000000000000000e+00,-2.962053155188230837e-03
3.481481206830011388e+01,0.000000000000000000e+00,-8.218856148700599872e-04
3.508483415245413539e+01,0.000000000000000000e+00,-2.897519638471864056e-02
2.889235940229239219e+01,0.000000000000000000e+00,4.858645456159726983e-01
2.994953692786689814e+01,0.000000000000000000e+00,-7.395423480207543587e-01
2.862400724998248336e+01,0.000000000000000000e+00,-6.129456373985660289e-03
2.465952749659516741e+01,0.000000000000000000e+00,-2.420651924692728274e-01
3.542122634750906229e+01,0.000000000000000000e+00,3.315189472001362492e-01
3.475329578576230460e+01,0.000000000000000000e+00,-5.206342363066532655e-03
3.063911746793911561e+01,0.000000000000000000e+00,-1.019512981324696005e-02
3.484874501238387978e+01,0.000000000000000000e+00,-1.895830185461575002e-02
3.475382924580880228e+01,0.000000000000000000e+00,-1.139048303622168697e-02
3.534882627168550329e+01,0.000000000000000000e+00,-2.192845249800822738e-01
-1.575604622494746643e+00,0.000000000000000000e+00,3.910747035243287151e-01
2.533510884816495334e+01,0.000000000000000000e+00,-1.964688639935566368e-03
3.798294013620306231e+01,0.000000000000000000e+00,1.072538302294399726e+00
5.491011910817167774e+01,0.000000000000000000e+00,-2.214282964881940874e+00
4.138452856167094751e+01,0.000000000000000000e+00,-6.129968503959515758e+00
3.473337832887217758e+01,0.000000000000000000e+00,4.810007683812884682e-01
3.551682134571772309e+01,0.000000000000000000e+00,1.025854168517644283e+01
3.589777349199024314e+01,0.000000000000000000e+00,-1.369178793723147547e-01
3.481693569733604221e+01,0.000000000000000000e+00,-7.589784545195403173e-03
3.509935584403522313e+01,0.000000000000000000e+00,-1.468173129513828945e-01
3.564703378991871574e+01,0.000000000000000000e+00,-3.338541248583067333e-01
3.441936436150000134e+01,0.000000000000000000e+00,-6.340703689160000385e-03
3.239835600131318927e+01,0.000000000000000000e+00,1.022150647090300409e-02
3.477291006228476533e+01,0.000000000000000000e+00,-1.937940287106525439e-01
3.324764698079873426e+01,0.000000000000000000e+00,-1.783906896815291854e-02
2.659994866822417947e+01,0.000000000000000000e+00,-4.377187187559875015e-01
3.511764084370891226e+01,0.000000000000000000e+00,-9.443664203049820238e-02
3.373632620657939896e+01,0.000000000000000000e+00,9.090639738372774392e-01
2.552400306297685972e+01,0.000000000000000000e+00,7.181547792523467139e-04
3.466637664341305225e+01,0.000000000000000000e+00,-9.514672135940940856e-03
2.669218881753980099e+01,0.000000000000000000e+00,-5.239305669519943365e+00
3.494130240759489681e+01,0.000000000000000000e+00,-1.440258494090159921e-02
2.965582755780489421e+01,0.000000000000000000e+00,-5.989503445547940744e-03
3.054530650660628410e+01,0.000000000000000000e+00,-5.309389552063289441e-01
3.486462778936581230e+01,0.000000000000000000e+00,-2.112087447846524788e-02
3.262157451127008301e+01,0.000000000000000000e+00,-1.560037955523449656e-02
3.480300780744244804e+01,0.000000000000000000e+00,-5.750486577341718669e-03
3.019163140160579673e+01,0.000000000000000000e+00,-5.119161561252606046e-02
3.513572358352544001e+01,0.000000000000000000e+00,-9.646760885520382078e-02
4.242123334739925156e+01,0.000000000000000000e+00,-2.175587477414974380e+00
3.477687495845165699e+01,0.000000000000000000e+00,-1.008091310177270175e-03
3.031641835363053872e+01,0.000000000000000000e+00,-6.763217492828844657e-01
3.947577563330190031e+01,0.000000000000000000e+00,-5.902115706165449865e-02
3.455459471906240054e+01,0.000000000000000000e+00,-2.542473930739247434e-02
3.450359640450306387e+01,0.000000000000000000e+00,-1.007431643290488711e-02
2.228141834179645286e+01,0.000000000000000000e+00,-1.583107793695394394e-01
4.189949200223598780e+01,0.000000000000000000e+00,3.826559950236771979e-01
-1.730801135494149490e+00,0.000000000000000000e+00,1.299599157020942419e+00
3.689880676054062292e+01,0.000000000000000000e+00,1.849328079156431714e+00
2.964362963172155219e+01,0.000000000000000000e+00,-5.754614202152228027e-03
3.632646655864954255e+01,0.000000000000000000e+00,-9.043849397916735811e+00
3.062204367272116556e+01,0.000000000000000000e+00,3.614092023728806002e-01
2.193777084957585544e+01,0.000000000000000000e+00,-1.461749951053433472e-01
4.496134289369719284e+01,0.000000000000000000e+00,2.089362441899647926e+00
4.135800329362763961e+01,0.000000000000000000e+00,-1.152048427543159015e+01
3.477979616553758291e+01,0.000000000000000000e+00,-1.171004165112982387e-01
4.630611047382672751e+01,0.000000000000000000e+00,9.236521667087584930e+00
4.293078030117709432e+01,0.000000000000000000e+00,1.272708163921658198e+01
4.942073570913539271e+01,0.000000000000000000e+00,1.176633626125349252e+01
4.558807649569074982e+01,0.000000000000000000e+00,-2.068705247503989320e+00
3.633174732450627431e+01,0.000000000000000000e+00,-8.759495091919788923e-01
3.583427726166500094e+01,0.000000000000000000e+00,1.204613552361743917e-01
3.521677406082530126e+01,0.000000000000000000e+00,-8.557333544954004445e-02
4.072254120402817534e+01,0.000000000000000000e+00,1.247746765371650035e+01
3.524717931120692072e+01,0.000000000000000000e+00,-1.012418197237870132e-01
3.488989581994487565e+01,0.000000000000000000e+00,-1.579973957182685129e-01
1.291448666049999972e+01,0.000000000000000000e+00,-1.060425520530000056e-04
3.333281291327431006e+01,0.000000000000000000e+00,-9.640376113395307200e+00
4.243711965282338383e+01,0.000000000000000000e+00,5.101682700144585247e-01
3.297392056254890491e+01,0.000000000000000000e+00,7.602609662924966649e+00
3.417994623065003879e+01,0.000000000000000000e+00,7.556713630093921941e-01
2.348470100904417635e+01,0.000000000000000000e+00,-2.277000500771124147e-01
3.487051490655959896e+01,0.000000000000000000e+00,-2.047048107353836854e-02
2.264961850294699275e+01,0.000000000000000000e+00,8.989399559346177015e-02
5.321940187023042057e+01,0.000000000000000000e+00,1.108018808121745691e+00
3.545353387087597952e+01,0.000000000000000000e+00,-7.290126084862182110e-02
3.479089886110460128e+01,0.000000000000000000e+00,1.833246837416874567e-02
2.916457257670541736e+01,0.000000000000000000e+00,-1.549241826474443640e+00
3.534256236014344665e+01,0.000000000000000000e+00,-5.208386506094172391e-02
3.477151273416465216e+01,0.000000000000000000e+00,-1.755905673906407033e-02
1.319480458069999962e+01,0.000000000000000000e+00,-2.121075517600000014e-04
3.557838732922544978e+01,0.000000000000000000e+00,-4.698881169337083830e-02
1.311514832579999990e+01,0.000000000000000000e+00,-1.919243000010000086e-04
2.792824502964681344e+01,0.000000000000000000e+00,-2.613969033884468423e-03
2.388332481500821558e+01,0.000000000000000000e+00,-7.784607172509447337e-02
2.554477170362438443e+01,0.000000000000000000e+00,-1.979410523075422410e-03
3.457277655651993342e+01,0.000000000000000000e+00,1.086474173835432072e-01
3.525608421560414740e+01,0.000000000000000000e+00,4.633270482283134428e-01
3.509722526839815515e+01,0.000000000000000000e+00,-2.763881795319686127e-02
1.880383744416342751e+01,0.000000000000000000e+00,2.712892617584968663e-02
4.523786549255731870e+01,0.000000000000000000e+00,5.772004109405805217e+00
3.492270344722661690e+01,0.000000000000000000e+00,-1.316886165118631540e-02
3.373429480416107396e+01,0.000000000000000000e+00,-6.211887328915005613e-03
3.317658450595296671e+01,0.000000000000000000e+00,1.799802782715278049e+00
3.294981378737637101e+01,0.000000000000000000e+00,-7.693327014933154344e-03
2.419280298988346090e+01,0.000000000000000000e+00,-2.019149695630897100e-03
1.596924278638624983e+01,0.000000000000000000e+00,3.325759553865180029e-03
3.574601803909864373e+01,0.000000000000000000e+00,5.012333816049387852e-02
4.584809631812012043e+01,0.000000000000000000e+00,1.288678215466911148e+01
2.286470794659598482e+01,0.000000000000000000e+00,8.374444377013583185e-02
3.079828314646205456e+01,0.000000000000000000e+00,-1.729625350447794752e+00
4.038235253091778532e+01,0.000000000000000000e+00,-3.973905219919146248e+00
2.377717586019613449e+01,0.000000000000000000e+00,-1.963180066019539795e-03
3.479426187144261462e+01,0.000000000000000000e+00,-1.301701473765201622e-02
3.482191012867171764e+01,0.000000000000000000e+00,1.340254951037117689e-03
1.838690137039809613e+01,0.000000000000000000e+00,9.884134237510597276e-03
4.484805992583498768e-01,0.000000000000000000e+00,3.472415451934462299e-02
3.520638292345960707e+01,0.000000000000000000e+00,2.067497977082712740e-02
3.518811875618253993e+01,0.000000000000000000e+00,-7.867957491359392486e-02
3.661616784113218159e+01,0.000000000000000000e+00,1.108075338928900955e+01
3.310378488954150100e+01,0.000000000000000000e+00,5.464692889870486070e+00
3.662459068883530477e+01,0.000000000000000000e+00,1.107309219342615947e+01
3.496715249664752889e+01,0.000000000000000000e+00,-5.522058072564442477e-02
7.456223099969961687e+00,0.000000000000000000e+00,-6.197840225230259736e-02
3.468936059956250517e+01,0.000000000000000000e+00,-1.227309429310830501e-02
3.484060147163636145e+01,0.000000000000000000e+00,2.008512588589326686e+00
3.481005358656637583e+01,0.000000000000000000e+00,-6.901476812303485031e-03
2.060923404415641258e+01,0.000000000000000000e+00,-4.858412514538231353e-04
1.597829358482298368e+01,0.000000000000000000e+00,-4.520364500676817519e-04
3.470091679983595157e+01,0.000000000000000000e+00,-5.645981307569116620e-02
2.802462449779325482e+01,0.000000000000000000e+00,-2.914987748247113101e-03
3.506953652847963809e+01,0.000000000000000000e+00,7.008565374812707471e-01
4.023148763372762460e+01,0.000000000000000000e+00,3.960362984490313210e+00
3.515965015522152726e+01,0.000000000000000000e+00,1.278062852275981265e-01
3.186993729260786878e+01,0.000000000000000000e+00,-3.364380072171995750e-01
3.435105470546513828e+01,0.000000000000000000e+00,-5.439473764498073960e-01
2.975516016231571470e+01,0.000000000000000000e+00,-7.733568484830337895e-03
1.346191180061984483e+01,0.000000000000000000e+00,-1.332091873258258764e-04
4.346726639535440029e+01,0.000000000000000000e+00,4.755446327629127556e-01
3.473953424331246254e+01,0.000000000000000000e+00,-4.590690105280795935e-03
1.794251203674863504e+01,0.000000000000000000e+00,-7.967636976465936050e-02
4.503255392972671700e+01,0.000000000000000000e+00,-1.201856376422348305e+01
3.518084160776411551e+01,0.000000000000000000e+00,6.547575920854161069e+00
3.479862963761559058e+01,0.000000000000000000e+00,1.544097150815774934e-03
3.474499555131027506e+01,0.000000000000000000e+00,-4.291344189573190887e-02
4.301675287315237028e+01,0.000000000000000000e+00,1.237014414983586619e+01
2.893906891117933711e+01,0.000000000000000000e+00,-3.237469266403813269e-03
1.273450128827404750e-02,0.000000000000000000e+00,6.811374542935738630e-01
3.545327964670609333e+01,0.000000000000000000e+00,1.116514221202520585e-01
1.258849038197495718e+00,0.000000000000000000e+00,-2.945620110499820865e-01
3.043399784259477414e+01,0.000000000000000000e+00,-9.277711082698968381e-01
2.982637951354136874e+01,0.000000000000000000e+00,1.304566675149708942e-02
3.357604760350854178e+01,0.000000000000000000e+00,8.266438614802328999e+00
3.246892821507120175e+01,0.000000000000000000e+00,-5.899106177773301603e-03
2.079546070673344005e+01,0.000000000000000000e+00,6.395790748761229216e-02
3.603950319366380484e+01,0.000000000000000000e+00,1.068262880541188053e+01
-2.783252981147462446e+00,0.000000000000000000e+00,1.115886899500919460e+00
4.741144839690304025e+01,0.000000000000000000e+00,-5.873531435661677236e+00
3.070596911416027552e+01,0.000000000000000000e+00,-8.005312131282967814e-01
4.304926466221458980e+01,0.000000000000000000e+00,-6.761473902301551320e+00
4.175262011848278831e+01,0.000000000000000000e+00,1.284730423324210280e+00
3.458524566073118933e+01,0.000000000000000000e+00,-1.087236679961212760e+00
4.504059467636337644e+01,0.000000000000000000e+00,-7.108134298249423111e+00
3.196680148641944186e+01,0.000000000000000000e+00,-5.162624415159319455e-03
3.486953848191933503e+01,0.000000000000000000e+00,-2.236665581173474110e-02
5.325873239868303699e+01,0.000000000000000000e+00,-5.803120086511953879e+00
3.471007785086871422e+01,0.000000000000000000e+00,2.932604168451342641e-01
3.328496456472871756e+01,0.000000000000000000e+00,4.048192729151670610e-01
1.409327998079895750e+01,0.000000000000000000e+00,-6.759495776106603238e-01
4.066850379978031071e+01,0.000000000000000000e+00,-6.655812731179432618e+00
3.473440503586766681e+01,0.000000000000000000e+00,3.999091240752113315e-03
3.495230951465865843e+01,0.000000000000000000e+00,-1.187553748176670559e-01
3.387925051398617882e+01,0.000000000000000000e+00,5.008940980154466871e+00
3.484524222698987472e+01,0.000000000000000000e+00,-3.808806030710626400e-02
2.554612860679425879e+01,0.000000000000000000e+00,1.246579650026410774e-01
2.724978334307225936e+01,0.000000000000000000e+00,2.754618859017595942e-02
3.491171920807543216e+01,0.000000000000000000e+00,-7.727891398622711849e-02
2.823013407848133127e+01,0.000000000000000000e+00,-4.550916069548357257e+00
5.250522334875093122e+01,0.000000000000000000e+00,-7.571014707518573417e+00
3.496843622840231802e+01,0.000000000000000000e+00,-1.343967658720998104e-01
5.254827639637582593e+01,0.000000000000000000e+00,-3.787403195735845163e+00
3.477506369650661355e+01,0.000000000000000000e+00,-8.734790179532062049e-03
4.344626906020239687e+01,0.000000000000000000e+00,7.505219859757095158e-01
3.182742723234625615e+01,0.000000000000000000e+00,-7.086087904499820400e-01
4.330780033045529365e+01,0.000000000000000000e+00,-9.673943721985382993e+00
3.477669266831566830e+01,0.000000000000000000e+00,-1.625093644000788831e-02
3.052047275782773283e+01,0.000000000000000000e+00,-9.927379113804576938e-02
3.486329542095680267e+01,0.000000000000000000e+00,-4.650472919082103071e-03
3.554031729608130519e+01,0.000000000000000000e+00,5.325828651181094969e-02
3.293956623343187573e+01,0.000000000000000000e+00,-7.235212073687337896e-03
2.957688888083468015e+01,0.000000000000000000e+00,-6.471111296729216145e-01
3.534843656182148663e+01,0.000000000000000000e+00,-8.366907725333574963e-02
1.759794353624817731e+01,0.000000000000000000e+00,-5.664949007800648140e+00
3.565312431568927565e+01,0.000000000000000000e+00,3.544737541908627443e-01
3.479201763226765109e+01,0.000000000000000000e+00,-1.016960956100629830e-02
1.296809444149999990e+01,0.000000000000000000e+00,-1.052861945880000045e-04
1.977358325767788472e+01,0.000000000000000000e+00,-4.610523063457590254e-04
3.021474111687465935e+01,0.000000000000000000e+00,-7.502467463492544335e-03
3.486694293070027584e+01,0.000000000000000000e+00,-9.197890759232299485e-02
4.761467444118873971e+01,0.000000000000000000e+00,-9.834166375859735965e+00
3.552697157393080829e+01,0.000000000000000000e+00,-2.434890248464512130e-02
3.602064626340107623e+01,0.000000000000000000e+00,3.159813241705827558e+00
3.620084103165137179e+01,0.000000000000000000e+00,1.029979097975167512e+00
3.216279289748921855e+01,0.000000000000000000e+00,-7.368410788646079901e+00
8.871968575058636119e+00,0.000000000000000000e+00,-3.229468500661790031e+00
2.326706993688457459e+01,0.000000000000000000e+00,-8.646416524803469646e-04
2.566349951013834385e+01,0.000000000000000000e+00,-3.448896056637748651e-03
2.759830959071947731e+01,0.000000000000000000e+00,-4.869730741060969599e-03
3.436980165248792929e+01,0.000000000000000000e+00,-3.156464684727786074e-01
2.667113234443517555e+01,0.000000000000000000e+00,-2.466271663598780875e-03
2.994479181518708799e+01,0.000000000000000000e+00,-1.150230250111659025e+00
3.916247788115201445e+01,0.000000000000000000e+00,1.200713966541968425e+01
1.332247640119999943e+01,0.000000000000000000e+00,-7.269220121259999557e-05
3.275266957410894975e+01,0.000000000000000000e+00,3.096176959026559206e-01
2.749336038587107822e+01,0.000000000000000000e+00,3.441880119869212273e-01
3.442202026113204738e+01,0.000000000000000000e+00,-2.759768312842261206e-01
2.860331618026643241e+01,0.000000000000000000e+00,4.167006227239292149e-02
2.354877130372814165e+01,0.000000000000000000e+00,4.839180649135996909e-02
1.649826293267684463e+01,0.000000000000000000e+00,-1.478030679245951294e-02
3.228272215974494230e+01,0.000000000000000000e+00,-1.351000933458821295e-02
4.719390875711925304e+01,0.000000000000000000e+00,-1.137550200140495349e+01
2.844068025970974034e+01,0.000000000000000000e+00,-6.862823266871120355e-03
3.333897662048346433e+01,0.000000000000000000e+00,1.161983587327027667e+00
2.843511871954553527e+01,0.000000000000000000e+00,-2.903026245941303304e-03
1.330560170839999934e+01,0.000000000000000000e+00,-1.119451954779999975e-04
3.427486805009007043e+01,0.000000000000000000e+00,9.764693683427678669e-03
2.790428082739453330e+01,0.000000000000000000e+00,4.356337751370872313e-01
1.320615609171407279e+01,0.000000000000000000e+00,3.178707048579041197e-03
3.230040475988886328e+01,0.000000000000000000e+00,3.692335341910676361e-01
3.118491846984538896e+01,0.000000000000000000e+00,3.796833345290756334e+00
3.125378321164220807e+01,0.000000000000000000e+00,5.475205008692503483e+00
4.376068872643058683e+01,0.000000000000000000e+00,-5.877031857580169216e+00
4.309034252378439334e+01,0.000000000000000000e+00,3.282564315869757277e+00
2.017227301228535552e+01,0.000000000000000000e+00,-2.945730742306854055e-02
3.466616126476604620e+01,0.000000000000000000e+00,-1.231881919299422125e-02
2.855641340584054788e+01,0.000000000000000000e+00,-3.571986828078723298e-03
5.246253163799318742e+01,0.000000000000000000e+00,8.953042568136234891e+00
3.335195982340721343e+01,0.000000000000000000e+00,-1.650216125613331863e-01
3.521478503423315232e+01,0.000000000000000000e+00,-3.417536445368454801e-02
3.500460545943995072e+01,0.000000000000000000e+00,-2.211507077305522456e-02
2.344286600210513427e+01,0.000000000000000000e+00,-1.611616186336111431e-03
3.524816369808385019e+01,0.000000000000000000e+00,-4.385618849696116400e-02
2.780391043539079732e+01,0.000000000000000000e+00,1.188824439919983211e-01
1.428349367863043007e+01,0.000000000000000000e+00,6.636778118013519391e-03
2.893418908809369583e+01,0.000000000000000000e+00,-8.755996861080363181e-02
3.510873157848260462e+01,0.000000000000000000e+00,-7.275239871168866834e+00
2.992061037609690999e+01,0.000000000000000000e+00,-4.996504109145579520e+00
2.026109749046137765e+01,0.000000000000000000e+00,-5.902127380567159017e-04
3.338379283597797809e+01,0.000000000000000000e+00,7.009673771551501453e-02
2.991657278494415806e+01,0.000000000000000000e+00,-7.244173263159811249e+00
2.430408325197845087e+01,0.000000000000000000e+00,1.654529965688709406e-03
5.166335166496921971e+01,0.000000000000000000e+00,7.957074960670444952e+00
2.925344713555661258e+01,0.000000000000000000e+00,4.238328812453918459e+00
1.383150309512888221e+01,0.000000000000000000e+00,1.420928943644994189e-04
3.544784411788512557e+01,0.000000000000000000e+00,-1.055158073294517190e-01
1.623512369533512256e+01,0.000000000000000000e+00,1.188306672618004781e-03
4.577455885638303523e-01,0.000000000000000000e+00,1.628981835299586345e-01
3.678970566983305446e+01,0.000000000000000000e+00,-1.162618959642956806e+00
3.609571345611811211e+01,0.000000000000000000e+00,1.063672215535682497e+01
1.319789142750000011e+01,0.000000000000000000e+00,4.846426593009999970e-04
4.208313099000788071e+01,0.000000000000000000e+00,6.683570048213071324e+00
1.384524158641449354e+01,0.000000000000000000e+00,-1.601986610668747503e-05
3.539119706412101607e+01,0.000000000000000000e+00,-4.707648211586651366e-02
3.547865293950896159e+01,0.000000000000000000e+00,-5.373646569614175250e-02
2.191728812365162682e+01,0.000000000000000000e+00,-6.868995700955580390e-04
3.480864211920166440e+01,0.000000000000000000e+00,-4.742212380359563106e-02
3.496425853601738254e+01,0.000000000000000000e+00,-2.559982968826253202e-01
3.330137872390181997e+01,0.000000000000000000e+00,-8.597568750087537098e-03
1.547622109678311197e+01,0.000000000000000000e+00,1.337323378217471041e-02
2.899836607673744737e+01,0.000000000000000000e+00,-7.011907101231827921e-01
3.464736711555362092e+01,0.000000000000000000e+00,-1.967551742957323376e-03
3.501501478608673779e+01,0.000000000000000000e+00,-3.123606321186940885e-02
3.501767898502878040e+01,0.000000000000000000e+00,-6.018659451031757590e-02
1.297418132269999980e+01,0.000000000000000000e+00,-1.071348729829999972e-04
3.105002743739096971e+01,0.000000000000000000e+00,-1.200215546867497776e-02
3.469028785035881413e+01,0.000000000000000000e+00,-1.715098630006279060e-02
2.158223250429000473e+01,0.000000000000000000e+00,-1.224164982553483045e-03
3.508260988682219761e+01,0.000000000000000000e+00,-2.513412764553862866e-02
4.519302098652686084e+01,0.000000000000000000e+00,2.805095241790644955e+00
3.378296319552531202e+01,0.000000000000000000e+00,1.307926805183188934e+00
8.003547949198486222e-01,0.000000000000000000e+00,-1.489688962835304387e-01
2.130221767507509512e+01,0.000000000000000000e+00,-2.058741558610931999e-01
3.553387439313234353e+01,0.000000000000000000e+00,-4.804356318525165870e-02
3.560930109911588204e+01,0.000000000000000000e+00,5.816998872936508524e-01
3.522846053459532101e+01,0.000000000000000000e+00,-1.102799459120303860e-01
2.622000970301422740e+01,0.000000000000000000e+00,-3.047231462537092761e-01
3.484543507853913979e+01,0.000000000000000000e+00,-1.229396011189775630e-02
3.487195698256766718e+01,0.000000000000000000e+00,-1.673540495523889726e-02
3.088776636420362820e+01,0.000000000000000000e+00,-9.865665682561197691e-02
3.503075306505238018e+01,0.000000000000000000e+00,-1.180401856906954094e-02
3.544320657567399735e+01,0.000000000000000000e+00,-1.644675860983235982e-01
3.555142414390775230e+01,0.000000000000000000e+00,1.466241859984400986e-01
1.909953880691161388e+01,0.000000000000000000e+00,-3.194113352529164701e-02
2.130942252119618630e+01,0.000000000000000000e+00,-5.460357911689312036e-04
3.574058783159061647e+01,0.000000000000000000e+00,3.603168255609798254e-02
4.191302722919999724e+01,0.000000000000000000e+00,9.617745924030000060e-01
3.500029494506750183e+01,0.000000000000000000e+00,-4.830181389456688484e-02
1.225110220400000038e+01,0.000000000000000000e+00,2.455865679109999790e-03
2.571960815210856666e+01,0.000000000000000000e+00,8.559662845644266937e-02
2.908004253634049618e+01,0.000000000000000000e+00,-4.524681554715375698e-01
2.152932333401566822e+01,0.000000000000000000e+00,1.256220027187221824e-02
3.453006870229999947e+01,0.000000000000000000e+00,-1.620591986470000023e+00
2.195931927968654662e+01,0.000000000000000000e+00,-8.862817579014792280e-02
3.533902780192617854e+01,0.000000000000000000e+00,2.086767237454912050e-01
2.512720174785574301e+01,0.000000000000000000e+00,-2.998777624694666001e-03
3.476022215332832133e+01,0.000000000000000000e+00,1.240717851760782904e-03
1.825606660325228603e+01,0.000000000000000000e+00,3.218254782927182540e-03
3.479784812756641799e+01,0.000000000000000000e+00,-9.258217994740249382e-03
2.334007327918923380e+01,0.000000000000000000e+00,-1.132845785016365877e-03
3.484355598945090549e+01,0.000000000000000000e+00,-1.749612918947680493e-02
2.040236481800193147e+01,0.000000000000000000e+00,-7.213006206760017198e-04
3.315456937547621408e+01,0.000000000000000000e+00,-1.559339369362784493e-02
3.487257222328279482e+01,0.000000000000000000e+00,-2.152814856576885372e-01
4.867599697245195500e+01,0.000000000000000000e+00,-9.844357984051704591e+00
3.488125796651191024e+01,0.000000000000000000e+00,-3.482385808415192595e-03
9.563052717444151085e+00,0.000000000000000000e+00,5.575268071577894197e-02
-2.131884246722291820e+00,0.000000000000000000e+00,1.261273023707402574e+00
2.660291290938221564e+01,0.000000000000000000e+00,1.246979674099872593e-02
3.139342102768902265e+01,0.000000000000000000e+00,5.729013935037481353e+00
3.825040370297806902e+01,0.000000000000000000e+00,1.197265948598520779e+01
2.693304592998446623e+01,0.000000000000000000e+00,5.100745283141447199e-03
2.388078774438922380e+01,0.000000000000000000e+00,-1.053112508802963448e-03
4.356251888399400940e+01,0.000000000000000000e+00,1.180408877892612907e+01
3.374052050661519786e+01,0.000000000000000000e+00,-7.846919193393597086e-03
2.937996134333508280e+01,0.000000000000000000e+00,2.728556609673167266e-01
4.610183843071764898e+01,0.000000000000000000e+00,2.952770760766973979e+00
3.200498198010134132e+01,0.000000000000000000e+00,-5.682259282614226560e-03
2.994652433241616762e+01,0.000000000000000000e+00,-3.502154444291171731e-01
3.520915631896107101e+01,0.000000000000000000e+00,-1.207176624460266218e-01
3.470526010336952538e+01,0.000000000000000000e+00,-5.306588822384761088e-03
2.501404413646281100e+01,0.000000000000000000e+00,-3.964524528862082842e-01
3.519059579874985388e+01,0.000000000000000000e+00,2.978555259897722962e+00
3.471322702666935811e+01,0.000000000000000000e+00,-7.821813192612348323e-03
3.790755189890741406e+01,0.000000000000000000e+00,1.123756851361943454e+01
3.364120345595484451e+01,0.000000000000000000e+00,5.293072289733376234e-02
3.260405576269585737e+01,0.000000000000000000e+00,4.456111028399790119e-01
2.426263189385625552e+01,0.000000000000000000e+00,-1.578721302259060173e-03
3.513236081588051718e+01,0.000000000000000000e+00,-1.635419951203940792e-01
3.478547156066777291e+01,0.000000000000000000e+00,-6.490632275436686131e-03
2.208901254565932959e+01,0.000000000000000000e+00,-8.047453215031287466e-04
3.479728326631468605e+01,0.000000000000000000e+00,-4.557927759485944433e-03
2.644323901284474587e+01,0.000000000000000000e+00,-1.871166759975016136e+00
1.676485481447098280e+01,0.000000000000000000e+00,-1.244259124253134681e-02
2.166018903542649099e+01,0.000000000000000000e+00,1.008307274633053231e-03
3.472102712697059701e+01,0.000000000000000000e+00,-1.066701617131320633e-02
4.604905565433267611e+01,0.000000000000000000e+00,5.126916810257624135e+00
3.455475469356354523e+01,0.000000000000000000e+00,3.067099615612932650e-01
2.182914517300025992e+01,0.000000000000000000e+00,-1.076039195494008990e-03
2.805444040823291019e+01,0.000000000000000000e+00,3.619736246923312417e-01
4.088330648789478516e+01,0.000000000000000000e+00,8.192173545745671248e+00
7.624157440742752812e+00,0.000000000000000000e+00,-1.009516779205009041e+00
3.552874908796535891e+01,0.000000000000000000e+00,1.459684376529248429e+00
4.812894443024565305e+01,0.000000000000000000e+00,-9.820494993486176938e+00
3.543761164238655681e+01,0.000000000000000000e+00,-6.429487087177132576e-02
3.373696527834298564e+01,0.000000000000000000e+00,-6.257517492096950740e+00
3.473502518607526923e+01,0.000000000000000000e+00,-2.911596442126834512e-03
2.435766252090676431e+01,0.000000000000000000e+00,-1.116464927258895273e-03
3.485938603725104201e+01,0.000000000000000000e+00,-3.403429965117155381e-03
3.252355770394503054e+01,0.000000000000000000e+00,7.868178410579224069e-01
3.944599030793067840e+01,0.000000000000000000e+00,1.228707259078025338e+01
2.389485314396247162e+01,0.000000000000000000e+00,5.359619233432829852e-03
3.505608269032782687e+01,0.000000000000000000e+00,-8.692998790294445555e-02
3.503397131410753929e+01,0.000000000000000000e+00,-7.988211575116641039e-02
3.788565142316322465e+01,0.000000000000000000e+00,-1.815464753799856057e+00
2.735031816635152069e+01,0.000000000000000000e+00,-3.324669694442253850e-03
3.463259800733283811e+01,0.000000000000000000e+00,-5.093816527531819238e-02
3.311615528412258413e+01,0.000000000000000000e+00,7.841925762583095150e+00
2.909722201764179417e+01,0.000000000000000000e+00,-4.531088540606993155e-03
1.309864762409999983e+01,0.000000000000000000e+00,-1.820775969609999992e-04
3.333150085320206557e+01,0.000000000000000000e+00,-5.337892121136413870e-01
3.806428808841831568e+01,0.000000000000000000e+00,3.512224195605871735e+00
4.608302671662470118e+01,0.000000000000000000e+00,2.034000691012525674e+00
3.543764855600063868e+01,0.000000000000000000e+00,7.127732491432850814e+00
2.460864366230379829e+01,0.000000000000000000e+00,5.315012585762556550e-03
1.802151139229777854e+01,0.000000000000000000e+00,-3.730444085998345241e-04
3.435436619032846295e+01,0.000000000000000000e+00,-4.194592412382310842e-01
3.518312212744984890e+01,0.000000000000000000e+00,-3.741751703137729396e-02
4.711153088405032996e+00,0.000000000000000000e+00,-1.758489814825364261e+00
5.426488308116805115e+01,0.000000000000000000e+00,-1.363151223436180448e+00
3.479877706393612868e+01,0.000000000000000000e+00,3.258577605786714959e-01
2.391038950018989695e+01,0.000000000000000000e+00,4.226652556723775600e-03
3.187167776548797349e+01,0.000000000000000000e+00,-1.283456596731552823e-01
2.362728023855270010e+01,0.000000000000000000e+00,-2.083881829478181555e-03
5.280690914819349047e+01,0.000000000000000000e+00,5.840352152727377621e+00
3.484253765726266039e+01,0.000000000000000000e+00,-7.919821309891041106e-02
1.645690792320778684e+01,0.000000000000000000e+00,-3.006963600335849085e-01
4.447401114661769128e+01,0.000000000000000000e+00,1.085098638098155099e+01
2.859197302724829370e+01,0.000000000000000000e+00,3.665683636384335919e+00
3.260058570170799896e+01,0.000000000000000000e+00,5.706060863752759893e-01
2.730987856802727265e+01,0.000000000000000000e+00,-4.038224809616793726e-03
1.074152678589999965e+01,0.000000000000000000e+00,6.174002128249999645e-03
3.542469253814029173e+01,0.000000000000000000e+00,3.919309842920512543e-01
3.495707577565232071e+01,0.000000000000000000e+00,-3.075911519341882616e-02
1.444182121075707670e+01,0.000000000000000000e+00,-4.860077498382702199e-01
2.179992520070034345e+01,0.000000000000000000e+00,2.256074387899698400e-02
3.029304602429481008e+01,0.000000000000000000e+00,-7.898259973430843406e-01
3.433540423524858909e+01,0.000000000000000000e+00,-2.639034904950175453e-01
2.946948183030373158e+01,0.000000000000000000e+00,-1.673076777144050509e-01
3.257619105116766178e+01,0.000000000000000000e+00,5.712388952234648265e+00
4.399725930919509409e+01,0.000000000000000000e+00,5.924869019779611889e+00
3.525745904047553125e+01,0.000000000000000000e+00,-1.762869269646263615e-01
2.703470058593829961e+01,0.000000000000000000e+00,3.480934959080832225e-02
3.821714116630740676e+01,0.000000000000000000e+00,5.557768482556840972e+00
2.201879757417010097e+01,0.000000000000000000e+00,-1.078626047217912387e-01
3.536616571821896571e+01,0.000000000000000000e+00,-1.987585219417576377e-01
2.312171790342245714e+01,0.000000000000000000e+00,-1.218252304263316111e-03
3.779533561690242749e+01,0.000000000000000000e+00,1.079221459781368742e+00
3.295531046216189708e+01,0.000000000000000000e+00,-6.122643033991582717e-01
3.539493409788024536e+01,0.000000000000000000e+00,2.291369240943501584e-01
3.526587928770472757e+01,0.000000000000000000e+00,7.463305223053476323e-02
3.492974509536028194e+01,0.000000000000000000e+00,-2.807591454512066154e-01
3.482264071548139128e+01,0.000000000000000000e+00,-2.687848417464038311e-02
3.488597124929911075e+01,0.000000000000000000e+00,-5.903605521667932080e-03
-1.455884813857107440e+00,0.000000000000000000e+00,1.104339678380192424e+00
2.122542284676183755e+01,0.000000000000000000e+00,7.658017411092693343e-03
1.071691782919999980e+01,0.000000000000000000e+00,-3.142859000629999976e-03
3.486172962335787417e+01,0.000000000000000000e+00,-1.235926603941717716e-01
1.869673949060114992e+01,0.000000000000000000e+00,3.552126257536796644e-02
3.059064607510759259e+01,0.000000000000000000e+00,3.215749943924215426e+00
3.267543653388815983e+01,0.000000000000000000e+00,-5.947367584945980820e-03
2.344003177446931829e+01,0.000000000000000000e+00,3.598091665964909397e-03
4.794310017470187546e+01,0.000000000000000000e+00,-7.669101838899832657e+00
3.240960295635944988e+01,0.000000000000000000e+00,-6.532744023312208118e-03
3.830572603226649164e+01,0.000000000000000000e+00,7.159236296763511476e+00
3.077915083311777877e+01,0.000000000000000000e+00,-9.645789918731797336e-03
3.962090585035556956e+01,0.000000000000000000e+00,-1.162439131049682928e+01
4.165315182295105245e+01,0.000000000000000000e+00,9.813579910942879181e+00
3.474401716343110280e+01,0.000000000000000000e+00,3.091427301046793287e-03
4.959081307409113037e+01,0.000000000000000000e+00,-7.796535281904218628e+00
3.318389042424533386e+01,0.000000000000000000e+00,7.020803149058590265e+00
3.506120818044659870e+01,0.000000000000000000e+00,-4.470290456007054020e-02
2.492722474404358479e+01,0.000000000000000000e+00,-1.263964616439552414e-03
3.504932753496277087e+01,0.000000000000000000e+00,-5.016612916122768079e-02
3.091095596250853106e+01,0.000000000000000000e+00,4.381112664727809247e-01
2.683237016892067572e+01,0.000000000000000000e+00,-4.636348421750625948e-03
4.020219702057723055e+01,0.000000000000000000e+00,6.045534407068242189e+00
1.752635298485232695e+01,0.000000000000000000e+00,1.049928951936364818e+00
3.483481814910565078e+01,0.000000000000000000e+00,-1.689507555071816450e-02
3.228061867747033631e+01,0.000000000000000000e+00,5.505239157431364383e+00
5.021187603314310621e+01,0.000000000000000000e+00,3.990505339502139037e+00
4.417447249461726244e+01,0.000000000000000000e+00,2.240523552022469556e+00
2.947351390429864182e+01,0.000000000000000000e+00,-3.345732564933224032e-03
5.466551978807165568e+01,0.000000000000000000e+00,-1.988975031735645826e-01
5.183485867735296182e+01,0.000000000000000000e+00,-5.480163124854063206e+00
3.464138418299999955e+01,0.000000000000000000e+00,-2.011278766380000121e-04
3.488813857464100465e+01,0.000000000000000000e+00,-2.102815277055896104e-01
4.204345857450000068e+01,0.000000000000000000e+00,8.013365937319999466e-01
2.558833018431938910e+01,0.000000000000000000e+00,-4.464487113684453834e-04
3.012303757988330588e+01,0.000000000000000000e+00,-2.221622714725158543e-01
4.015059511438170148e+01,0.000000000000000000e+00,1.268633701385242851e+01
2.495631562691339411e+01,0.000000000000000000e+00,-1.357506343091476747e-03
4.381245018020710802e+01,0.000000000000000000e+00,1.305301548514132470e+01
3.526561342812880184e+01,0.000000000000000000e+00,-9.295087241349775375e-02
4.483322693931246050e+01,0.000000000000000000e+00,1.284764780531927109e+01
5.051959107369565771e+01,0.000000000000000000e+00,1.054944022963133676e+01
2.456636027485420470e+01,0.000000000000000000e+00,-2.052487093420278866e-03
2.378459435321526527e+01,0.000000000000000000e+00,-1.059659085265161373e-03
3.544261460931561203e+01,0.000000000000000000e+00,9.251220207399875328e-02
3.467824604071249439e+01,0.000000000000000000e+00,-8.932275565914573820e-03
1.465345583235188620e+01,0.000000000000000000e+00,-2.155075191122943104e-04
3.226323939934378870e+01,0.000000000000000000e+00,6.942133750769357015e+00
3.035200016564978753e+01,0.000000000000000000e+00,-3.601492461967829017e-01
2.104492053847474153e+01,0.000000000000000000e+00,3.735404161163732861e-03
3.186072477675842762e+01,0.000000000000000000e+00,-1.332573883883633389e-02
3.457264331939807533e+01,0.000000000000000000e+00,-2.361750019847475013e-01
2.843304365858329685e+00,0.000000000000000000e+00,-3.531704286500006451e-01
3.556695754970125023e+01,0.000000000000000000e+00,1.646883924908005004e-01
3.531596013531651579e+01,0.000000000000000000e+00,-3.031850526229003528e-01
3.515491607933653739e+01,0.000000000000000000e+00,6.089910187942237929e-01
2.806650501657936303e+01,0.000000000000000000e+00,-3.472539164958465471e-03
2.649437368821646288e+01,0.000000000000000000e+00,-1.916650726310731388e-03
1.998011597535852957e+01,0.000000000000000000e+00,-8.287204318474804309e-04
2.338222800404230028e+01,0.000000000000000000e+00,4.034916247190997209e-03
3.422063754074605413e+01,0.000000000000000000e+00,-4.403723035040862377e-01
3.566439935843561670e+01,0.000000000000000000e+00,1.556083109901689188e-01
3.460422771572139311e+01,0.000000000000000000e+00,-3.505663024933172722e-02
4.490471606157622375e+01,0.000000000000000000e+00,1.133958817431641286e+01
1.376850624015099456e+01,0.000000000000000000e+00,3.003857009636944964e-04
1.217636513437239110e+01,0.000000000000000000e+00,-3.460181288307120795e+00
2.066130437327889879e+01,0.000000000000000000e+00,-6.010181080524129756e-04
2.634894045560541187e+01,0.000000000000000000e+00,2.135109034744281375e-01
4.392177348098494605e+01,0.000000000000000000e+00,7.948314133048585362e+00
3.334080763398157643e+01,0.000000000000000000e+00,-6.589815718682956631e-03
3.049115511027943626e+01,0.000000000000000000e+00,-4.024280115007353338e-03
3.465612619622928037e+01,0.000000000000000000e+00,-6.040844791849179218e-01
2.938970075451483766e+01,0.000000000000000000e+00,-1.705168862718507983e-01
3.331166675348666928e+01,0.000000000000000000e+00,-1.881999416881141585e-02
2.444766350328438875e+01,0.000000000000000000e+00,3.031825255941481695e-02
5.103426037537085591e+01,0.000000000000000000e+00,-1.675450092709752425e+00
2.257434960220014020e+01,0.000000000000000000e+00,-1.750522092739540958e-01
2.929005101762028218e+01,0.000000000000000000e+00,3.575617192173809189e-02
5.311199624970345212e+01,0.000000000000000000e+00,-2.392781864188155527e+00
3.479284151985801543e+01,0.000000000000000000e+00,-2.571239506823776860e-03
3.477451080767007596e+01,0.000000000000000000e+00,-5.098025672289866091e-03
5.875710703622172293e-02,0.000000000000000000e+00,1.772022733174170861e-01
3.591925886846536287e+01,0.000000000000000000e+00,1.389457190217528448e-01
3.509121968886694987e+01,0.000000000000000000e+00,-3.645361390375560784e-02
3.212441076901796322e+01,0.000000000000000000e+00,-1.427566765001519675e-02
3.965913452930145411e+01,0.000000000000000000e+00,1.117651939873149480e+01
3.615872951641229793e+00,0.000000000000000000e+00,-3.607119431161915357e-01
3.505618235852347908e+01,0.000000000000000000e+00,-4.172993686551605685e-02
3.121895817935912376e+01,0.000000000000000000e+00,-9.750853675224090480e-03
2.563060116384835396e+01,0.000000000000000000e+00,-8.347818132868116692e+00
2.234518299500813399e+01,0.000000000000000000e+00,8.134947385924254371e-02
3.019016818787486756e+01,0.000000000000000000e+00,1.939882724621605145e-02
2.552630711769168315e+01,0.000000000000000000e+00,2.286223952421733221e-02
3.177618669393960715e+01,0.000000000000000000e+00,-8.367596164682084003e-01
3.480225602220088632e+01,0.000000000000000000e+00,7.157370010584396128e-04
3.527900105925494501e+01,0.000000000000000000e+00,1.887202861736634318e-01
3.511506918224321794e+01,0.000000000000000000e+00,-3.267388212631400918e-02
1.293561171780000052e+01,0.000000000000000000e+00,-1.021816772710000006e-04
3.488134799220664917e+01,0.000000000000000000e+00,-3.703371388081023053e-03
3.453533761571002003e+01,0.000000000000000000e+00,-1.276357915258845115e-02
3.600991597592759774e+01,0.000000000000000000e+00,1.357178210636371396e-01
2.966417533326233169e+01,0.000000000000000000e+00,-1.745882410937492413e+00
2.798415860892394491e+01,0.000000000000000000e+00,3.229044191685615517e-01
1.365909898061052097e+01,0.000000000000000000e+00,-2.408007299844141960e-04
3.527794536020225991e+01,0.000000000000000000e+00,-7.832154952863887853e-01
1.669738984081729427e+01,0.000000000000000000e+00,-1.017834280721845695e-02
2.905271302966316327e+01,0.000000000000000000e+00,-3.774570603780680496e-03
1.101835979957373191e+01,0.000000000000000000e+00,-3.574311556187677930e+00
3.455517194066430164e+01,0.000000000000000000e+00,6.824675091714049735e+00
3.297253479598268910e+01,0.000000000000000000e+00,-6.726840571337536767e-01
4.204622150694708438e+01,0.000000000000000000e+00,-1.568323713880231729e+00
3.529215346453426605e+01,0.000000000000000000e+00,-5.873126244591971024e-02
2.732097668240952615e+01,0.000000000000000000e+00,-5.174856917728557458e-03
3.550784929824880720e+01,0.000000000000000000e+00,4.371876033580405219e-01
3.731200658151626470e+01,0.000000000000000000e+00,1.475221562426122013e+00
4.069030064563668248e+01,0.000000000000000000e+00,7.127116859013447048e+00
3.241037243091237485e+01,0.000000000000000000e+00,7.183905601708591604e+00
3.468611293812089258e+01,0.000000000000000000e+00,1.121073700827801112e+00
