x_m,x_over_c,Cp,Cf,tau_w_m2s2,p_wall_m2s2
-1.3464749902829865,-3.205892834007111,0.0,-0.005159340718203148,-3.7831407547,32.74357899950909
-1.3438080531889596,-3.199542983783237,-0.011030516927489058,-0.005637056155895483,-4.1334306154,24.655336641999998
-1.3411411160949327,-3.1931931335593635,-0.011030516927489058,-0.005679932058129409,-4.16486982091,24.655336641999998
-1.338474179000906,-3.1868432833354907,-0.01479037977773123,-0.005408297050979835,-3.96569059975,21.898377728499998
-1.3358072419068792,-3.180493433111617,-0.01479037977773123,-0.005042493943421198,-3.6974616302,21.898377728499998
-1.3331403048128523,-3.174143582887744,-0.015532965102331545,-0.004684322582670142,-3.43482871913,21.35386924209091
-1.3304733677188256,-3.1677937326638705,-0.015532965102331545,-0.0043675980528611585,-3.20258713204,21.35386924209091
-1.3278064306247988,-3.1614438824399973,-0.016718005491214796,-0.00410623863269602,-3.01094259293,20.484925934018182
-1.3251394935307719,-3.1550940322161236,-0.016718005491214796,-0.00390033618651216,-2.85996246229,20.484925934018182
-1.322472556436745,-3.14874418199225,-0.017874129208477373,-0.00374294729987501,-2.74455540858,19.637186079036365
-1.3198056193427181,-3.1423943317683767,-0.018736257793190325,-0.0036247831813250534,-2.65791032793,19.005021241945453
-1.3171386822486912,-3.136044481544503,-0.018736257793190325,-0.0035360959788506264,-2.5928795055,19.005021241945453
-1.3144717451546646,-3.12969463132063,-0.019377421590429447,-0.003468149218020062,-2.54305682968,18.534881155399997
-1.3118048080606377,-3.1233447810967565,-0.019377421590429447,-0.0034144324358532873,-2.50366843513,18.534881155399997
-1.3091378709666108,-3.116994930872883,-0.019893141188840797,-0.0033701848982728507,-2.4712234636,18.156724344809092
-1.3064709338725842,-3.11064508064901,-0.019893141188840797,-0.003332128014859657,-2.44331785424,18.156724344809092
-1.3038039967785573,-3.1042952304251363,-0.020274738673586857,-0.003298207459831806,-2.4184452511,17.876913982345453
-1.3011370596845304,-3.097945380201263,-0.020274738673586857,-0.0032670259354895016,-2.39558107097,17.876913982345453
-1.2984701225905035,-3.0915955299773894,-0.020558953124398115,-0.0032376754313371576,-2.37405950562,17.668510752036365
-1.2958031854964767,-3.085245679753516,-0.020797898429176627,-0.003209676030483027,-2.35352865095,17.49330159838182
-1.2931362484024498,-3.0788958295296425,-0.020797898429176627,-0.003182759804776065,-2.33379204583,17.49330159838182
-1.2904693113084231,-3.0725459793057697,-0.02098840127216354,-0.003156758584650339,-2.31472637816,17.353613388481815
-1.2878023742143963,-3.066196129081896,-0.02098840127216354,-0.0031316048560232,-2.29628214253,17.353613388481815
-1.2851354371203694,-3.0598462788580223,-0.0211566168644394,-0.00310727098534559,-2.27843907635,17.23026753918182
-1.2824685000263427,-3.0534964286341495,-0.0211566168644394,-0.0030836983018858915,-2.26115415869,17.23026753918182
-1.2798015629323158,-3.047146578410276,-0.021322058231060256,-0.0030608159736137423,-2.24437545122,17.10895591997273
-1.277134625838289,-3.0407967281864026,-0.021322058231060256,-0.003047118737747362,-2.2343318092,17.10895591997273
-1.274467688744262,-3.034446877962529,-0.021470091024404014,-0.0030342753904240034,-2.22491428992,17.00040931990909
-1.2718007516502352,-3.028097027738655,-0.021470091024404014,-0.0030212519339034355,-2.21536470368,17.00040931990909
-1.2691338145562083,-3.021747177514782,-0.021609938026315962,-0.0030082186277318903,-2.20580789508,16.897865037363633
-1.2664668774621817,-3.0153973272909087,-0.02175298616360513,-0.002995316577819206,-2.19634733151,16.792973488690908
-1.2637999403681548,-3.0090474770670355,-0.02175298616360513,-0.002982631526722085,-2.1870458846,16.792973488690908
-1.261133003274128,-3.0026976268431618,-0.02188607261662124,-0.0029702243265797078,-2.17794817482,16.69538644960909
-1.258466066180101,-2.996347776619288,-0.02188607261662124,-0.002958139097142148,-2.16908655344,16.69538644960909
-1.2557991290860744,-2.9899979263954153,-0.02201130080717314,-0.0029463855771039073,-2.16046816146,16.603561563990908
-1.2531321919920475,-2.9836480761715416,-0.02201130080717314,-0.0029349513701065304,-2.15208390912,16.603561563990908
-1.2504652548980206,-2.9772982259476684,-0.02213647747607494,-0.0029238283484382425,-2.14392783669,16.51177445716364
-1.2477983178039938,-2.9709483757237947,-0.02213647747607494,-0.0029130127696228004,-2.13599719996,16.51177445716364
-1.2451313807099669,-2.9645985254999214,-0.022255163488791124,-0.0029024968134789744,-2.1282862647,16.424746692136363
-1.24246444361594,-2.9582486752760477,-0.022364653919904807,-0.002892275267261771,-2.12079120861,16.34446168387273
-1.2397975065219133,-2.951898825052175,-0.022364653919904807,-0.002882346088300133,-2.11351053388,16.34446168387273
-1.2371305694278865,-2.9455489748283012,-0.022469602918880806,-0.002872702375335914,-2.10643918009,16.26750672840909
-1.2344636323338596,-2.9391991246044276,-0.022469602918880806,-0.002863329976386291,-2.09956677015,16.26750672840909
-1.231796695239833,-2.9328492743805548,-0.022569351785446952,-0.0028542166504536923,-2.09288432822,16.194364824636363
-1.229129758145806,-2.926499424156681,-0.022569351785446952,-0.0028453563515831,-2.08638742104,16.194364824636363
-1.2264628210517792,-2.920149573932808,-0.022657233406284782,-0.0028367414584994006,-2.08007046023,16.129924703400004
-1.2237958839577523,-2.913799723708934,-0.022657233406284782,-0.002828359386493613,-2.07392421792,16.129924703400004
-1.2211289468637254,-2.9074498734850605,-0.02274436554492509,-0.0028201947869140637,-2.06793743955,16.066034147854545
-1.2184620097696985,-2.901100023261187,-0.02284141963629321,-0.0028122313979820263,-2.062098201,15.994868216290909
-1.2157950726756719,-2.894750173037314,-0.02284141963629321,-0.002804454748019292,-2.05639589076,15.994868216290909
-1.213128135581645,-2.8884003228134407,-0.022939228826515886,-0.0027968540994912443,-2.05082263542,15.923148600563637
-1.2104611984876181,-2.882050472589567,-0.022939228826515886,-0.002789421053650101,-2.04537227651,15.923148600563637
-1.2077942613935915,-2.8757006223656942,-0.023033305077465024,-0.0027821493821090864,-2.040040247,15.854166201754543
-1.2051273242995646,-2.8693507721418205,-0.023033305077465024,-0.0027750332368782983,-2.03482225879,15.854166201754543
-1.2024603872055377,-2.863000921917947,-0.02312694869959088,-0.002768067712061402,-2.02971471458,15.785501032572729
-1.1997934501115108,-2.8566510716940736,-0.02312694869959088,-0.002761251123986632,-2.0247163798,15.785501032572729
-1.197126513017484,-2.8503012214702,-0.023219652126668856,-0.0027545815991179123,-2.01982588066,15.717525271281819
-1.194459575923457,-2.8439513712463267,-0.02330813740654366,-0.0027480546661384324,-2.01503993852,15.65264251071818
-1.1917926388294304,-2.8376015210224534,-0.02330813740654366,-0.0027416652775241537,-2.01035485223,15.65264251071818
-1.1891257017354036,-2.83125167079858,-0.023393742059522316,-0.0027354090042215552,-2.00576737414,15.589872000072724
-1.1864587646413767,-2.8249018205747065,-0.023393742059522316,-0.002729282099894921,-2.00127475721,15.589872000072724
-1.18379182754735,-2.8185519703508333,-0.023478715397485857,-0.0027232802110300496,-1.99687380918,15.527564407790909
-1.1811248904533231,-2.81220212012696,-0.023478715397485857,-0.002717396544229506,-1.99255954872,15.527564407790909
-1.1784579533592963,-2.8058522699030863,-0.02356196569931646,-0.002711623515230944,-1.98832641459,15.466520249845452
-1.1757910162652694,-2.799502419679213,-0.02356196569931646,-0.0027059547015146727,-1.98416969741,15.466520249845452
-1.1731240791712425,-2.7931525694553394,-0.023642495553948917,-0.002700384867356144,-1.98008555803,15.407470888372726
-1.1704571420772156,-2.7868027192314657,-0.023721551815784676,-0.0026949115292723386,-1.97607217541,15.349502054290907
-1.167790204983189,-2.780452869007593,-0.023721551815784676,-0.002689534016942137,-1.97212905803,15.349502054290907
-1.165123267889162,-2.7741030187837192,-0.023799165689472504,-0.0026842503158836456,-1.96825472875,15.292590866463634
-1.1624563307951352,-2.767753168559846,-0.023799165689472504,-0.002679057940172694,-1.96444736474,15.292590866463634
-1.1597893937011086,-2.7614033183359727,-0.023874402251178123,-0.0026739550265560464,-1.96070559975,15.237422867609093
-1.1571224566070817,-2.7550534681120995,-0.023874402251178123,-0.00266893919466547,-1.95702768835,15.237422867609093
-1.1544555195130548,-2.748703617888226,-0.023947895613483757,-0.0026640086648878534,-1.95341232562,15.183533088018182
-1.151788582419028,-2.742353767664352,-0.023947895613483757,-0.0026591630987077577,-1.94985926334,15.183533088018182
-1.149121645325001,-2.736003917440479,-0.024020517421806747,-0.002654400817090242,-1.94636727034,15.130282384536361
-1.1464547082309742,-2.729654067216605,-0.024020517421806747,-0.002649718178982776,-1.94293367678,15.130282384536361
-1.1437877711369475,-2.7233042169927324,-0.024091953565776664,-0.002645110856782821,-1.9395553094,15.077901081890907
-1.1411208340429206,-2.7169543667688587,-0.024161177343993645,-0.0026405742012422595,-1.93622875909,15.027142019663636
-1.1384538969488938,-2.7106045165449855,-0.024161177343993645,-0.0026361051951386987,-1.93295181344,15.027142019663636
-1.135786959854867,-2.704254666321112,-0.024228631307241608,-0.002631703086338347,-1.92972392094,14.977680692845455
-1.1331200227608402,-2.6979048160972385,-0.024228631307241608,-0.0026273664998182774,-1.92654407334,14.977680692845455
-1.1304530856668134,-2.6915549658733653,-0.024295461004649778,-0.002623093025848249,-1.92341050368,14.92867711550909
-1.1277861485727865,-2.6852051156494916,-0.024295461004649778,-0.0026188809737467105,-1.92032197225,14.92867711550909
-1.1251192114787596,-2.6788552654256184,-0.024361401052484695,-0.0026147291917401794,-1.9172776345,14.880325883063636
-1.1224522743847327,-2.6725054152017447,-0.024361401052484695,-0.0026106369355092763,-1.91427694465,14.880325883063636
-1.119785337290706,-2.666155564977872,-0.024426142313791366,-0.0026066039381911336,-1.91131970702,14.832853673427273
-1.1171184001966792,-2.659805714753998,-0.024489902817533955,-0.0026026295271053056,-1.90840542836,14.78610061457273
-1.1144514631026523,-2.6534558645301245,-0.024489902817533955,-0.0025987127285187184,-1.90553339467,14.78610061457273
-1.1117845260086257,-2.6471060143062517,-0.024552740794239622,-0.002594852212467465,-1.90270263074,14.740024008354546
-1.1091175889145988,-2.640756164082378,-0.024552740794239622,-0.002591046070993869,-1.89991173754,14.740024008354546
-1.106450651820572,-2.6344063138585048,-0.024614822231513782,-0.002587291716013613,-1.89715881733,14.694502142618179
-1.103783714726545,-2.628056463634631,-0.024614822231513782,-0.0025835871168295573,-1.89444238108,14.694502142618179
-1.1011167776325181,-2.6217066134107574,-0.0246763605174175,-0.002579931145329661,-1.89176160159,14.649378548327274
-1.0984498405384913,-2.615356763186884,-0.0246763605174175,-0.0025763224161672415,-1.88911546304,14.649378548327274
-1.0957829034444644,-2.6090069129630105,-0.024737247465098436,-0.0025727595393860705,-1.88650294623,14.604732554627274
-1.0931159663504377,-2.6026570627391377,-0.024797520482668593,-0.002569241270230702,-1.88392313843,14.560536731627273
-1.0904490292564109,-2.596307212515264,-0.024797520482668593,-0.0025657662340600644,-1.88137503167,14.560536731627273
-1.0877820921623842,-2.589957362291391,-0.02485680080972091,-0.002562333651478567,-1.87885805445,14.517068809372727
-1.0851151550683573,-2.5836075120675175,-0.02485680080972091,-0.002558943851237043,-1.87637244783,14.517068809372727
-1.0824482179743304,-2.577257661843644,-0.02491511407017635,-0.0025555968669388296,-1.87391823645,14.474309998854546
-1.0797812808803036,-2.5709078116197706,-0.02491511407017635,-0.0025522919057824603,-1.87149483898,14.474309998854546
-1.0771143437862767,-2.564557961395897,-0.024973021233195614,-0.002549028175989297,-1.86910167484,14.431848963545455
-1.0744474066922498,-2.5582081111720236,-0.024973021233195614,-0.0025458048298387815,-1.86673812243,14.431848963545455
-1.071780469598223,-2.55185826094815,-0.0250305178278636,-0.0025426205392762866,-1.86440320794,14.38968898179091
-1.0691135325041963,-2.545508410724277,-0.02508735409759808,-0.0025394743848195828,-1.86209625715,14.348013190227272
-1.0664465954101694,-2.5391585605004034,-0.02508735409759808,-0.002536365936839636,-1.85981695503,14.348013190227272
-1.0637796583161427,-2.53280871027653,-0.025143471427027886,-0.0025332939477307175,-1.85756438676,14.306864569190909
-1.0611127212221159,-2.526458860052657,-0.025143471427027886,-0.0025302568883909604,-1.85533743111,14.306864569190909
-1.058445784128089,-2.5201090098287833,-0.025198783909563077,-0.002527253662361466,-1.85313528409,14.266306110590909
-1.055778847034062,-2.51375915960491,-0.025198783909563077,-0.002524283486346257,-1.85095737134,14.266306110590909
-1.0531119099400352,-2.5074093093810363,-0.025253607818602967,-0.0025213457594811116,-1.84880325227,14.226105903636364
-1.0504449728460084,-2.5010594591571627,-0.025253607818602967,-0.002518440231636642,-1.84667274347,14.226105903636364
-1.0477780357519815,-2.4947096089332894,-0.02530829040853706,-0.0025155669865757116,-1.84456590636,14.1860093204
-1.0451110986579548,-2.488359758709416,-0.02536269546749818,-0.00251272561820799,-1.84248244317,14.146116239663638
-1.042444161563928,-2.482009908485543,-0.025303314373689958,-0.002509915531997155,-1.84042191795,14.1896580502
-1.0397772244699013,-2.4756600582616697,-0.025416740692167497,-0.0025071366015215596,-1.838384238,14.1064870112
-1.0371102873758744,-2.4693102080377964,-0.025416740692167497,-0.002504388543034842,-1.83636919526,14.1064870112
-1.0344433502818475,-2.4629603578139228,-0.02547032087398432,-0.002501670486859717,-1.83437615203,14.067198780290909
-1.0317764131878207,-2.456610507590049,-0.02547032087398432,-0.0024989818186033474,-1.8324046578,14.067198780290909
-1.0291094760937938,-2.450260657366176,-0.02552327906169523,-0.002496322278617217,-1.83045452218,14.028366633090911
-1.026442538999767,-2.443910807142302,-0.02552327906169523,-0.002493691167531866,-1.82852523235,14.028366633090911
-1.02377560190574,-2.437560956918429,-0.02557593268765763,-0.002491087646027571,-1.82661617287,13.989757808990909
-1.0211086648117134,-2.4312111066945556,-0.02557593268765763,-0.0024885109868184635,-1.82472681045,13.989757808990909
-1.0184417277176865,-2.4248612564706824,-0.025628475096367523,-0.0024859604045083567,-1.82285656919,13.95123053610909
-1.0157747906236596,-2.4185114062468087,-0.025680678479414264,-0.0024834351729023994,-1.8210049166,13.912951857354546
-1.013107853529633,-2.4121615560229355,-0.025680678479414264,-0.0024809350873666314,-1.81917170263,13.912951857354546
-1.010440916435606,-2.4058117057990622,-0.025732522856896138,-0.002478460420355385,-1.81735712706,13.8749364232
-1.0077739793415792,-2.3994618555751885,-0.025732522856896138,-0.002476011190702349,-1.8155612037,13.8749364232
-1.0051070422475523,-2.3931120053513153,-0.02578400433624885,-0.0024735870055594155,-1.81378364449,13.837187087909088
-1.0024401051535254,-2.3867621551274416,-0.02578400433624885,-0.0024711874433301665,-1.81202414029,13.837187087909088
-0.9997731680594987,-2.3804123049035684,-0.02583497581633366,-0.0024688123424621944,-1.81028257264,13.799811714936363
-0.9971062309654719,-2.374062454679695,-0.02583497581633366,-0.002466461296374208,-1.80855864341,13.799811714936363
-0.994439293871445,-2.3677126044558214,-0.025885569958301435,-0.002464133942807501,-1.80685208697,13.7627130291
-0.9917723567774182,-2.361362754231948,-0.025936071705869625,-0.0024618305164126526,-1.80516307538,13.725682092427274
-0.9891054196833913,-2.3550129040080745,-0.025936071705869625,-0.002459550843145103,-1.80349148102,13.725682092427274
-0.9864384825893646,-2.3486630537842017,-0.02598645040702699,-0.0024572941009504807,-1.80183670111,13.688741380827274
-0.9837715454953377,-2.342313203560328,-0.02598645040702699,-0.0024550595602381414,-1.80019820067,13.688741380827274
-0.9811046084013109,-2.3359633533364543,-0.026036666323682185,-0.0024528467687404405,-1.79857564807,13.651920032672729
-0.978437671307284,-2.329613503112581,-0.026036666323682185,-0.0024506553011651383,-1.79696873146,13.651920032672729
-0.9757707342132572,-2.323263652888708,-0.026086635446289055,-0.0024484849526191575,-1.7953773006,13.615279648845451
-0.9731037971192305,-2.3169138026648346,-0.026086635446289055,-0.002446335917276329,-1.79380149787,13.615279648845451
-0.9704368600252036,-2.310563952440961,-0.026136169508529487,-0.0024442082480919123,-1.7922413621,13.578958277600002
-0.9677699229311767,-2.3042141022170877,-0.026185467173411203,-0.002442101623979472,-1.79069665785,13.542810247200002
-0.9651029858371498,-2.297864251993214,-0.026185467173411203,-0.0024400157928048762,-1.78916720024,13.542810247200002
-0.9624360487431232,-2.2915144017693407,-0.026234831816523592,-0.002437950725342494,-1.78765296784,13.50661310430909
-0.9597691116490963,-2.2851645515454675,-0.026234831816523592,-0.0024359064907491946,-1.78615401136,13.50661310430909
-0.9571021745550694,-2.278814701321594,-0.026284114531131216,-0.0024338829603121944,-1.78467023642,13.470476036354546
-0.9544352374610425,-2.2724648510977206,-0.026284114531131216,-0.00243187995672752,-1.78320151301,13.470476036354546
-0.9517683003670158,-2.2661150008738473,-0.026333156989773752,-0.002429897535405221,-1.78174788176,13.43451513860909
-0.949101363272989,-2.259765150649974,-0.026333156989773752,-0.0024279355693099516,-1.78030924952,13.43451513860909
-0.9464344261789621,-2.2534153004261004,-0.02638196851363316,-0.0024259936949828876,-1.77888534978,13.398723576218181
-0.9437674890849352,-2.2470654502022267,-0.026430504928838694,-0.00242407158281402,-1.77747594085,13.363133740136364
-0.9411005519909084,-2.2407155999783535,-0.026430504928838694,-0.0024221690692189197,-1.77608090278,13.363133740136364
-0.9384336148968817,-2.23436574975448,-0.026478834104684736,-0.0024202860180386095,-1.77470013573,13.327695864490908
-0.9357666778028548,-2.228015899530607,-0.026478834104684736,-0.002418422173102192,-1.77333345186,13.327695864490908
-0.933099740708828,-2.2216660493067333,-0.026527091759439823,-0.0024165775108573283,-1.7719808339,13.292310432436363
-0.9304328036148011,-2.2153161990828596,-0.026527091759439823,-0.00241475233328401,-1.77064250328,13.292310432436363
-0.9277658665207742,-2.2089663488589864,-0.02657522352513812,-0.002412946742310543,-1.76931853474,13.257017309854547
-0.9250989294267475,-2.202616498635113,-0.02657522352513812,-0.0024111606717939936,-1.76800887978,13.257017309854547
-0.9224319923327207,-2.19626664841124,-0.026623239127667078,-0.0024093943190312307,-1.76671368307,13.221809365136362
-0.9197650552386938,-2.189916798187366,-0.02667116171761108,-0.00240764793248784,-1.7654331268,13.186669622872726
-0.9170981181446669,-2.183566947963493,-0.026500156283352352,-0.0024059214670638877,-1.7641671779,13.3120611531
-0.9144311810506403,-2.1772170977396197,-0.026718973255777694,-0.00240421486875401,-1.76291579677,13.151611310490908
-0.9117642439566134,-2.170867247515746,-0.026718973255777694,-0.002402528472691492,-1.76167922915,13.151611310490908
-0.9090973068625865,-2.1645173972918728,-0.026766571930253488,-0.002400862682375499,-1.76045777091,13.116709082645452
-0.9064303697685596,-2.158167547067999,-0.026766571930253488,-0.0023992176372926127,-1.75925152433,13.116709082645452
-0.9037634326745327,-2.151817696844126,-0.026814074216313172,-0.002397593497590556,-1.75806060684,13.081877532618183
-0.9010964955805061,-2.1454678466202526,-0.026814074216313172,-0.002395990476181384,-1.75688517456,13.081877532618183
-0.8984295584864792,-2.1391179963963793,-0.026861597557050754,-0.002394408718129505,-1.75572533386,13.047030544027274
-0.8957626213924523,-2.1327681461725057,-0.026861597557050754,-0.0023928484317647,-1.7545812375,13.047030544027274
-0.8930956842984255,-2.126418295948632,-0.026909086666545578,-0.0023913100668179997,-1.75345321525,13.012208655854545
-0.8904287472043987,-2.1200684457247587,-0.02695654662187213,-0.00238979437479586,-1.75234181816,12.977408145281817
-0.8877618101103719,-2.1137185955008855,-0.02695654662187213,-0.0023883022186521703,-1.751247679,12.977408145281817
-0.885094873016345,-2.1073687452770122,-0.02700390994113402,-0.002386834337210309,-1.75017133952,12.942678494118182
-0.8824279359223182,-2.1010188950531385,-0.02700390994113402,-0.0023853914849770305,-1.74911335297,12.942678494118182
-0.8797609988282913,-2.094669044829265,-0.02705106664682171,-0.002383974516791781,-1.74807434617,12.908100344527275
-0.8770940617342646,-2.088319194605392,-0.02705106664682171,-0.0023825842312384204,-1.74705490469,12.908100344527275
-0.8744271246402378,-2.0819693443815184,-0.02709806963282489,-0.002381221478696861,-1.74605565208,12.873634911509093
-0.8717601875462109,-2.075619494157645,-0.02709806963282489,-0.0023798872025017027,-1.74507728005,12.873634911509093
-0.869093250452184,-2.0692696439337714,-0.027145102422821206,-0.0023785824906973714,-1.74412058642,12.8391476244
-0.8664263133581572,-2.062919793709898,-0.02719216348312527,-0.0023773086082367724,-1.74318649873,12.80463960779091
-0.8637593762641305,-2.056569943486025,-0.02719216348312527,-0.00237606668943711,-1.74227584873,12.80463960779091
-0.8610924391701036,-2.0502200932621513,-0.02723917369449069,-0.002374857652853249,-1.74138930996,12.7701688767
-0.8584255020760767,-2.043870243038278,-0.02723917369449069,-0.0023736824060480548,-1.7405275479,12.7701688767
-0.8557585649820498,-2.0375203928144043,-0.027286127827187295,-0.002372541924718432,-1.73969127799,12.735739265881818
-0.8530916278880232,-2.0311705425905315,-0.027286127827187295,-0.0023714372411441772,-1.73888125716,12.735739265881818
-0.8504246907939963,-2.024820692366658,-0.027333013966077162,-0.0023703693194574095,-1.73809819237,12.701359512236364
-0.8477577536999694,-2.0184708421427846,-0.027333013966077162,-0.002369339125017643,-1.73734279148,12.701359512236364
-0.8450908166059425,-2.012120991918911,-0.027379770756380695,-0.002368347760884433,-1.73661586332,12.6670746048
-0.8424238795119158,-2.0057711416950377,-0.0274265314393353,-0.0023673961364617346,-1.73591807472,12.632786843036364
-0.839756942417889,-1.9994212914711644,-0.0274265314393353,-0.002366484775915244,-1.73524981003,12.632786843036364
-0.8370900053238621,-1.993071441247291,-0.02747341425998239,-0.0023656140345893442,-1.73461132981,12.598409522527271
-0.8344230682298353,-1.9867215910234173,-0.02747341425998239,-0.0023647841657773736,-1.73400281979,12.598409522527271
-0.8317561311358084,-1.9803717407995438,-0.027520313339789756,-0.00236399518359437,-1.73342429032,12.56402027981818
-0.8290891940417816,-1.9740218905756706,-0.027520313339789756,-0.0023632469129047586,-1.73287561298,12.56402027981818
-0.8264222569477548,-1.9676720403517973,-0.027567205427291096,-0.002362538894131076,-1.73235645078,12.529636164290908
-0.823755319853728,-1.9613221901279239,-0.027567205427291096,-0.0023618703674478576,-1.73186624657,12.529636164290908
-0.8210883827597011,-1.9549723399040502,-0.02761408066692904,-0.0023612404368433862,-1.73140434334,12.495264402636364
-0.8184214456656743,-1.948622489680177,-0.027660929376940386,-0.002360647898093515,-1.73096985808,12.46091209410909
-0.8157545085716476,-1.9422726394563037,-0.027660929376940386,-0.0023600911166495398,-1.73056159224,12.46091209410909
-0.8130875714776207,-1.9359227892324302,-0.02770774414552288,-0.0023595681253660876,-1.73017810339,12.42658467349091
-0.8104206343835938,-1.9295729390085568,-0.02770774414552288,-0.0023590766645823686,-1.72981773461,12.42658467349091
-0.8077536972895669,-1.9232230887846833,-0.027754579087340348,-0.0023586140550322836,-1.7294785213,12.392242460636362
-0.8050867601955402,-1.91687323856081,-0.027754579087340348,-0.002358177278102393,-1.72915825003,12.392242460636362
-0.8024198231015134,-1.9105233883369368,-0.027801501351888396,-0.002357763121810052,-1.72885456558,12.357836217472727
-0.7997528860074865,-1.9041735381130631,-0.027801501351888396,-0.0023573682872458012,-1.72856504899,12.357836217472727
-0.7970859489134596,-1.8978236878891896,-0.027848440449310733,-0.002356989437628237,-1.72828725353,12.323417631427274
-0.7944190118194329,-1.8914738376653164,-0.027895390106604176,-0.0023566230284325965,-1.72801858014,12.288991302245455
-0.791752074725406,-1.885123987441443,-0.027761746679398507,-0.0023562652546400627,-1.72775623875,12.3869867485
-0.7890851376313792,-1.8787741372175697,-0.02794241155398636,-0.002355912145574458,-1.72749731782,12.254512332227273
-0.7864182005373523,-1.8724242869936962,-0.02794241155398636,-0.0023555597013612483,-1.7272388844,12.254512332227273
-0.7837512634433255,-1.8660744367698225,-0.027989481446795757,-0.0023552038673295504,-1.72697796536,12.21999783909091
-0.7810843263492987,-1.8597245865459493,-0.027989481446795757,-0.00235484061653396,-1.7267116079,12.21999783909091
-0.7784173892552719,-1.853374736322076,-0.02803653510050471,-0.0023544657993168866,-1.72643676924,12.185495253445453
-0.775750452161245,-1.8470248860982026,-0.02803653510050471,-0.0023540755122361014,-1.72615058714,12.185495253445453
-0.7730835150672182,-1.8406750358743291,-0.028083652558525792,-0.002353665440863104,-1.725849898,12.150945882618185
-0.7704165779731913,-1.8343251856504554,-0.028083652558525792,-0.002353231784270392,-1.72553191475,12.150945882618185
-0.7677496408791645,-1.8279753354265822,-0.028130908690121345,-0.002352771343908474,-1.72519429202,12.116294827936365
-0.7650827037851378,-1.821625485202709,-0.0281782678422049,-0.002352279618075704,-1.72483372889,12.0815682324
-0.7624157666911109,-1.8152756349788355,-0.0281782678422049,-0.002351749442196872,-1.72444497186,12.0815682324
-0.759748829597084,-1.808925784754962,-0.028225745896370325,-0.0023511793432620465,-1.72402694083,12.046754450663634
-0.7570818925030572,-1.8025759345310888,-0.028225745896370325,-0.0023505632818759496,-1.72357520735,12.046754450663634
-0.7544149554090305,-1.7962260843072155,-0.02827333195725864,-0.0023498959456973337,-1.72308587609,12.011861471863638
-0.7517480183150036,-1.789876234083342,-0.02827333195725864,-0.002349172474707147,-1.72255538339,12.011861471863638
-0.7490810812209767,-1.7835263838594684,-0.028320980794770252,-0.0023483880691923266,-1.72198020981,11.976922461445453
-0.7464141441269498,-1.777176533635595,-0.028320980794770252,-0.0023475349024528113,-1.72135461634,11.976922461445453
-0.7437472070329231,-1.7708266834117217,-0.028368661675042803,-0.002346610108699432,-1.72067650161,11.941959955336364
-0.7410802699388963,-1.7644768331878484,-0.02841644117012613,-0.0023456050856414602,-1.7199395579,11.90692513888182
-0.7384133328448694,-1.758126982963975,-0.02841644117012613,-0.002344526891029859,-1.71914896038,11.90692513888182
-0.7357463957508426,-1.7517771327401013,-0.02846440387941009,-0.0023433767457131534,-1.71830560425,11.871755978690908
-0.7330794586568158,-1.745427282516228,-0.02846440387941009,-0.0023421576831017077,-1.71741171379,11.871755978690908
-0.730412521562789,-1.7390774322923548,-0.02851253994713896,-0.0023408609192776646,-1.7164608481,11.8364597016
-0.7277455844687621,-1.7327275820684813,-0.02851253994713896,-0.0023394766460623473,-1.71544581523,11.8364597016
-0.7250786473747353,-1.7263777318446079,-0.028560814748609425,-0.0023379926328501257,-1.71435764696,11.801061696536363
-0.7224117102807084,-1.7200278816207344,-0.028560814748609425,-0.0023363977109362903,-1.71318815372,11.801061696536363
-0.7197447731866816,-1.7136780313968611,-0.028609216458568513,-0.0023346800292119918,-1.71192864556,11.76557063449091
-0.7170778360926549,-1.707328181172988,-0.028657775464517716,-0.0023328269592730005,-1.71056986257,11.729964233509092
-0.714410898998628,-1.7009783309491142,-0.028657775464517716,-0.0023308249467685763,-1.70910186588,11.729964233509092
-0.7117439619046011,-1.6946284807252407,-0.02870643555328315,-0.0023286592379788626,-1.70751383717,11.69428371249091
-0.7090770248105743,-1.6882786305013675,-0.02870643555328315,-0.0023263140194378393,-1.70579418105,11.69428371249091
-0.7064100877165475,-1.681928780277494,-0.028755242640619273,-0.00232377184667659,-1.70393010618,11.658495403227276
-0.7037431506225207,-1.6755789300536208,-0.028755242640619273,-0.0023210141245028197,-1.70190797744,11.658495403227276
-0.7010762135284938,-1.6692290798297473,-0.028804336018025588,-0.0023180203505575436,-1.69971276126,11.622497168763635
-0.6984092764344669,-1.6628792296058736,-0.028804336018025588,-0.0023147684864928625,-1.69732829779,11.622497168763635
-0.6957423393404402,-1.6565293793820004,-0.028853685062291204,-0.002311234483024791,-1.69473695264,11.586311463890906
-0.6930754022464134,-1.6501795291581272,-0.02890324033796497,-0.0023073920820363292,-1.69191947177,11.549974537672727
-0.6904084651523865,-1.6438296789342537,-0.028447098401330886,-0.0023032129455493647,-1.68885507606,11.8844454022
-0.6877415280583596,-1.6374798287103802,-0.028953005555919568,-0.002298665737469835,-1.68552078799,11.513483669072727
-0.6850745909643328,-1.6311299784865065,-0.028953005555919568,-0.002293716705481885,-1.68189185832,11.513483669072727
-0.682407653870306,-1.6247801282626333,-0.029002989439521395,-0.0022883284158358454,-1.67794083836,11.47683246159091
-0.6797407167762792,-1.61843027803876,-0.029002989439521395,-0.0022824602318275698,-1.67363793082,11.47683246159091
-0.6770737796822524,-1.6120804278148866,-0.029053173512873467,-0.0022760674249192475,-1.66895033803,11.44003446287273
-0.6744068425882255,-1.6057305775910131,-0.029053173512873467,-0.0022691007512882526,-1.66384195144,11.44003446287273
-0.6717399054941987,-1.5993807273671399,-0.029103598143323854,-0.0022615062124442813,-1.65827317609,11.403060073136364
-0.6690729684001719,-1.5930308771432666,-0.0291543418838685,-0.0022532234822140286,-1.65219977718,11.365851692572729
-0.6664060313061451,-1.5866810269193932,-0.029052788935549856,-0.0022441864127278094,-1.64557325109,11.440316458233333
-0.6637390942121182,-1.5803311766955195,-0.02920539996438075,-0.0022343208717229414,-1.63833923956,11.328412818927275
-0.6610721571180913,-1.573981326471646,-0.02920539996438075,-0.0022235447824749863,-1.63043755897,11.328412818927275
-0.6584052200240645,-1.5676314762477728,-0.0292567363950837,-0.002211766100696819,-1.62180071688,11.290769842081817
-0.6557382829300378,-1.5612816260238995,-0.0292567363950837,-0.002198881343192494,-1.61235283315,11.290769842081817
-0.6530713458360109,-1.554931775800026,-0.029308364207672438,-0.0021847743945160006,-1.60200876491,11.252913206409092
-0.650404408741984,-1.5485819255761524,-0.029308364207672438,-0.002169313078203449,-1.59067159238,11.252913206409092
-0.6477374716479573,-1.5422320753522791,-0.029360310794173287,-0.002152348070024227,-1.578231822,11.214822826418184
-0.6450705345539305,-1.5358822251284059,-0.029360310794173287,-0.002133708036052671,-1.56456382137,11.214822826418184
-0.6424035974599036,-1.5295323749045324,-0.029412608185531975,-0.0021131965393744786,-1.54952355106,11.176475215081819
-0.6397366603658767,-1.523182524680659,-0.029465241974453944,-0.002090586091300431,-1.5329442026,11.1378809367
-0.6370697232718499,-1.5168326744567855,-0.029465241974453944,-0.0020656132413378325,-1.51463259815,11.1378809367
-0.6344027861778231,-1.5104828242329122,-0.029518238160715665,-0.0020379684294735633,-1.49436174958,11.099020926663638
-0.6317358490837963,-1.504132974009039,-0.029518238160715665,-0.0020072881345442714,-1.47186510118,11.099020926663638
-0.6290689119897694,-1.4977831237851653,-0.029571664090865386,-0.001973133037222106,-1.44682051744,11.05984580240909
-0.6264019748957426,-1.4914332735612919,-0.029571664090865386,-0.0019349887629975975,-1.41885082785,11.05984580240909
-0.6237350378017158,-1.4850834233374186,-0.02962551750243046,-0.0018921905939839933,-1.38746862104,11.02035722291818
-0.6210681007076889,-1.4787335731135451,-0.02962551750243046,-0.0018440016531778268,-1.35213357421,11.02035722291818
-0.6184011636136622,-1.472383722889672,-0.02967979942933588,-0.0017892743849968731,-1.31200423018,10.980554430054546
-0.6157342265196353,-1.4660338726657984,-0.02973452235342878,-0.0017270158965606353,-1.26635253982,10.940428271372726
-0.6130672894256084,-1.4596840224419247,-0.02973452235342878,-0.001654647382465031,-1.21328756699,10.940428271372726
-0.6104003523315816,-1.4533341722180515,-0.02978971900266623,-0.001571514596722447,-1.15232957895,10.899954748754546
-0.6077334152375549,-1.4469843219941783,-0.02978971900266623,-0.0014689668109764535,-1.0771353383,10.899954748754546
-0.605066478143528,-1.4406344717703048,-0.02984539875469036,-0.0013523379479148268,-0.991615999857,10.859126985945455
-0.6023995410495011,-1.4342846215464313,-0.02984539875469036,-0.001175488532989299,-0.861939309444,10.859126985945455
-0.5997326039554742,-1.4279347713225576,-0.029901543089108036,-0.0010661486670617056,-0.781764704684,10.817958563218182
-0.5970656668614475,-1.4215849210986844,-0.029901543089108036,-0.0010181502233544558,-0.746569341852,10.817958563218182
-0.5943987297674207,-1.4152350708748112,-0.029958204263063892,-0.00099393133072762,-0.728810584535,10.776411162472728
-0.5917317926733938,-1.4088852206509377,-0.030015448464420832,-0.0009921371193211688,-0.727494960182,10.734436250763636
-0.5890648555793669,-1.4025353704270642,-0.030015448464420832,-0.0009990502246514028,-0.732564067253,10.734436250763636
-0.5863979184853402,-1.396185520203191,-0.030073265659624496,-0.0010105587527406699,-0.741002816314,10.6920411853
-0.5837309813913134,-1.3898356699793177,-0.030073265659624496,-0.0010259144574499785,-0.752262548027,10.6920411853
-0.5810640442972865,-1.3834858197554443,-0.030131661798724507,-0.0010425029022605198,-0.764426199363,10.649221603145454
-0.5783971072032597,-1.3771359695315706,-0.030131661798724507,-0.0010593338441931617,-0.77676766426,10.649221603145454
-0.5757301701092328,-1.3707861193076971,-0.03019069953948525,-0.0010763199764176577,-0.789222924068,10.605931559836364
-0.573063233015206,-1.3644362690838239,-0.03019069953948525,-0.0010937111133723961,-0.801975157847,10.605931559836364
-0.5703962959211792,-1.3580864188599506,-0.030250400772316364,-0.0011116356626396757,-0.815118521805,10.562155004000003
-0.5677293588271524,-1.3517365686360772,-0.03031073655888509,-0.001130311403783512,-0.828812705094,10.517913154972728
-0.5650624217331255,-1.3453867184122037,-0.029525133690017517,-0.0011497782667524022,-0.843086986768,11.0939647074
-0.5623954846390987,-1.3390368681883302,-0.03037172251452742,-0.0011701261607273267,-0.858007293678,10.473194562645455
-0.559728547545072,-1.332687017964457,-0.03037172251452742,-0.0011914411640569754,-0.873636743677,10.473194562645455
-0.5570616104510451,-1.3263371677405835,-0.03043344083946106,-0.0012129199184982688,-0.889386265898,10.427938952845453
-0.5543946733570182,-1.31998731751671,-0.03043344083946106,-0.0012367819369555565,-0.906883341483,10.427938952845453
-0.5517277362629913,-1.3136374672928366,-0.03049593092611078,-0.001260155501767789,-0.924022253304,10.382117440663636
-0.5490607991689646,-1.3072876170689633,-0.03049593092611078,-0.0012847434851979615,-0.942051650328,10.382117440663636
-0.5463938620749378,-1.30093776684509,-0.030559195452850036,-0.0013101330559944246,-0.960668819705,10.335728062154546
-0.5437269249809109,-1.2945879166212164,-0.03062327227193411,-0.0013360688685262602,-0.97968652657,10.288743061754547
-0.541059987886884,-1.288238066397343,-0.030542664739242175,-0.0013628176626451307,-0.99930036072,10.34784938148
-0.5383930507928573,-1.2818882161734697,-0.030688175577351245,-0.001390286523247877,-1.01944219118,10.241152031572726
-0.5357261136988304,-1.2755383659495962,-0.030688175577351245,-0.0014184963035374194,-1.04012730878,10.241152031572726
-0.5330591766048036,-1.269188515725723,-0.030753892905330493,-0.0014473195560786376,-1.06126226135,10.192964110799998
-0.5303922395107767,-1.2628386655018495,-0.030753892905330493,-0.0014768293185300448,-1.08290060452,10.192964110799998
-0.5277253024167499,-1.2564888152779758,-0.0308204249799727,-0.0015069127573215794,-1.10495960189,10.144178768481817
-0.5250583653227231,-1.2501389650541026,-0.0308204249799727,-0.0015376407850279672,-1.12749125085,10.144178768481817
-0.5223914282286963,-1.2437891148302294,-0.030887796832689555,-0.0015689173897816668,-1.15042514969,10.094777650072727
-0.5197244911346695,-1.237439264606356,-0.030887796832689555,-0.0016008210834076017,-1.17381886803,10.094777650072727
-0.5170575540406426,-1.2310894143824824,-0.03095605920222696,-0.001633249002544116,-1.19759698023,10.044723550854545
-0.5143906169466157,-1.2247395641586087,-0.031025238154646882,-0.001666271925557152,-1.22181138527,9.993997357613638
-0.5117236798525889,-1.2183897139347355,-0.031025238154646882,-0.001699794367595145,-1.24639206788,9.993997357613638
-0.5090567427585622,-1.2120398637108623,-0.03109532363165862,-0.0017338913140145962,-1.27139401186,9.942606445697272
-0.5063898056645353,-1.2056900134869888,-0.03109532363165862,-0.0017684688290723416,-1.29674833784,9.942606445697272
-0.5037228685705084,-1.1993401632631153,-0.031166320451567156,-0.0018036077630528302,-1.32251433014,9.890547282032726
-0.5010559314764816,-1.192990313039242,-0.031166320451567156,-0.0018392144001483782,-1.34862327066,9.890547282032726
-0.4983889943824548,-1.1866404628153686,-0.03123822202615701,-0.0018753699504200755,-1.37513470753,9.837824697498183
-0.495722057288428,-1.1802906125914954,-0.03123822202615701,-0.0019119710854464407,-1.4019728741,9.837824697498183
-0.4930551201944011,-1.1739407623676217,-0.031310986989645434,-0.0019491084502983589,-1.42920423682,9.784469023988182
-0.4903881831003743,-1.1675909121437484,-0.031384587229081606,-0.0019866730780534335,-1.45674889455,9.730500875619091
-0.4877212460063475,-1.161241061919875,-0.031384587229081606,-0.002024772189651563,-1.48468546817,9.730500875619091
-0.48505430891232065,-1.1548912116960015,-0.03145898466739868,-0.0020632826439444096,-1.51292366314,9.6759481728
-0.48238737181829383,-1.1485413614721283,-0.03145898466739868,-0.002102327174244351,-1.54155347495,9.6759481728
-0.479720434724267,-1.1421915112482548,-0.03153416008147421,-0.0021417631580181937,-1.57047032413,9.620825011087272
-0.4770534976302402,-1.1358416610243813,-0.03153416008147421,-0.0021817356240244764,-1.59978055454,9.620825011087272
-0.47438656053621336,-1.129491810800508,-0.031610097619383805,-0.002222074270003634,-1.62935929026,9.565143014070909
-0.47171962344218654,-1.1231419605766346,-0.031610097619383805,-0.0022629538051210994,-1.65933463862,9.565143014070909
-0.46905268634815966,-1.1167921103527612,-0.031686715287029016,-0.0023041789897587555,-1.68956343812,9.508962304784545
-0.46638574925413284,-1.1104422601288877,-0.03176390617047234,-0.0023459598595042277,-1.72019969956,9.452361278995456
-0.463718812160106,-1.1040924099050144,-0.029295640653231814,-0.0023880627895406883,-1.75107211509,11.2622428863
-0.4610518750660792,-1.097742559681141,-0.03184155987793374,-0.002430731934012537,-1.7823597133,9.395420882635456
-0.4583849379720524,-1.0913927094572675,-0.03184155987793374,-0.0024736936601521555,-1.81386185009,9.395420882635456
-0.45571800087802555,-1.0850428592333943,-0.03191955732973479,-0.0025172316357692797,-1.84578652786,9.33822843212909
-0.45305106378399873,-1.0786930090095208,-0.03191955732973479,-0.002561029644785175,-1.87790187785,9.33822843212909
-0.45038412668997185,-1.0723431587856473,-0.03199777205156966,-0.0026053627498003776,-1.9104095926,9.28087666608909
-0.44771718959594503,-1.0659933085617739,-0.03199777205156966,-0.002649849193363068,-1.94302974445,9.28087666608909
-0.4450502525019182,-1.0596434583379006,-0.032076052457343844,-0.00269486360735373,-1.97603703616,9.22347673661091
-0.4423833154078914,-1.0532936081140272,-0.0321542594809472,-0.002740021094385965,-2.00914923768,9.16613061538
-0.43971637831386456,-1.0469437578901537,-0.030920601439200782,-0.0027857367955317377,-2.04267075556,10.070723327900001
-0.43704944121983774,-1.0405939076662805,-0.03223228027575589,-0.0028315911232501953,-2.07629392283,9.108921048368181
-0.4343825041258109,-1.034244057442407,-0.03223228027575589,-0.002878032790270306,-2.11034776281,9.108921048368181
-0.43171556703178404,-1.0278942072185335,-0.032309951714952344,-0.002924610378358032,-2.14450126834,9.051967650027272
-0.4290486299377572,-1.02154435699466,-0.032309951714952344,-0.002971795649158791,-2.1791003636,9.051967650027272
-0.4263816928437304,-1.0151945067707866,-0.032387083020386336,-0.003019118648447584,-2.21380044972,8.995410310439091
-0.4237147557497036,-1.0088446565469134,-0.032387083020386336,-0.0030670605210562957,-2.2489543312,8.995410310439091
-0.42104781865567675,-1.0024948063230399,-0.03246350549005063,-0.003115139351062821,-2.28420863813,8.939372732121818
-0.41838088156164993,-0.9961449560991665,-0.03253905710108109,-0.0031638316997165392,-2.31991281405,8.883973720041816
-0.4157139444676231,-0.9897951058752932,-0.032500782383263295,-0.003212671008775189,-2.35572475023,8.91203905876625
-0.4130470073735963,-0.9834452556514197,-0.03261357301752675,-0.003262116022709528,-2.39198082587,8.829334141890909
-0.41038007027956946,-0.9770954054275464,-0.03261357301752675,-0.0033117247001440823,-2.42835690949,8.829334141890909
-0.4077131331855426,-0.9707455552036729,-0.03268691476592685,-0.003361905576299282,-2.46515256383,8.77555553478818
-0.40504619609151576,-0.9643957049797994,-0.03268691476592685,-0.003412273352921642,-2.5020852649,8.77555553478818
-0.40237925899748894,-0.9580458547559261,-0.032758930666526735,-0.0034631741373222745,-2.53940879952,8.722749119506362
-0.3997123219034621,-0.9516960045320527,-0.032758930666526735,-0.0035143008973891267,-2.57689803317,8.722749119506362
-0.3970453848094353,-0.9453461543081794,-0.032829490011862944,-0.00356590169953243,-2.61473486315,8.671010738665457
-0.3943784477154085,-0.9389963040843059,-0.032829490011862944,-0.003617775483160486,-2.65277185967,8.671010738665457
-0.39171151062138165,-0.9326464538604325,-0.03289850086144878,-0.0036700481572237965,-2.69110134679,8.620407808592727
-0.38904457352735483,-0.9262966036365592,-0.032965849895135235,-0.0037226559515070017,-2.72967656433,8.571023422477273
-0.386377636433328,-0.9199467534126857,-0.032965849895135235,-0.003775574951725887,-2.76847997689,8.571023422477273
-0.38371069933930113,-0.9135969031888123,-0.03303141946887162,-0.003828892521948202,-2.80757564509,8.522943844054547
-0.3810437622452743,-0.9072470529649389,-0.03303141946887162,-0.003882431032573007,-2.84683332016,8.522943844054547
-0.3783768251512475,-0.9008972027410654,-0.03309512013908984,-0.003936422919958186,-2.8864234385,8.47623465876
-0.37570988805722066,-0.8945473525171921,-0.03309512013908984,-0.0039905534439534105,-2.92611521359,8.47623465876
-0.37304295096319384,-0.8881975022933187,-0.03315686748895453,-0.004045177752394953,-2.96616906131,8.430957766124546
-0.370376013869167,-0.8818476520694453,-0.03315686748895453,-0.004099874241241686,-3.00627583607,8.430957766124546
-0.3677090767751402,-0.8754978018455719,-0.033216545864074964,-0.00415505518675832,-3.04673784377,8.387197970944545
-0.3650421396811133,-0.8691479516216984,-0.033274036362465995,-0.004210175607250083,-3.08715547086,8.345042459349092
-0.3623752025870865,-0.862798101397825,-0.033274036362465995,-0.004265787360671957,-3.12793337298,8.345042459349092
-0.3597082654930597,-0.8564482511739516,-0.03332921915242945,-0.004321289001984969,-3.16863053424,8.304579099189091
-0.35704132839903285,-0.8500984009500783,-0.03332921915242945,-0.004377291885489535,-3.2096952366,8.304579099189091
-0.35437439130500603,-0.8437485507262049,-0.033381976504417286,-0.004433147841769739,-3.25065220303,8.265894216891818
-0.3517074542109792,-0.8373987005023315,-0.033381976504417286,-0.004489506342070792,-3.29197766514,8.265894216891818
-0.3490405171169524,-0.8310488502784581,-0.033432190534016464,-0.004545679748438652,-3.33316740518,8.229074252440908
-0.3463735800229255,-0.8246990000545846,-0.033432190534016464,-0.0046023272647578856,-3.37470479132,8.229074252440908
-0.34370664292889863,-0.818349149830711,-0.0334796944144841,-0.004658753939479898,-3.41608024304,8.194241533297273
-0.34103970583487186,-0.8119992996068378,-0.03352428079455329,-0.00471561589557872,-3.4577748694,8.161548101954544
-0.3383727687408451,-0.8056494493829646,-0.028215513040193884,-0.0047722196259310295,-3.49928014902,12.0542577999
-0.3357058316468182,-0.799299599159091,-0.03356571313099009,-0.004829190413979752,-3.54105457755,8.131167406222726
-0.33303889455279134,-0.7929497489352175,-0.03356571313099009,-0.004885849333367881,-3.58260032511,8.131167406222726
-0.3303719574587646,-0.7865998987113443,-0.033603734638041005,-0.004942779987739691,-3.6243453252,8.103287736951819
-0.3277050203647378,-0.780250048487471,-0.033603734638041005,-0.005005626107161097,-3.67042790215,8.103287736951819
-0.32503808327071093,-0.7739001982635975,-0.0336380337182166,-0.00509009903108104,-3.73236856058,8.078137576272725
-0.32237114617668405,-0.767550348039724,-0.0336380337182166,-0.005177387070311301,-3.79637343187,8.078137576272725
-0.3197042090826572,-0.7612004978158504,-0.03366827468182305,-0.005266723016226838,-3.86187995224,8.055963072178182
-0.3170372719886304,-0.7548506475919772,-0.033694044191713825,-0.005357192126577116,-3.92821737733,8.03706730847091
-0.31437033489460364,-0.7485007973681039,-0.0340946439203313,-0.005448516996592615,-3.99518229718,7.7433233511649995
-0.31170339780057676,-0.7421509471442305,-0.03371497065673237,-0.005540135598208276,-4.06236259881,8.021722758268181
-0.3090364607065499,-0.7358010969203569,-0.03371497065673237,-0.005632002380981928,-4.12972488188,8.021722758268181
-0.3063695236125231,-0.7294512466964836,-0.0337304689650751,-0.005723722070001043,-4.19697930691,8.010358460943637
-0.30370258651849635,-0.7231013964726104,-0.0337304689650751,-0.005815354444225482,-4.26416970745,8.010358460943637
-0.3010356494244695,-0.7167515462487368,-0.03374022657461,-0.005906580880601095,-4.3310624498,8.003203591297273
-0.2983687123304426,-0.7104016960248634,-0.03374022657461,-0.005997506811631064,-4.39773484345,8.003203591297273
-0.2957017752364157,-0.7040518458009898,-0.03374346950818607,-0.006087844648198013,-4.46397601066,8.000825676201817
-0.29303483814238895,-0.6977019955771165,-0.03374346950818607,-0.006177708865716889,-4.52986989173,8.000825676201817
-0.2903679010483622,-0.6913521453532433,-0.03373942743734568,-0.006266820119016365,-4.59521165388,8.003789567087274
-0.2877009639543353,-0.6850022951293698,-0.033727986076360926,-0.006355305002219538,-4.66009412358,8.012179065163638
-0.28503402686030843,-0.6786524449054963,-0.033727986076360926,-0.006442880994285113,-4.72431013931,8.012179065163638
-0.28236708976628166,-0.672302594681623,-0.03370802758391644,-0.0065296576644589465,-4.78794004387,8.026813839312728
-0.2797001526722549,-0.6659527444577498,-0.03370802758391644,-0.006615340059624103,-4.85076755979,8.026813839312728
-0.277033215578228,-0.6596028942338763,-0.033678427700422224,-0.006700037805459314,-4.91287307125,8.048518264683638
-0.27436627848420114,-0.6532530440100027,-0.033678427700422224,-0.006783444597506615,-4.97403197729,8.048518264683638
-0.27169934139017426,-0.6469031937861293,-0.033638528400097914,-0.006865653977870073,-5.03431286864,8.07777484558909
-0.2690324042961475,-0.640553343562256,-0.033638528400097914,-0.006946345220327563,-5.09348056943,8.07777484558909
-0.26636546720212073,-0.6342034933383827,-0.033587269127454446,-0.007025612940939816,-5.15160445788,8.115361245477274
-0.26369853010809385,-0.6278536431145092,-0.03352370526270242,-0.007103124912387888,-5.20844092482,8.161970116727273
-0.261031593014067,-0.6215037928906357,-0.03352370526270242,-0.0071789526409918435,-5.26404240301,8.161970116727273
-0.2583646559200401,-0.6151539426667622,-0.03344619845099573,-0.00725275163815588,-5.31815629257,8.218802800232728
-0.25569771882601333,-0.6088040924428889,-0.03344619845099573,-0.007324601082139294,-5.37084065179,8.218802800232728
-0.25303078173198656,-0.6024542422190157,-0.033354667778884975,-0.007394153565779146,-5.42184074072,8.28591862663
-0.2503638446379597,-0.5961043919951421,-0.033354667778884975,-0.00746146383828121,-5.47119670479,8.28591862663
-0.2476969075439328,-0.5897545417712686,-0.03324608542751549,-0.00752617844831407,-5.5186493721,8.365537775886363
-0.24502997044990604,-0.5834046915473954,-0.03324608542751549,-0.007588355854379172,-5.56424160796,8.365537775886363
-0.24236303335587928,-0.5770548413235221,-0.033121968607143275,-0.00764764247037717,-5.60771414165,8.456547737650908
-0.2396960962618524,-0.5707049910996486,-0.03297698887772428,-0.0077040753324773385,-5.64909413033,8.562855646534546
-0.23702915916782552,-0.5643551408757751,-0.03297698887772428,-0.007757305107843664,-5.68812542203,8.562855646534546
-0.23436222207379864,-0.5580052906519015,-0.0328114812550048,-0.0078073601225076205,-5.72482878711,8.684215848723637
-0.23169528497977188,-0.5516554404280283,-0.0328114812550048,-0.007853906177927215,-5.75895917098,8.684215848723637
-0.2290283478857451,-0.545305590204155,-0.032623693314805455,-0.00789696979870046,-5.79053602308,8.821913327648183
-0.22636141079171823,-0.5389557399802816,-0.032623693314805455,-0.007936231888367094,-5.81932536258,8.821913327648183
-0.22369447369769135,-0.532605889756408,-0.032411536935664245,-0.007971695838150288,-5.84532967613,8.977479220295454
-0.2210275366036646,-0.5262560395325347,-0.032411536935664245,-0.00800307367966773,-5.86833780789,8.977479220295454
-0.21836059950963782,-0.5199061893086615,-0.03217292556498121,-0.008030379851430697,-5.88836034505,9.152443513268183
-0.21569366241561094,-0.5135563390847879,-0.0319057168126198,-0.008053346537308364,-5.90520090862,9.348377136629091
-0.21302672532158407,-0.5072064888609145,-0.03850179097497968,-0.00807196714328673,-5.91885466347,4.5117364983
-0.2103597882275572,-0.500856638637041,-0.03160748708750598,-0.008085867982360974,-5.92904759968,9.56705721398091
-0.20769285113353042,-0.4945067884131677,-0.03160748708750598,-0.008094905742420324,-5.93567463214,9.56705721398091
-0.20502591403950365,-0.48815693818929445,-0.03127570763980381,-0.008098730551707066,-5.93847921371,9.810337977692727
-0.20235897694547678,-0.48180708796542093,-0.03127570763980381,-0.008097434545430987,-5.9375289035,9.810337977692727
-0.1996920398514499,-0.4754572377415474,-0.030907649749131072,-0.008090771848272203,-5.93264341085,10.080220290636364
-0.19702510275742302,-0.4691073875176739,-0.030907649749131072,-0.008078830799927173,-5.92388751177,10.080220290636364
-0.19435816566339625,-0.46275753729380065,-0.03050032319873174,-0.008061444873356739,-5.91113909856,10.378896760645455
-0.1916912285693695,-0.45640768706992735,-0.030050625378392433,-0.00803862221716566,-5.89440414627,10.708642409236363
-0.1890242914753426,-0.4500578368460538,-0.04038984615586696,-0.008009991611112285,-5.87341045376,3.127300212335
-0.18635735438131573,-0.4437079866221803,-0.029555043580691987,-0.007975856541488325,-5.84838055554,11.07203296600909
-0.18369041728728897,-0.43735813639830706,-0.029555043580691987,-0.00793608617102653,-5.81921851381,11.07203296600909
-0.1810234801932622,-0.4310082861744338,-0.029010004081347494,-0.00789131625350063,-5.7863905017,11.471688901818181
-0.17835654309923532,-0.4246584359505603,-0.029010004081347494,-0.007842142534706286,-5.75033335607,11.471688901818181
-0.17568960600520844,-0.4183085857266868,-0.02841146467913455,-0.007790505940139963,-5.71247028092,11.910574203154546
-0.17302266891118157,-0.41195873550281326,-0.02841146467913455,-0.007736788073597309,-5.67308109124,11.910574203154546
-0.1703557318171548,-0.40560888527894,-0.027755226376648606,-0.0076630937264587405,-5.61904393741,12.391767828954544
-0.16768879472312803,-0.39925903505506677,-0.027755226376648606,-0.007587405368078602,-5.5635446539,12.391767828954544
-0.16502185762910115,-0.39290918483119325,-0.027036696595325073,-0.0075095548960158074,-5.50645997783,12.918637335672729
-0.16235492053507428,-0.3865593346073197,-0.02625088013745084,-0.007428492808640312,-5.44702035111,13.494845504481818
-0.1596879834410475,-0.3802094843834465,-0.02625088013745084,-0.007343903113722885,-5.38499406912,13.494845504481818
-0.15702104634702074,-0.3738596341595732,-0.025392543674438904,-0.007254875737967611,-5.31971381106,14.12422972851818
-0.15435410925299387,-0.3675097839356997,-0.025392543674438904,-0.007161526324900904,-5.25126437376,14.12422972851818
-0.151687172158967,-0.3611599337118262,-0.024455780805506856,-0.007063840330387358,-5.17963509258,14.811120938172728
-0.1490202350649401,-0.3548100834879527,-0.024455780805506856,-0.006962176639338952,-5.10508912365,14.811120938172728
-0.14635329797091334,-0.3484602332640794,-0.023434500420320668,-0.006856513382065445,-5.02761043079,15.559985504054545
-0.14368636087688658,-0.34211038304020613,-0.023434500420320668,-0.006747279455173161,-4.94751350694,15.559985504054545
-0.1410194237828597,-0.3357605328163326,-0.022321804272151573,-0.006634428361980496,-4.86476425792,16.37588163800909
-0.13835248668883282,-0.3294106825924591,-0.021110441650706913,-0.006518438543000747,-4.77971350526,17.26412599949091
-0.13568554959480605,-0.32306083236858585,-0.021110441650706913,-0.006399223535442042,-4.69229784921,17.26412599949091
-0.1330186125007793,-0.3167109821447126,-0.0197924247462594,-0.0062773047071811435,-4.60289958824,18.230575733854547
-0.1303516754067524,-0.3103611319208391,-0.0197924247462594,-0.006152561584089146,-4.51143038343,18.230575733854547
-0.12768473831272553,-0.30401128169696556,-0.018359042363302484,-0.006025544600875132,-4.41829384681,19.28161841667273
-0.12501780121869865,-0.29766143147309204,-0.018359042363302484,-0.0058961032094869414,-4.32337958744,19.28161841667273
-0.12235086412467189,-0.2913115812492188,-0.016801003928890206,-0.005764783551384534,-4.22708806928,20.424066458109092
-0.11968392703064512,-0.28496173102534555,-0.016801003928890206,-0.005631396455284308,-4.1292805805,20.424066458109092
-0.11701698993661824,-0.27861188080147203,-0.015107860391312003,-0.005496514384328625,-4.03037688571,21.665581735045453
-0.11435005284259137,-0.2722620305775985,-0.013268587853454781,-0.0053599484221910215,-3.93023846003,23.01424763579091
-0.1116831157485646,-0.26591218035372527,-0.013268587853454781,-0.005222262621401261,-3.8292789009,23.01424763579091
-0.10901617865453783,-0.25956233012985197,-0.011270746141340942,-0.00508325683914516,-3.7273514515,24.47918604853636
-0.10634924156051095,-0.25321247990597845,-0.011270746141340942,-0.0049434851115803995,-3.62486236466,24.47918604853636
-0.10368230446648408,-0.24686262968210496,-0.009101015161038825,-0.004802724777797249,-3.52164837193,26.07016407201818
-0.1010153673724572,-0.24051277945823143,-0.009101015161038825,-0.004661485043282707,-3.41808285358,26.07016407201818
-0.09834843027843043,-0.2341629292343582,-0.006744590190910077,-0.004519459661920968,-3.31394125143,27.79803742382727
-0.09568149318440367,-0.22781307901048492,-0.006744590190910077,-0.004377270471053602,-3.20967953424,27.79803742382727
-0.09301455609037679,-0.2214632287866114,-0.004185157890433456,-0.004283768364448923,-3.1411181328,29.674768032190908
-0.09034761899634991,-0.21511337856273788,-0.0014049425591587178,-0.00418978269216738,-3.07220215175,31.71339011610909
-0.08768068190232303,-0.20876352833886436,-0.0014049425591587178,-0.004092781246146492,-3.00107482294,31.71339011610909
-0.08501374480829627,-0.2024136781149911,0.0016160836835179087,-0.003993020701646958,-2.9279243562,33.928589329327274
-0.0823468077142695,-0.19606382789111787,0.0016160836835179087,-0.0038904509176070435,-2.85271398507,33.928589329327274
-0.07967987062024262,-0.18971397766724435,0.0048996375030553214,-0.0037854064866851543,-2.77568905313,36.33628964481819
-0.07701293352621574,-0.18336412744337083,0.0048996375030553214,-0.0036778271092742618,-2.69680534506,36.33628964481819
-0.07434599643218898,-0.17701427721949756,0.008470291642031474,-0.0035680065765440793,-2.61627828632,38.95450928409091
-0.07167905933816221,-0.1706644269956243,0.008470291642031474,-0.0034558535414358194,-2.53404089572,38.95450928409091
-0.06901212224413533,-0.1643145767717508,0.012355087065733985,-0.00334166557475822,-2.45031137018,41.803076318872726
-0.06634518515010845,-0.15796472654787727,0.016584414627605678,-0.0032253274671688982,-2.36500523124,44.904275161554544
-0.06367824805608158,-0.15161487632400375,-0.09882885171867171,-0.0031071316259228465,-2.27833688959,-39.72371422615
-0.06101131096205481,-0.1452650261001305,0.021192176062891206,-0.0029869334253788383,-2.19020029696,48.28296461547273
-0.05834437386802804,-0.13891517587625726,0.021192176062891206,-0.0028650514494507747,-2.10082905835,48.28296461547273
-0.055677436774001166,-0.13256532565238374,0.02621662578453608,-0.002741320956767751,-2.01010237542,51.96719513059091
-0.05301049967997429,-0.12621547542851022,0.02621662578453608,-0.002616086921591985,-1.91827320417,51.96719513059091
-0.05034356258594752,-0.11986562520463696,0.031700405610123286,-0.0024891596869052674,-1.8252024766,55.9882342673909
-0.047676625491920754,-0.1135157749807637,0.031700405610123286,-0.0023609619211999006,-1.73120011882,55.9882342673909
-0.04500968839789388,-0.10716592475689019,0.03769318208964679,-0.002231299780432738,-1.63612399265,60.38250054515454
-0.042342751303867,-0.10081607453301666,0.03769318208964679,-0.0021007325214026933,-1.54038417901,60.38250054515454
-0.03967581420984012,-0.09446622430914314,0.04424792836009973,-0.0019690623472285768,-1.44383564126,65.1888370728
-0.037008877115813354,-0.0881163740852699,0.0514331426673926,-0.0018372429119119327,-1.34717765621,70.45747090837273
-0.03434194002178659,-0.08176652386139664,0.0514331426673926,-0.001707625882316039,-1.25213460828,70.45747090837273
-0.03167500292775971,-0.07541667363752312,0.059308937292953855,-0.0015834100173812715,-1.16105202105,76.23248001340909
-0.029008065833732832,-0.0690668234136496,0.059308937292953855,-0.001463723638475003,-1.07329072701,76.23248001340909
-0.026341128739705955,-0.06271697318977608,0.06798731106434888,-0.0013485534660724256,-0.988840988809,82.59598870420909
-0.023674191645679188,-0.05636712296590283,0.06798731106434888,-0.001236874689561213,-0.906951353305,82.59598870420909
-0.02100725455165242,-0.05001727274202958,0.0775017721011589,-0.0011283852990103787,-0.827400368545,89.57256716129092
-0.018340317457625543,-0.04366742251815606,0.0775017721011589,-0.0010200734591335548,-0.747979574681,89.57256716129092
-0.015673380363598666,-0.037317572294282536,0.08811585862618214,-0.0009112823705477111,-0.668207366669,97.35545755367274
-0.013006443269571899,-0.030967722070409286,0.09962592100641894,-0.0007994364214041256,-0.586195150077,105.79533164963637
-0.010339506175545132,-0.024617871846536032,0.09962592100641894,-0.0006869094651518798,-0.503683577872,105.79533164963637
-0.0076725690815182546,-0.01826802162266251,0.1129880514633426,-0.0005753439636295696,-0.421877002443,115.59325410954544
-0.005005631987491377,-0.011918171398788993,0.1129880514633426,-0.0004677978685787656,-0.343017699013,115.59325410954544
-0.002338694893464499,-0.005568321174915475,0.12652791363857976,-0.0003654260762580283,-0.26795250739,125.52150021809092
0.0003282422005622676,0.0007815290489577801,0.13812932242130743,-0.0002726133578612239,-0.199896607092,134.0283550228182
0.0029951792945890343,0.007131379272831034,0.14499815677429778,-0.0001893604537255177,-0.138850540979,139.06499993490908
0.005662116388615912,0.013481229496704553,0.15224566077191592,-0.00011439394193332382,-0.083880559059,144.37930833995455
0.00832905348264279,0.01983107972057807,0.1581460974481164,-4.536467404489945e-05,-0.0332641235725,148.70586548736364
0.010995990576669556,0.026180929944451325,0.16282226344480946,2.2034977377753196e-05,0.0161573785295,152.13471330418182
0.013662927670696323,0.03253078016832458,0.16636862463679805,8.038680873414018e-05,0.0589444715658,154.73511988499996
0.0163298647647232,0.0388806303921981,0.16892479859835255,0.00013157692725068374,0.0964801634643,156.60946128213638
0.01899680185875008,0.04523048061607162,0.17058619354462326,0.00017547452524034772,0.128668538115,157.82769657113633
0.021663738952776956,0.051580330839945135,0.17141207141309264,0.00021333209827885174,0.15642800105,158.4332801899091
0.024330676046803723,0.05793018106381839,0.17144404132171553,0.0002471991796898919,0.181261394099,158.4567224610909
0.02699761314083049,0.06428003128769165,0.17069870915872573,0.00027640755596271716,0.202678742689,157.9101998265909
0.029664550234857368,0.07062988151156516,0.16920459720545802,0.00030345377808705087,0.222510669047,156.81462654868184
0.032331487328884245,0.07697973173543868,0.16696985509768295,0.0003274200275304615,0.240084173097,155.17597843336364
0.03499842442291101,0.08332958195931194,0.16417373837481514,0.0003492042455702987,0.256057679709,153.12569648709524
0.03766536151693778,0.08967943218318519,0.16048210320676387,0.0003691920091454537,0.270713917222,150.41876623795238
0.040332298610964656,0.09602928240705871,0.15605649038086666,0.0003876735112514583,0.284265672697,147.17363916442858
0.042999235704991534,0.10237913263093223,0.15089333917873912,0.0004050324149712141,0.296994271118,143.38770433238093
0.04566617279901841,0.10872898285480574,0.14498958911148407,0.0004213845137110208,0.308984619216,139.05871760619047
0.04833310989304518,0.115078833078679,0.1382133036047898,0.00043695815150413794,0.320404152651,134.08993510740908
0.051000046987071945,0.12142868330255226,0.13081117273606904,0.00045192626385847864,0.3313796782,128.66224492554545
0.05366698408109882,0.12777853352642576,0.12264973343857515,0.00046651634993293646,0.34207801201,122.67778386554542
0.0563339211751257,0.13412838375029928,0.11372273869331197,0.00048065222026824026,0.35244328736,116.13197123513638
0.05900085826915247,0.14047823397417256,0.10402183362466186,0.0004945266817099788,0.362616881894,109.01868073404547
0.061667795363179234,0.1468280841980458,0.09353925241281917,0.0005082041536261669,0.37264603179,101.3322179933591
0.06433473245720611,0.15317793442191932,0.08226801064691071,0.0005216914668893251,0.382535745857,93.06746162046817
0.06700166955123299,0.15952778464579284,0.07020116161165842,0.0005351331239320814,0.392391982021,84.21931786345455
0.06966860664525987,0.16587763486966636,0.05732987389195865,0.0005486020187014028,0.402268190534,74.78131099446364
0.07233554373928663,0.1722274850935396,0.04364779375431564,0.0005619403600984915,0.412048669416,64.74878207169546
0.0750024808333134,0.17857733531741288,0.02914852991575424,0.000575105757742303,0.421702335475,54.117044619800005
0.07766941792734028,0.18492718554128637,0.01052920808108345,0.0005880565131082336,0.43119861283,40.46423138164838
0.08033635502136716,0.1912770357651599,-0.010724963267562539,0.0006007356114109514,0.440495694791,24.87938707145455
0.08300329211539403,0.1976268859890334,-0.028137405184245876,0.0006132989387536898,0.44970788648,12.111531205406363
0.0856702292094208,0.20397673621290668,-0.04639332073709008,0.0006260520958717944,0.459059272845,-1.2748105608299545
0.08833716630344757,0.21032658643677993,-0.06549637379909508,0.0006391290988605004,0.468648122595,-15.282324800602275
0.09100410339747445,0.21667643666065345,-0.085448756247107,0.0006524804087701437,0.478438110775,-29.912618730622725
0.09367104049150132,0.22302628688452697,-0.10625376922090381,0.0006660113482793631,0.488359814245,-45.16811294629546
0.09633797758552809,0.2293761371084002,-0.12791209639703888,0.0006795501138503982,0.498287256257,-61.04930876063183
0.09900491467955486,0.23572598733227348,-0.15042290030364996,0.000692799754772008,0.508002694584,-77.55559208859546
0.10167185177358173,0.242075837556147,-0.1737858380935871,0.000705495290475895,0.517311829442,-94.68671153391365
0.10433878886760861,0.24842568778002053,-0.20329691974991598,0.0007173667865472093,0.526016728587,-116.3260220247742
0.10700572596163549,0.254775538003894,-0.2358931777305981,0.000728165119768486,0.533934719804,-140.22757044981816
0.10967266305566226,0.26112538822776726,-0.2627054172904094,0.0007377652089946205,0.54097408603,-159.8879266355652
0.11233960014968902,0.26747523845164056,-0.2898295136979291,0.0007461821226167234,0.547145876321,-179.77695512939127
0.1150065372437159,0.2738250886755141,-0.3177582696454789,0.0007534345508560735,0.552463795478,-200.2560086798696
0.11767347433774278,0.2801749388993876,-0.34647559232986913,0.0007595697402355642,0.55696248751,-221.31328707008694
0.12034041143176955,0.28652478912326085,-0.3758533684681421,0.0007646617283230175,0.560696241241,-242.85484989012502
0.12300734852579631,0.2928746393471341,-0.4060492527546609,0.0007688115887668842,0.563739169985,-264.9962991
0.1256742856198232,0.2992244895710076,-0.4369532204850924,0.0007721786408759232,0.566208096298,-287.65695793000003
0.12834122271385007,0.30557433979488113,-0.4685285121413318,0.0007749637075745931,0.568250275698,-310.80987207749996
0.13100815980787694,0.31192419001875465,-0.5074904348891758,0.0007773461278877015,0.569997210408,-339.37911103254544
0.1336750969019037,0.3182740402426279,-0.5461576677029731,0.0007795126863195276,0.571585862127,-367.7322654992069
0.13634203399593048,0.32462389046650114,-0.5837061762230826,0.000781613508461181,0.573126312021,-395.26510363091666
0.13900897108995736,0.33097374069037466,-0.617791126598836,0.0007837843067000063,0.574718072623,-420.2582513859167
0.14167590818398423,0.3373235909142482,-0.6522815707721549,0.0007861242480796388,0.576433859209,-445.54873172566664
0.1443428452780111,0.3436734411381217,-0.6870940446324564,0.0007886976577369161,0.578320838861,-471.07534371470825
0.14700978237203788,0.35002329136199495,-0.7221380547518705,0.0007915154161201918,0.580386989782,-496.771732096875
0.14967671946606464,0.3563731415858682,-0.757314736610046,0.000794542923464444,0.582606941331,-522.5654034245416
0.15234365656009152,0.3627229918097417,-0.7925158243221098,0.0007976801311062029,0.584907331775,-548.3769706008334
0.1550105936541184,0.36907284203361523,-0.827747730905168,0.0008007414327486614,0.587152063348,-574.2111360378799
0.15767753074814517,0.37542269225748853,-0.8625958442539711,0.0008034730690279921,0.589155064332,-599.76388105608
0.16034446784217193,0.3817725424813618,-0.8970925193673311,0.0008055863231770973,0.590704630126,-625.05893029804
0.1630114049361988,0.3881223927052353,-0.9310954200793702,0.0008068039228118791,0.591597447843,-649.9919142756
0.1656783420302257,0.3944722429291088,-0.9644558156860066,0.0008068275662223725,0.591614784622,-674.45377463832
0.16834527912425257,0.40082209315298234,-0.9970150323539709,0.0008053321761297656,0.590518274135,-698.3281621318799
0.17101221621827933,0.4071719433768556,-1.0286111078204663,0.0008020030509771083,0.588077158161,-721.4963162264801
0.1736791533123061,0.4135217936007288,-1.0590737518776874,0.0007965427470523776,0.584073332975,-743.8333698392
0.17634609040633298,0.41987164382460235,-1.0882321658057255,0.0007887077712818295,0.578328254724,-765.2140830152802
0.17901302750035986,0.42622149404847587,-1.1159115259374657,0.0007782678353150073,0.570673062057,-785.51026446516
0.18167996459438662,0.4325713442723491,-1.1419368268461059,0.0007650608416695021,0.560988895293,-804.59358962208
0.1843469016884134,0.43892119449622236,-1.1655006047441125,0.0007489285084304962,0.549159692556,-821.8719771854613
0.18701383878244027,0.4452710447200959,-1.1876404086334116,0.0007297872485726423,0.535124162782,-838.1062208552307
0.18968077587646714,0.4516208949439694,-1.2076289679046917,0.000707539318009084,0.518810634093,-852.7630418207692
0.19234771297049402,0.4579707451678429,-1.225314976837502,0.0006821635254742344,0.500203567771,-865.7314935738461
0.1950146500645208,0.46432059539171616,-1.2405649080245138,0.0006536132169099522,0.479268754238,-876.913665741
0.19768158715854756,0.47067044561558946,-1.2532546730993983,0.000621917645288407,0.456027643543,-886.2185692246924
0.20034852425257443,0.477020295839463,-1.2632773804331807,0.0005870715675220469,0.430476391137,-893.5678246156155
0.2030154613466013,0.48337014606333645,-1.2705482326629451,0.0005491327307934901,0.402657340748,-898.8992533570386
0.20568239844062808,0.48971999628720975,-1.2749944830411164,0.0005081330650457784,0.372593905342,-902.1595131324616
0.20834933553465484,0.496069846511083,-1.276547871088118,0.0004641912436971581,0.340373103449,-903.2985512285001
0.21101627262868172,0.5024196967349565,-1.27518662173907,0.0004173398867264771,0.306018854011,-902.3004008501923
0.2136832097227086,0.50876954695883,-1.2709865602812178,0.0003675576136898141,0.269515479593,-899.2206616855769
0.21635014681673548,0.5151193971827035,-1.2638613341970155,0.00031458577959674625,0.23067332604,-893.9960148444617
0.21901708391076224,0.5214692474065767,-1.2539014238135033,0.00025836337464243606,0.189447657272,-886.6928059766924
0.221684021004789,0.5278190976304501,-1.2411789880482307,0.00019668726068157222,0.144222999111,-877.3639463662307
0.2243509580988159,0.5341689478543236,-1.225780818324206,0.00013617073801561652,0.0998486234427,-866.0730767353076
0.22701789519284277,0.5405187980781971,-1.2126207896327552,7.281453560119492e-05,0.0533920227822,-856.4233475169999
0.22968483228686953,0.5468686483020704,-1.1978957137340283,7.189905078604397e-06,0.00527207339289,-845.6260310009615
0.2323517693808963,0.5532184985259436,-1.1762931048370329,-6.168558911887384e-05,-0.0452316059201,-829.7856911998462
0.23501870647492318,0.5595683487498171,-1.1524416900386503,-0.0001308549962066687,-0.095950799946,-812.2963908590768
0.23768564356895006,0.5659181989736907,-1.126985864482962,-0.00020397538079304693,-0.149567089708,-793.6306394842001
0.24035258066297693,0.5722680491975641,-1.099022132574643,-0.0002784061294792232,-0.204144217705,-773.1259394432401
0.2430195177570037,0.5786178994214374,-1.069278389689761,-0.0003574003988527951,-0.262067595163,-751.3160276636002
0.24568645485103047,0.5849677496453106,-1.03791598269503,-0.0004369163918648284,-0.320373531957,-728.31921342944
0.24835339194505734,0.5913175998691842,-1.005093280808538,-0.0005300687139536358,-0.388678450228,-704.2516226328
0.2510203290390842,0.5976674500930577,-0.9709711546301879,-0.0006153272724222837,-0.45119518344,-679.2312153301999
0.2536872661331111,0.6040173003169312,-0.935817457031913,-0.000720491402247905,-0.528307885858,-653.45439745244
0.25635420322713787,0.6103671505408045,-0.899863472576675,-0.0008495723543420106,-0.622957849331,-627.0907608338
0.25902114032116463,0.6167170007646777,-0.863234481254164,-0.0009619389450747722,-0.705351831835,-600.23216834216
0.2616880774151915,0.6230668509885512,-0.8260917370988743,-0.0010725143135120465,-0.786432381783,-572.9968611914801
0.2643550145092184,0.6294167012124248,-0.7781371660434774,-0.0011752944136278988,-0.861796969384,-537.8336684421142
0.26702195160324516,0.635766551436298,-0.7316873938174778,-0.0012715628872494835,-0.932386838486,-503.77388523479163
0.2696888886972719,0.6421164016601713,-0.6939988874140578,-0.00136265244083651,-0.999179210094,-476.13839218516665
0.2723558257912988,0.6484662518840448,-0.6565842217878354,-0.001448710251950023,-1.0622820037,-448.70369576075
0.2750227628853257,0.6548161021079183,-0.6196566549436966,-0.0015298094248360574,-1.12174882376,-421.62616963283335
0.27768969997935256,0.6611659523317919,-0.5834482791621133,-0.001606115527742187,-1.17770107493,-395.0759979030417
0.2803566370733793,0.6675158025556651,-0.5481668269675999,-0.001677815460440048,-1.23027580343,-369.2055026261667
0.2830235741674061,0.6738656527795384,-0.5139055355796256,-0.0017450883489292003,-1.27960435528,-344.083050972375
0.28569051126143297,0.6802155030034118,-0.4808909393877993,-0.00180812366066357,-1.32582565948,-319.87475166145833
0.28835744835545984,0.6865653532272854,-0.4495873889003418,-0.001867123044416002,-1.36908757711,-296.92109457925
0.2910243854494866,0.6929152034511586,-0.42052168023984526,-0.0019222899666353223,-1.40953930208,-275.608358514
0.2936913225435134,0.6992650536750319,-0.39399776576083906,-0.0019738200956958677,-1.44732431028,-256.15941972116667
0.29635825963754026,0.7056149038989054,-0.36994854909147895,-0.002021904393268149,-1.48258262636,-238.52507908158336
0.29902519673156713,0.7119647541227789,-0.34821313232542744,-0.002066726225222823,-1.51544870527,-222.58735651600003
0.301692133825594,0.7183146043466524,-0.32334806662823484,-0.002108470149953529,-1.54605787639,-204.35478601034373
0.3043590709196208,0.7246644545705256,-0.30314946715648855,-0.002147314514132426,-1.57454091429,-189.5439508623913
0.30702600801364754,0.731014304794399,-0.2882164957204223,-0.0021834388656418826,-1.60102947434,-178.59419276069565
0.3096929451076744,0.7373641550182725,-0.27452266730558544,-0.0022170181055027505,-1.62565180455,-168.55304929031817
0.3123598822017013,0.7437140052421459,-0.2623008417538824,-0.002248221251574304,-1.64853183904,-159.59126737536363
0.3150268192957282,0.7500638554660195,-0.25114353019494307,-0.002277205808454158,-1.66978506971,-151.410051523
0.31769375638975494,0.7564137056898927,-0.24087182956399403,-0.0023041156862942977,-1.68951702019,-143.87821918249998
0.3203606934837817,0.762763555913766,-0.23132636939961365,-0.002329087336124065,-1.70782774463,-136.87891028963634
0.3230276305778086,0.7691134061376396,-0.2223733871175511,-0.0023522462309097515,-1.7248092474,-130.31404202500002
0.32569456767183547,0.775463256361513,-0.21388812554698564,-0.0023737125621249196,-1.74054966016,-124.09213488313638
0.32836150476586223,0.7818131065853863,-0.20337024623160396,-0.002393596597307505,-1.75512983774,-116.37978943739998
0.331028441859889,0.7881629568092595,-0.19405288403595372,-0.002412003483127756,-1.76862688004,-109.54773577513637
0.3336953789539159,0.7945128070331331,-0.1864429172862602,-0.002429029889200359,-1.78111167107,-103.96764775127272
0.33636231604794276,0.8008626572570066,-0.17891463781893582,-0.0024447674768244025,-1.79265142244,-98.44745778492273
0.33902925314196963,0.8072125074808801,-0.17144096358897873,-0.0024593005464224513,-1.80330794832,-92.96730768222727
0.3416961902359964,0.8135623577047534,-0.16398271088139887,-0.0024727086348166846,-1.81313956992,-87.49846557274091
0.34436312733002317,0.8199122079286266,-0.1564214853880343,-0.002485064997691816,-1.82220000274,-81.95411758686363
0.34703006442405004,0.8262620581525001,-0.14862239287094484,-0.0024964385306722506,-1.83053976522,-76.23535110823637
0.3496970015180769,0.8326119083763737,-0.14049392843524355,-0.0025068927589990183,-1.83820543791,-70.27506921188183
0.3523639386121037,0.8389617586002469,-0.13201859723608084,-0.0025164873267004015,-1.84524075542,-64.06044361911817
0.35503087570613046,0.8453116088241202,-0.12324568333013364,-0.002525277327920977,-1.85168611611,-57.62761238198637
0.35769781280015733,0.8516614590479937,-0.1142588397238337,-0.0025333143725183613,-1.85757936345,-51.03791494580909
0.3603647498941842,0.8580113092718672,-0.10515195717250056,-0.002540646248202378,-1.86295553828,-44.36019769277727
0.3630316869882111,0.8643611594957408,-0.09340758734786138,-0.002547317703176429,-1.86784745269,-35.74851520297742
0.36569862408223786,0.870711009719614,-0.08225902461134517,-0.002553370249140653,-1.87228554557,-27.57371451651818
0.3683655611762646,0.8770608599434873,-0.07308496002912697,-0.002558842684093852,-1.87629826596,-20.84673533392857
0.3710324982702915,0.8834107101673607,-0.06372054855766947,-0.002563771086673835,-1.8799120689,-13.980182296161903
0.3736994353643184,0.8897605603912343,-0.05404656461704887,-0.002568189166073994,-1.88315167201,-6.886631994870477
0.37636637245834514,0.8961104106151075,-0.043883176992361925,-0.00257212828575929,-1.88604007288,0.5657786965012858
0.3790333095523719,0.9024602608389808,-0.03306977517454742,-0.0025756176982804878,-1.88859872125,8.494819120132856
0.3817002466463988,0.9088101110628543,-0.021489892149099542,-0.002578684677750949,-1.89084761615,16.985889937314283
0.38436718374042567,0.9151599612867278,-0.009096633467206421,-0.0025813546301484943,-1.89280538678,26.073376995028575
0.38703412083445254,0.9215098115106013,0.0040804849363064305,-0.002583651133410295,-1.89448932191,35.73563742414761
0.3897010579284793,0.9278596617344745,0.017662783494647897,-0.002585595860079739,-1.89591531316,45.69500045618636
0.3923679950225061,0.9342095119583479,0.03203491063164269,-0.0025872093262217176,-1.89709840415,56.23351358672273
0.39503493211653296,0.9405593621822214,0.04671968805184019,-0.002588512255903597,-1.89805379102,67.00128082024546
0.39770186921055983,0.9469092124060948,0.06146568318646027,-0.002589466930279211,-1.89875381603,77.81393658565455
0.4003688063045866,0.9532590626299682,0.07600297181622974,-0.0025900439665985007,-1.89917693397,88.47355611496363
0.40303574339861337,0.9596089128538414,0.09004372474183335,-0.0025902706412250487,-1.89934314552,98.76908562556818
0.40570268049264024,0.9659587630777149,0.1001140661447181,-0.0025901788170779685,-1.8992758145,106.15326919781818
0.4083696175866671,0.9723086133015885,0.10954397882650037,-0.002589793572011584,-1.89899332951,113.06785168581818
0.411036554680694,0.9786584635254619,0.12106444002201619,-0.002589079924897086,-1.89847004027,121.51535082227271
0.41370349177472077,0.9850083137493352,0.13106640970109157,-0.002588074212193347,-1.89773259087,128.84940011013634
0.41637042886874753,0.9913581639732084,0.13926773108954021,-0.0025868013745046947,-1.89679926927,134.8631051320909
0.4190373659627744,0.997708014197082,0.14547046668003577,-0.00258527549276144,-1.89568040046,139.41132613254547
0.4217043030568013,1.0040578644209555,0.14925814173059299,-0.0025835288502926313,-1.89439965653,142.18867863395457
0.42437124015082817,1.010407714644829,0.1500300736483146,-0.0025815894075434304,-1.89297753977,142.7547058179091
0.42703817724485493,1.0167575648687022,0.14947731170689615,-0.002579481177207827,-1.89143165774,142.34938732036363
0.4297051143388817,1.0231074150925754,0.14734383850436136,-0.0025772243074323516,-1.88977678428,140.78499569313635
0.4323720514329086,1.029457265316449,0.14411195840141394,-0.002574835720674985,-1.88802532796,138.41518567290908
0.43503898852693546,1.0358071155403226,0.13979333328604354,-0.002572329709605249,-1.88618776903,135.24850846150002
0.4377059256209622,1.0421569657641958,0.13483368233494594,-0.0025697201638571828,-1.88427429221,131.61179232527272
0.440372862714989,1.048506815988069,0.131198311092269,-0.00256701889063982,-1.88229355526,128.9461181901818
0.44303979980901587,1.0548566662119425,0.12541180870997662,-0.002564236028669211,-1.8802529925,124.70310456009092
0.44570673690304274,1.0612065164358162,0.11940546905678004,-0.002561380067370327,-1.87815882889,120.29889294281817
0.4483736739970696,1.0675563666596897,0.11325840327710644,-0.0025584578803576623,-1.87601610458,115.7914924156818
0.4510406110910964,1.073906216883563,0.10708453242834264,-0.0025554763182388794,-1.87382984285,111.26443679018183
0.45370754818512316,1.0802560671074362,0.10298902632909017,-0.002552440574311585,-1.87160385174,108.26136394009092
0.45637448527915003,1.0866059173313096,0.09693121703887822,-0.0025493549836381473,-1.86934130998,103.81941167104546
0.4590414223731769,1.092955767555183,0.09099213525043282,-0.0025462233177704235,-1.8670449831,99.46451758930908
0.4617083594672037,1.0993056177790563,0.08523543905426516,-0.002543048869412712,-1.86471728551,95.2433596581591
0.46437529656123044,1.1056554680029296,0.07964298881620327,-0.002539834334687331,-1.86236019417,91.14263680037271
0.4670422336552573,1.1120053182268033,0.07603191929958414,-0.0025365820741332715,-1.85997543997,88.49478216108182
0.4697091707492842,1.1183551684506767,0.07079839447325893,-0.00253329402541116,-1.85756444372,84.65724513016818
0.4723761078433111,1.1247050186745502,0.06575288732824766,-0.0025299719216294887,-1.85512847624,80.95757403826364
0.47504304493733784,1.1310548688984234,0.06094431750975142,-0.0025266171558811635,-1.85266855903,77.43163972886818
0.4777099820313646,1.1374047191222967,0.056324037517275743,-0.0025232310082978692,-1.85018563076,74.04377091144546
0.4803769191253915,1.1437545693461701,0.05336773735566257,-0.002519814510600257,-1.84768044795,71.87603277679091
0.48304385621941837,1.1501044195700438,0.04911467740599566,-0.0025163686312026897,-1.8451537207,68.75743191156818
0.48571079331344524,1.1564542697939173,0.04503833823995699,-0.0025128941129380347,-1.8426059937,65.76841341650908
0.488377730407472,1.1628041200177905,0.0411752728636437,-0.0025093916865152285,-1.84003780275,62.935780167140905
0.4910446675014988,1.1691539702416638,0.037476124405248265,-0.0025058618938699133,-1.83744954523,60.22334071896364
0.49371160459552565,1.1755038204655373,0.03511527113878851,-0.0025023052745920442,-1.8348416168,58.49222027237273
0.49637854168955253,1.181853670689411,0.03172533090310024,-0.0024987221976500848,-1.83221428801,56.00651100018183
0.4990454787835793,1.1882035209132842,0.028480651603265635,-0.0024951130782443617,-1.82956786331,53.627315834445454
0.5017124158776061,1.1945533711371574,0.02540874968467426,-0.00249147818188761,-1.82690253739,51.37481149766818
0.5043793529716329,1.200903221361031,0.022468426213008392,-0.0024878178257795145,-1.82421854284,49.21878843867273
0.5070462900656598,1.2072530715849044,0.020592491440689153,-0.002484132195543057,-1.82151601577,47.84323956955454
0.5097132271596867,1.2136029218087778,0.017898090940668427,-0.0024804215626642915,-1.81879515525,45.86754211170909
0.5123801642537135,1.219952772032651,0.01531844186630684,-0.002476686064338662,-1.81605606188,43.97598734161818
0.5150471013477402,1.2263026222565243,0.01367213351845503,-0.0024729259235974116,-1.8132988992,42.768814459318186
0.5177140384417671,1.232652472480398,0.011306715938456939,-0.002469141255706532,-1.81052375173,41.034347181899996
0.520380975535794,1.2390023227042715,0.009041228294595294,-0.0024653322935846126,-1.80773079026,39.373154579418184
0.5230479126298208,1.2453521729281447,0.006894124006809943,-0.00246149916436246,-1.80492010801,37.79876781580455
0.5257148497238475,1.251702023152018,0.004836310150534997,-0.002457642140044363,-1.80209190443,36.28985419864546
0.5283817868178744,1.2580518733758914,0.003521262033367659,-0.0024537614257552397,-1.79924632993,35.32558135872728
0.5310487239119013,1.2644017235997649,0.0016302945359614413,-0.002449857405492318,-1.79638366608,33.939009586095445
0.5337156610059282,1.2707515738236386,-0.00018284294829860922,-0.002445930394273249,-1.79350414387,32.60950748781818
0.5363825980999549,1.2771014240475118,-0.0019036147690598133,-0.002441980835160219,-1.79060808818,31.347733482140907
0.5390495351939817,1.283451274271385,-0.003553902296027619,-0.00243800893121885,-1.78769564791,30.13764282497273
0.5417164722880086,1.2898011244952585,-0.004608785309437652,-0.002434014776863065,-1.78476689229,29.364138779118182
0.5443834093820354,1.296150974719132,-0.0061267640016871095,-0.0024299982224870965,-1.78182171162,28.25106496425
0.5470503464760622,1.3025008249430052,-0.007582730345801075,-0.0024259594423400683,-1.77886023367,27.18346235478182
0.549717283570089,1.3088506751668785,-0.008964780226963865,-0.0024218990213437106,-1.77588288734,26.170059767895452
0.5523842206641159,1.3152005253907522,-0.010290624593640935,-0.002417817910387918,-1.77289036988,25.19787046466364
0.5550511577581427,1.3215503756146256,-0.011138670077364913,-0.002413716592657043,-1.76988303559,24.576032209245454
0.5577180948521696,1.327900225838499,-0.012359162816972337,-0.0024095945956177918,-1.76686053798,23.681093092754544
0.5603850319461964,1.3342500760623723,-0.01353034161800739,-0.002405450340336074,-1.76382171928,22.82231393951818
0.5630519690402231,1.3405999262862456,-0.014642916699807353,-0.0024012814556627553,-1.76076484082,22.00650657875
0.56571890613425,1.346949776510119,-0.01571078557526157,-0.002397085274360203,-1.75768794682,21.223480513200002
0.5683858432282769,1.3532996267339927,-0.016394002202900604,-0.002392858966151865,-1.75458896195,20.72250474720909
0.5710527803223037,1.359649476957866,-0.01737814152701281,-0.0023886003975803955,-1.75146632183,20.00087425434091
0.5737197174163304,1.3659993271817392,-0.018323085398262585,-0.0023843066427415628,-1.74831788101,19.307984238836365
0.5763866545103573,1.3723491774056127,-0.019221340775996076,-0.002379973963291354,-1.74514089831,18.649329051431817
0.5790535916043842,1.3786990276294862,-0.02008410638554535,-0.0023755988405348436,-1.74193279361,18.01669710919091
0.5817205286984111,1.3850488778533598,-0.020636647354682517,-0.0023711808551940268,-1.73869325947,17.611540641890908
0.5843874657924378,1.391398728077233,-0.021432955850156442,-0.002366720422960189,-1.7354226007,17.02763907634545
0.5870544028864646,1.3977485783011063,-0.022198189866245593,-0.002362219069784885,-1.73212193622,16.46652319909091
0.5897213399804915,1.4040984285249798,-0.022926509162445118,-0.0023576784935231063,-1.728792511,15.932475427800002
0.5923882770745184,1.4104482787488533,-0.023626707629540798,-0.0023531003719551233,-1.72543555529,15.419047549718185
0.5950552141685452,1.4167981289727267,-0.02407549485652841,-0.0023484864049679475,-1.72205231555,15.089969603263636
0.597722151262572,1.4231479791966,-0.024723102467676897,-0.002343838662330781,-1.71864430946,14.61510452250909
0.6003890883565988,1.4294978294204732,-0.02534613109712776,-0.0023391595488779227,-1.71521330039,14.158262238163637
0.6030560254506256,1.435847679644347,-0.02593995106933657,-0.002334451590751172,-1.71176114066,13.72283750843182
0.6057229625446525,1.4421975298682204,-0.026511596897605093,-0.0023297170263228413,-1.70828947158,13.303672202572727
0.6083898996386793,1.4485473800920936,-0.02687854324264395,-0.002324957736507012,-1.70479967235,13.034604942136362
0.611056836732706,1.4548972303159668,-0.027408787942006962,-0.0023201753756952677,-1.70129295607,12.64579744875909
0.6137237738267329,1.4612470805398403,-0.027919746837732407,-0.0023153716600853307,-1.69777058116,12.271131473400002
0.6163907109207598,1.4675969307637138,-0.028407848581178292,-0.0023105485344021666,-1.69423397361,11.913225744950001
0.6190576480147867,1.4739467809875875,-0.02887864167345711,-0.002305708076270302,-1.69068465686,11.568011766709091
0.6217245851088135,1.4802966312114607,-0.0291815185253213,-0.0023008521823962968,-1.68712402169,11.345924134872728
0.6243915222028402,1.486646481435334,-0.02962025930349942,-0.00229598234822413,-1.68355316465,11.024212852495454
0.6270584592968671,1.4929963316592074,-0.030044232147833354,-0.0022910997335326257,-1.67997293616,10.713330312672728
0.629725396390894,1.4993461818830809,-0.0304509148927973,-0.0022862053180827276,-1.67638405464,10.415125919759092
0.6323923334849207,1.5056960321069541,-0.030844623442679516,-0.002281300140523047,-1.67278728169,10.126434991618183
0.6350592705789475,1.5120458823308274,-0.031098919197795942,-0.0022763854046276865,-1.66918349999,9.939969959073634
0.6377262076729744,1.518395732554701,-0.03146921237889969,-0.0022714625624044933,-1.66557377424,9.66844859595091
0.6403931447670013,1.5247455827785745,-0.031829114526979146,-0.002266533072611984,-1.66195917409,9.404546566899091
0.6430600818610281,1.531095433002448,-0.03217695044409803,-0.0022615981925659433,-1.65834062148,9.149492228394545
0.6457270189550549,1.5374452832263212,-0.03251570835072937,-0.002256658831520312,-1.65471878313,8.90109443639909
0.6483939560490817,1.5437951334501945,-0.03273570814252605,-0.002251715716692771,-1.65109419228,8.739777279066363
0.6510608931431086,1.550144983674068,-0.033057165913247,-0.002246769476563922,-1.64746730977,8.504064993378636
0.6537278302371354,1.5564948338979416,-0.03337026799651816,-0.0022418208151127736,-1.6438386518,8.274479603248183
0.6563947673311623,1.562844684121815,-0.03367338166747945,-0.002236870473822059,-1.64020876207,8.052218321322274
0.6590617044251892,1.5691945343456886,-0.03396854183453964,-0.00223191939882211,-1.63657833434,7.835789029643636
0.6617286415192161,1.575544384569562,-0.034160139315460934,-0.0022269686658015803,-1.63294815737,7.695298164984544
0.6643955786132427,1.581894234793435,-0.03444004303034993,-0.0022220194726839913,-1.62931910955,7.490055827053182
0.6670625157072694,1.588244085017308,-0.03471259492743091,-0.0022170728161956085,-1.62569192174,7.290204286723636
0.6697294528012963,1.5945939352411815,-0.034976184596473864,-0.002212129488565114,-1.62206717485,7.096924394206365
0.6723963898953231,1.6009437854650552,-0.03523285334732149,-0.0022071900158265718,-1.6184452546,6.908719337625455
0.67506332698935,1.6072936356889287,-0.035399510568482694,-0.002202254920140932,-1.61482654387,6.786516180308182
0.6777302640833769,1.6136434859128022,-0.03564302872990071,-0.002197324659885538,-1.61121137877,6.607953931507726
0.6803972011774038,1.6199933361366756,-0.03588023546135377,-0.0021923998148543388,-1.60760018444,6.434019604999091
0.6830641382714306,1.6263431863605493,-0.03603427923108065,-0.0021874808716138396,-1.60399331766,6.321065393387273
0.6857310753654575,1.6326930365844228,-0.036259455030282856,-0.00218256843301937,-1.60039122048,6.155952874276363
0.6883980124594842,1.6390428868082958,-0.03647897847273922,-0.00217766299021971,-1.59679425304,5.994985005099091
0.6910649495535108,1.6453927370321688,-0.036691719999342905,-0.002172765201930282,-1.59320289835,5.838990046930909
0.6937318866475377,1.6517425872560423,-0.03689921844987868,-0.0021678756035133488,-1.58961754897,5.686839629341818
0.6963988237415646,1.6580924374799157,-0.0370341410435681,-0.002162994865753712,-1.58603869676,5.587906220831818
0.6990657608355915,1.6644422877037892,-0.03723164098741542,-0.002158123499820323,-1.58246671654,5.443087313256363
0.7017326979296183,1.6707921379276627,-0.037424455115816144,-0.0021532619810422076,-1.57890195685,5.301704329058182
0.7043996350236452,1.6771419881515364,-0.03761168216718527,-0.0021484105132623397,-1.57534456716,5.164418127757728
0.7070665721176721,1.6834918383754098,-0.037794623461604955,-0.0021435692835083844,-1.57179468461,5.030274502740909
0.709733509211699,1.6898416885992833,-0.03791383367443952,-0.002138738317282875,-1.5682523279,4.942862362472727
0.7124004463057256,1.6961915388231563,-0.038088633329461045,-0.0021339177453715288,-1.56471759293,4.814688680031818
0.7150673833997523,1.7025413890470293,-0.03825956760774773,-0.002129107579380043,-1.56119048821,4.689349325668182
0.7177343204937792,1.7088912392709028,-0.038425927715637576,-0.0021243079615498174,-1.55767111804,4.567364029776818
0.720401257587806,1.7152410894947763,-0.0385888387447559,-0.002119518848062864,-1.55415945029,4.44790780711
0.7230681946818329,1.72159093971865,-0.03869522418687492,-0.0021147403361970263,-1.55065555629,4.36989956462909
0.7257351317758598,1.7279407899425234,-0.03885169853219657,-0.002109972295084761,-1.54715934008,4.255163107941365
0.7284020688698867,1.734290640166397,-0.039005167743335165,-0.0021052147639754218,-1.54367083044,4.142630197447272
0.7310690059639136,1.7406404903902704,-0.03915505119760737,-0.0021004675493634254,-1.54018988548,4.032726580825909
0.7337359430579404,1.746990340614144,-0.03930224793210846,-0.0020957306455891183,-1.53671650105,3.9247930296872724
0.7364028801519671,1.7533401908380168,-0.039398734451227824,-0.0020910038323624413,-1.53325051562,3.8540432764345454
0.7390698172459937,1.7596900410618899,-0.03954102778977965,-0.0020862870280480127,-1.52979186933,3.7497051918613633
0.7417367543400206,1.7660398912857636,-0.03968111368031986,-0.002081579997913429,-1.52634039006,3.6469857417209086
0.7444036914340475,1.772389741509637,-0.03981874123589526,-0.002076882585138569,-1.52289596282,3.546068891505909
0.7470706285280744,1.7787395917335105,-0.039954573456454236,-0.002072194555250146,-1.51945841568,3.446468489542727
0.7497375656221013,1.785089441957384,-0.040043976288098276,-0.002067515722597903,-1.51602761251,3.3809129245099996
0.7524045027161281,1.7914392921812574,-0.04017671494654975,-0.002062845829851737,-1.51260336462,3.283580909444545
0.755071439810155,1.797789142405131,-0.04030816155037422,-0.002058184694989025,-1.50918553854,3.187196307000909
0.7577383769041819,1.8041389926290046,-0.040438175980770444,-0.0020535320456645354,-1.50577393457,3.0918618607613637
0.7604053139982085,1.8104888428528776,-0.04056727186918626,-0.0020488877288221577,-1.50236844048,2.997200945073636
0.7630722510922352,1.8168386930767506,-0.0406529212416634,-0.0020442515038652702,-1.49896887985,2.934397643386363
0.7657391881862621,1.823188543300624,-0.04078070973138344,-0.0020396232232064867,-1.49557514446,2.84069539152
0.768406125280289,1.8295383935244975,-0.04090810085147836,-0.0020350026976633812,-1.49218709559,2.7472845151036362
0.7710730623743158,1.835888243748371,-0.041035310083487625,-0.0020303897764982564,-1.48880462271,2.654007010035909
0.7737399994683427,1.8422380939722447,-0.04116249154147313,-0.002025784342740404,-1.48542764005,2.5607498705627276
0.7764069365623696,1.8485879441961182,-0.04124726171637624,-0.0020211862854878993,-1.48205606629,2.498591249728182
0.7790738736563965,1.8549377944199916,-0.04137482724161467,-0.0020165955643730977,-1.47868987183,2.4050524889090905
0.7817408107504233,1.861287644643865,-0.041502781115424,-0.002012012119294575,-1.4753290126,2.311228967422727
0.78440774784445,1.8676374948677381,-0.041631310968060393,-0.002007435998188911,-1.47197352375,2.2169831034136367
0.7870746849384767,1.8739873450916111,-0.041760470696131737,-0.002002867197851241,-1.46862340293,2.1222753766281817
0.7897416220325035,1.8803371953154846,-0.041847138421726715,-0.0019983058675463903,-1.46527875959,2.0587253568245454
0.7924085591265304,1.8866870455393583,-0.04197777185214593,-0.0019937520545836025,-1.46193962842,1.9629370223186362
0.7950754962205573,1.8930368957632318,-0.04210920959785406,-0.0019892060517919617,-1.45860622414,1.8665589151818183
0.7977424333145842,1.8993867459871052,-0.04224171401719133,-0.0019846680085044807,-1.45527865625,1.7693986584063637
0.800409370408611,1.9057365962109787,-0.04237498757068165,-0.0019801383401260534,-1.45195722935,1.6716744259372727
0.8030763075026379,1.9120864464348524,-0.04246425263960947,-0.001975617437936449,-1.44864223035,1.606219876862727
0.8057432445966648,1.9184362966587258,-0.04259885774426129,-0.001971105900876973,-1.44533409843,1.507519270523182
0.8084101816906917,1.9247861468825993,-0.042733933759366544,-0.0019666045418101747,-1.44203342963,1.4084733641490907
0.8110771187847183,1.9311359971064723,-0.04286933402613023,-0.001962114591117345,-1.43874112614,1.3091896968418182
0.813744055878745,1.9374858473303453,-0.043004774951771754,-0.001957637730547329,-1.43545842112,1.2098762159854546
0.8164109929727719,1.9438356975542188,-0.043094947833270954,-0.0019531765375470243,-1.43218720451,1.1437560038109091
0.8190779300667987,1.9501855477780923,-0.043229638311965524,-0.0019487374645981881,-1.42893220766,1.044992796058091
0.8217448671608256,1.9565353980019657,-0.04336354602217666,-0.001944320898780174,-1.4256937144,0.9468035615148181
0.8244118042548525,1.9628852482258394,-0.043496198136991925,-0.0019399674490852838,-1.4225015017,0.8495350054793179
0.8270787413488794,1.969235098449713,-0.043628027694873776,-0.0019356328592907974,-1.41932311822,0.7528695979520909
0.8297456784429063,1.9755849486735864,-0.04371494557380382,-0.0019315863789335437,-1.41635599401,0.689136150588909
0.8324126155369331,1.9819347988974598,-0.04384671269402353,-0.0019274166384525004,-1.41329848802,0.5925165261330455
0.8350795526309598,1.9882846491213328,-0.04400566144142658,-0.0019248816459361984,-1.41143967814,0.47596568813790907
0.8377464897249864,1.9946344993452059,-0.044329155290315767,-0.0019198077496878664,-1.40771919044,0.23876042675450454
