station,x_over_c,index,x_m,y_m
xm214,-2.14,0,-0.8988,0.0
xm214,-2.14,1,-0.8988,0.0036736842105263155
xm214,-2.14,2,-0.8988,0.007347368421052631
xm214,-2.14,3,-0.8988,0.011021052631578947
xm214,-2.14,4,-0.8988,0.014694736842105262
xm214,-2.14,5,-0.8988,0.01836842105263158
xm214,-2.14,6,-0.8988,0.022042105263157894
xm214,-2.14,7,-0.8988,0.02571578947368421
xm214,-2.14,8,-0.8988,0.029389473684210524
xm214,-2.14,9,-0.8988,0.03306315789473684
xm214,-2.14,10,-0.8988,0.03673684210526316
xm214,-2.14,11,-0.8988,0.04041052631578947
xm214,-2.14,12,-0.8988,0.04408421052631579
xm214,-2.14,13,-0.8988,0.0477578947368421
xm214,-2.14,14,-0.8988,0.05143157894736842
xm214,-2.14,15,-0.8988,0.055105263157894734
xm214,-2.14,16,-0.8988,0.05877894736842105
xm214,-2.14,17,-0.8988,0.062452631578947364
xm214,-2.14,18,-0.8988,0.06612631578947369
xm214,-2.14,19,-0.8988,0.0698
xm214,-2.14,20,-0.8988,0.07347368421052632
xm214,-2.14,21,-0.8988,0.07714736842105263
xm214,-2.14,22,-0.8988,0.08082105263157895
xm214,-2.14,23,-0.8988,0.08449473684210526
xm214,-2.14,24,-0.8988,0.08816842105263158
xm214,-2.14,25,-0.8988,0.09184210526315789
xm214,-2.14,26,-0.8988,0.0955157894736842
xm214,-2.14,27,-0.8988,0.09918947368421052
xm214,-2.14,28,-0.8988,0.10286315789473684
xm214,-2.14,29,-0.8988,0.10653684210526315
xm214,-2.14,30,-0.8988,0.11021052631578947
xm214,-2.14,31,-0.8988,0.11388421052631578
xm214,-2.14,32,-0.8988,0.1175578947368421
xm214,-2.14,33,-0.8988,0.12123157894736841
xm214,-2.14,34,-0.8988,0.12490526315789473
xm214,-2.14,35,-0.8988,0.12857894736842104
xm214,-2.14,36,-0.8988,0.13225263157894737
xm214,-2.14,37,-0.8988,0.13592631578947367
xm214,-2.14,38,-0.8988,0.1396
xm214,-2.14,39,-0.8988,0.1432736842105263
xm214,-2.14,40,-0.8988,0.14694736842105263
xm214,-2.14,41,-0.8988,0.15062105263157893
xm214,-2.14,42,-0.8988,0.15429473684210526
xm214,-2.14,43,-0.8988,0.15796842105263156
xm214,-2.14,44,-0.8988,0.1616421052631579
xm214,-2.14,45,-0.8988,0.1653157894736842
xm214,-2.14,46,-0.8988,0.16898947368421052
xm214,-2.14,47,-0.8988,0.17266315789473682
xm214,-2.14,48,-0.8988,0.17633684210526315
xm214,-2.14,49,-0.8988,0.18001052631578945
xm214,-2.14,50,-0.8988,0.18368421052631578
xm214,-2.14,51,-0.8988,0.18735789473684208
xm214,-2.14,52,-0.8988,0.1910315789473684
xm214,-2.14,53,-0.8988,0.19470526315789471
xm214,-2.14,54,-0.8988,0.19837894736842104
xm214,-2.14,55,-0.8988,0.20205263157894734
xm214,-2.14,56,-0.8988,0.20572631578947367
xm214,-2.14,57,-0.8988,0.20939999999999998
xm214,-2.14,58,-0.8988,0.2130736842105263
xm214,-2.14,59,-0.8988,0.2167473684210526
xm214,-2.14,60,-0.8988,0.22042105263157893
xm214,-2.14,61,-0.8988,0.22409473684210524
xm214,-2.14,62,-0.8988,0.22776842105263156
xm214,-2.14,63,-0.8988,0.23144210526315787
xm214,-2.14,64,-0.8988,0.2351157894736842
xm214,-2.14,65,-0.8988,0.23878947368421052
xm214,-2.14,66,-0.8988,0.24246315789473682
xm214,-2.14,67,-0.8988,0.24613684210526315
xm214,-2.14,68,-0.8988,0.24981052631578946
xm214,-2.14,69,-0.8988,0.25348421052631576
xm214,-2.14,70,-0.8988,0.2571578947368421
xm214,-2.14,71,-0.8988,0.2608315789473684
xm214,-2.14,72,-0.8988,0.26450526315789474
xm214,-2.14,73,-0.8988,0.268178947368421
xm214,-2.14,74,-0.8988,0.27185263157894735
xm214,-2.14,75,-0.8988,0.2755263157894737
xm214,-2.14,76,-0.8988,0.2792
xm214,-2.14,77,-0.8988,0.2828736842105263
xm214,-2.14,78,-0.8988,0.2865473684210526
xm214,-2.14,79,-0.8988,0.29022105263157894
xm214,-2.14,80,-0.8988,0.29389473684210526
xm214,-2.14,81,-0.8988,0.29756842105263154
xm214,-2.14,82,-0.8988,0.30124210526315787
xm214,-2.14,83,-0.8988,0.3049157894736842
xm214,-2.14,84,-0.8988,0.3085894736842105
xm214,-2.14,85,-0.8988,0.3122631578947368
xm214,-2.14,86,-0.8988,0.3159368421052631
xm214,-2.14,87,-0.8988,0.31961052631578946
xm214,-2.14,88,-0.8988,0.3232842105263158
xm214,-2.14,89,-0.8988,0.32695789473684206
xm214,-2.14,90,-0.8988,0.3306315789473684
xm214,-2.14,91,-0.8988,0.3343052631578947
xm214,-2.14,92,-0.8988,0.33797894736842105
xm214,-2.14,93,-0.8988,0.3416526315789473
xm214,-2.14,94,-0.8988,0.34532631578947365
xm214,-2.14,95,-0.8988,0.349
x065,0.65,0,0.273,0.0
x065,0.65,1,0.273,0.0036736842105263155
x065,0.65,2,0.273,0.007347368421052631
x065,0.65,3,0.273,0.011021052631578947
x065,0.65,4,0.273,0.014694736842105262
x065,0.65,5,0.273,0.01836842105263158
x065,0.65,6,0.273,0.022042105263157894
x065,0.65,7,0.273,0.02571578947368421
x065,0.65,8,0.273,0.029389473684210524
x065,0.65,9,0.273,0.03306315789473684
x065,0.65,10,0.273,0.03673684210526316
x065,0.65,11,0.273,0.04041052631578947
x065,0.65,12,0.273,0.04408421052631579
x065,0.65,13,0.273,0.0477578947368421
x065,0.65,14,0.273,0.05143157894736842
x065,0.65,15,0.273,0.055105263157894734
x065,0.65,16,0.273,0.05877894736842105
x065,0.65,17,0.273,0.062452631578947364
x065,0.65,18,0.273,0.06612631578947369
x065,0.65,19,0.273,0.0698
x065,0.65,20,0.273,0.07347368421052632
x065,0.65,21,0.273,0.07714736842105263
x065,0.65,22,0.273,0.08082105263157895
x065,0.65,23,0.273,0.08449473684210526
x065,0.65,24,0.273,0.08816842105263158
x065,0.65,25,0.273,0.09184210526315789
x065,0.65,26,0.273,0.0955157894736842
x065,0.65,27,0.273,0.09918947368421052
x065,0.65,28,0.273,0.10286315789473684
x065,0.65,29,0.273,0.10653684210526315
x065,0.65,30,0.273,0.11021052631578947
x065,0.65,31,0.273,0.11388421052631578
x065,0.65,32,0.273,0.1175578947368421
x065,0.65,33,0.273,0.12123157894736841
x065,0.65,34,0.273,0.12490526315789473
x065,0.65,35,0.273,0.12857894736842104
x065,0.65,36,0.273,0.13225263157894737
x065,0.65,37,0.273,0.13592631578947367
x065,0.65,38,0.273,0.1396
x065,0.65,39,0.273,0.1432736842105263
x065,0.65,40,0.273,0.14694736842105263
x065,0.65,41,0.273,0.15062105263157893
x065,0.65,42,0.273,0.15429473684210526
x065,0.65,43,0.273,0.15796842105263156
x065,0.65,44,0.273,0.1616421052631579
x065,0.65,45,0.273,0.1653157894736842
x065,0.65,46,0.273,0.16898947368421052
x065,0.65,47,0.273,0.17266315789473682
x065,0.65,48,0.273,0.17633684210526315
x065,0.65,49,0.273,0.18001052631578945
x065,0.65,50,0.273,0.18368421052631578
x065,0.65,51,0.273,0.18735789473684208
x065,0.65,52,0.273,0.1910315789473684
x065,0.65,53,0.273,0.19470526315789471
x065,0.65,54,0.273,0.19837894736842104
x065,0.65,55,0.273,0.20205263157894734
x065,0.65,56,0.273,0.20572631578947367
x065,0.65,57,0.273,0.20939999999999998
x065,0.65,58,0.273,0.2130736842105263
x065,0.65,59,0.273,0.2167473684210526
x065,0.65,60,0.273,0.22042105263157893
x065,0.65,61,0.273,0.22409473684210524
x065,0.65,62,0.273,0.22776842105263156
x065,0.65,63,0.273,0.23144210526315787
x065,0.65,64,0.273,0.2351157894736842
x065,0.65,65,0.273,0.23878947368421052
x065,0.65,66,0.273,0.24246315789473682
x065,0.65,67,0.273,0.24613684210526315
x065,0.65,68,0.273,0.24981052631578946
x065,0.65,69,0.273,0.25348421052631576
x065,0.65,70,0.273,0.2571578947368421
x065,0.65,71,0.273,0.2608315789473684
x065,0.65,72,0.273,0.26450526315789474
x065,0.65,73,0.273,0.268178947368421
x065,0.65,74,0.273,0.27185263157894735
x065,0.65,75,0.273,0.2755263157894737
x065,0.65,76,0.273,0.2792
x065,0.65,77,0.273,0.2828736842105263
x065,0.65,78,0.273,0.2865473684210526
x065,0.65,79,0.273,0.29022105263157894
x065,0.65,80,0.273,0.29389473684210526
x065,0.65,81,0.273,0.29756842105263154
x065,0.65,82,0.273,0.30124210526315787
x065,0.65,83,0.273,0.3049157894736842
x065,0.65,84,0.273,0.3085894736842105
x065,0.65,85,0.273,0.3122631578947368
x065,0.65,86,0.273,0.3159368421052631
x065,0.65,87,0.273,0.31961052631578946
x065,0.65,88,0.273,0.3232842105263158
x065,0.65,89,0.273,0.32695789473684206
x065,0.65,90,0.273,0.3306315789473684
x065,0.65,91,0.273,0.3343052631578947
x065,0.65,92,0.273,0.33797894736842105
x065,0.65,93,0.273,0.3416526315789473
x065,0.65,94,0.273,0.34532631578947365
x065,0.65,95,0.273,0.349
x080,0.8,0,0.336,0.0
x080,0.8,1,0.336,0.0036736842105263155
x080,0.8,2,0.336,0.007347368421052631
x080,0.8,3,0.336,0.011021052631578947
x080,0.8,4,0.336,0.014694736842105262
x080,0.8,5,0.336,0.01836842105263158
x080,0.8,6,0.336,0.022042105263157894
x080,0.8,7,0.336,0.02571578947368421
x080,0.8,8,0.336,0.029389473684210524
x080,0.8,9,0.336,0.03306315789473684
x080,0.8,10,0.336,0.03673684210526316
x080,0.8,11,0.336,0.04041052631578947
x080,0.8,12,0.336,0.04408421052631579
x080,0.8,13,0.336,0.0477578947368421
x080,0.8,14,0.336,0.05143157894736842
x080,0.8,15,0.336,0.055105263157894734
x080,0.8,16,0.336,0.05877894736842105
x080,0.8,17,0.336,0.062452631578947364
x080,0.8,18,0.336,0.06612631578947369
x080,0.8,19,0.336,0.0698
x080,0.8,20,0.336,0.07347368421052632
x080,0.8,21,0.336,0.07714736842105263
x080,0.8,22,0.336,0.08082105263157895
x080,0.8,23,0.336,0.08449473684210526
x080,0.8,24,0.336,0.08816842105263158
x080,0.8,25,0.336,0.09184210526315789
x080,0.8,26,0.336,0.0955157894736842
x080,0.8,27,0.336,0.09918947368421052
x080,0.8,28,0.336,0.10286315789473684
x080,0.8,29,0.336,0.10653684210526315
x080,0.8,30,0.336,0.11021052631578947
x080,0.8,31,0.336,0.11388421052631578
x080,0.8,32,0.336,0.1175578947368421
x080,0.8,33,0.336,0.12123157894736841
x080,0.8,34,0.336,0.12490526315789473
x080,0.8,35,0.336,0.12857894736842104
x080,0.8,36,0.336,0.13225263157894737
x080,0.8,37,0.336,0.13592631578947367
x080,0.8,38,0.336,0.1396
x080,0.8,39,0.336,0.1432736842105263
x080,0.8,40,0.336,0.14694736842105263
x080,0.8,41,0.336,0.15062105263157893
x080,0.8,42,0.336,0.15429473684210526
x080,0.8,43,0.336,0.15796842105263156
x080,0.8,44,0.336,0.1616421052631579
x080,0.8,45,0.336,0.1653157894736842
x080,0.8,46,0.336,0.16898947368421052
x080,0.8,47,0.336,0.17266315789473682
x080,0.8,48,0.336,0.17633684210526315
x080,0.8,49,0.336,0.18001052631578945
x080,0.8,50,0.336,0.18368421052631578
x080,0.8,51,0.336,0.18735789473684208
x080,0.8,52,0.336,0.1910315789473684
x080,0.8,53,0.336,0.19470526315789471
x080,0.8,54,0.336,0.19837894736842104
x080,0.8,55,0.336,0.20205263157894734
x080,0.8,56,0.336,0.20572631578947367
x080,0.8,57,0.336,0.20939999999999998
x080,0.8,58,0.336,0.2130736842105263
x080,0.8,59,0.336,0.2167473684210526
x080,0.8,60,0.336,0.22042105263157893
x080,0.8,61,0.336,0.22409473684210524
x080,0.8,62,0.336,0.22776842105263156
x080,0.8,63,0.336,0.23144210526315787
x080,0.8,64,0.336,0.2351157894736842
x080,0.8,65,0.336,0.23878947368421052
x080,0.8,66,0.336,0.24246315789473682
x080,0.8,67,0.336,0.24613684210526315
x080,0.8,68,0.336,0.24981052631578946
x080,0.8,69,0.336,0.25348421052631576
x080,0.8,70,0.336,0.2571578947368421
x080,0.8,71,0.336,0.2608315789473684
x080,0.8,72,0.336,0.26450526315789474
x080,0.8,73,0.336,0.268178947368421
x080,0.8,74,0.336,0.27185263157894735
x080,0.8,75,0.336,0.2755263157894737
x080,0.8,76,0.336,0.2792
x080,0.8,77,0.336,0.2828736842105263
x080,0.8,78,0.336,0.2865473684210526
x080,0.8,79,0.336,0.29022105263157894
x080,0.8,80,0.336,0.29389473684210526
x080,0.8,81,0.336,0.29756842105263154
x080,0.8,82,0.336,0.30124210526315787
x080,0.8,83,0.336,0.3049157894736842
x080,0.8,84,0.336,0.3085894736842105
x080,0.8,85,0.336,0.3122631578947368
x080,0.8,86,0.336,0.3159368421052631
x080,0.8,87,0.336,0.31961052631578946
x080,0.8,88,0.336,0.3232842105263158
x080,0.8,89,0.336,0.32695789473684206
x080,0.8,90,0.336,0.3306315789473684
x080,0.8,91,0.336,0.3343052631578947
x080,0.8,92,0.336,0.33797894736842105
x080,0.8,93,0.336,0.3416526315789473
x080,0.8,94,0.336,0.34532631578947365
x080,0.8,95,0.336,0.349
x090,0.9,0,0.378,0.0
x090,0.9,1,0.378,0.0036736842105263155
x090,0.9,2,0.378,0.007347368421052631
x090,0.9,3,0.378,0.011021052631578947
x090,0.9,4,0.378,0.014694736842105262
x090,0.9,5,0.378,0.01836842105263158
x090,0.9,6,0.378,0.022042105263157894
x090,0.9,7,0.378,0.02571578947368421
x090,0.9,8,0.378,0.029389473684210524
x090,0.9,9,0.378,0.03306315789473684
x090,0.9,10,0.378,0.03673684210526316
x090,0.9,11,0.378,0.04041052631578947
x090,0.9,12,0.378,0.04408421052631579
x090,0.9,13,0.378,0.0477578947368421
x090,0.9,14,0.378,0.05143157894736842
x090,0.9,15,0.378,0.055105263157894734
x090,0.9,16,0.378,0.05877894736842105
x090,0.9,17,0.378,0.062452631578947364
x090,0.9,18,0.378,0.06612631578947369
x090,0.9,19,0.378,0.0698
x090,0.9,20,0.378,0.07347368421052632
x090,0.9,21,0.378,0.07714736842105263
x090,0.9,22,0.378,0.08082105263157895
x090,0.9,23,0.378,0.08449473684210526
x090,0.9,24,0.378,0.08816842105263158
x090,0.9,25,0.378,0.09184210526315789
x090,0.9,26,0.378,0.0955157894736842
x090,0.9,27,0.378,0.09918947368421052
x090,0.9,28,0.378,0.10286315789473684
x090,0.9,29,0.378,0.10653684210526315
x090,0.9,30,0.378,0.11021052631578947
x090,0.9,31,0.378,0.11388421052631578
x090,0.9,32,0.378,0.1175578947368421
x090,0.9,33,0.378,0.12123157894736841
x090,0.9,34,0.378,0.12490526315789473
x090,0.9,35,0.378,0.12857894736842104
x090,0.9,36,0.378,0.13225263157894737
x090,0.9,37,0.378,0.13592631578947367
x090,0.9,38,0.378,0.1396
x090,0.9,39,0.378,0.1432736842105263
x090,0.9,40,0.378,0.14694736842105263
x090,0.9,41,0.378,0.15062105263157893
x090,0.9,42,0.378,0.15429473684210526
x090,0.9,43,0.378,0.15796842105263156
x090,0.9,44,0.378,0.1616421052631579
x090,0.9,45,0.378,0.1653157894736842
x090,0.9,46,0.378,0.16898947368421052
x090,0.9,47,0.378,0.17266315789473682
x090,0.9,48,0.378,0.17633684210526315
x090,0.9,49,0.378,0.18001052631578945
x090,0.9,50,0.378,0.18368421052631578
x090,0.9,51,0.378,0.18735789473684208
x090,0.9,52,0.378,0.1910315789473684
x090,0.9,53,0.378,0.19470526315789471
x090,0.9,54,0.378,0.19837894736842104
x090,0.9,55,0.378,0.20205263157894734
x090,0.9,56,0.378,0.20572631578947367
x090,0.9,57,0.378,0.20939999999999998
x090,0.9,58,0.378,0.2130736842105263
x090,0.9,59,0.378,0.2167473684210526
x090,0.9,60,0.378,0.22042105263157893
x090,0.9,61,0.378,0.22409473684210524
x090,0.9,62,0.378,0.22776842105263156
x090,0.9,63,0.378,0.23144210526315787
x090,0.9,64,0.378,0.2351157894736842
x090,0.9,65,0.378,0.23878947368421052
x090,0.9,66,0.378,0.24246315789473682
x090,0.9,67,0.378,0.24613684210526315
x090,0.9,68,0.378,0.24981052631578946
x090,0.9,69,0.378,0.25348421052631576
x090,0.9,70,0.378,0.2571578947368421
x090,0.9,71,0.378,0.2608315789473684
x090,0.9,72,0.378,0.26450526315789474
x090,0.9,73,0.378,0.268178947368421
x090,0.9,74,0.378,0.27185263157894735
x090,0.9,75,0.378,0.2755263157894737
x090,0.9,76,0.378,0.2792
x090,0.9,77,0.378,0.2828736842105263
x090,0.9,78,0.378,0.2865473684210526
x090,0.9,79,0.378,0.29022105263157894
x090,0.9,80,0.378,0.29389473684210526
x090,0.9,81,0.378,0.29756842105263154
x090,0.9,82,0.378,0.30124210526315787
x090,0.9,83,0.378,0.3049157894736842
x090,0.9,84,0.378,0.3085894736842105
x090,0.9,85,0.378,0.3122631578947368
x090,0.9,86,0.378,0.3159368421052631
x090,0.9,87,0.378,0.31961052631578946
x090,0.9,88,0.378,0.3232842105263158
x090,0.9,89,0.378,0.32695789473684206
x090,0.9,90,0.378,0.3306315789473684
x090,0.9,91,0.378,0.3343052631578947
x090,0.9,92,0.378,0.33797894736842105
x090,0.9,93,0.378,0.3416526315789473
x090,0.9,94,0.378,0.34532631578947365
x090,0.9,95,0.378,0.349
x100,1.0,0,0.42,0.0
x100,1.0,1,0.42,0.0036736842105263155
x100,1.0,2,0.42,0.007347368421052631
x100,1.0,3,0.42,0.011021052631578947
x100,1.0,4,0.42,0.014694736842105262
x100,1.0,5,0.42,0.01836842105263158
x100,1.0,6,0.42,0.022042105263157894
x100,1.0,7,0.42,0.02571578947368421
x100,1.0,8,0.42,0.029389473684210524
x100,1.0,9,0.42,0.03306315789473684
x100,1.0,10,0.42,0.03673684210526316
x100,1.0,11,0.42,0.04041052631578947
x100,1.0,12,0.42,0.04408421052631579
x100,1.0,13,0.42,0.0477578947368421
x100,1.0,14,0.42,0.05143157894736842
x100,1.0,15,0.42,0.055105263157894734
x100,1.0,16,0.42,0.05877894736842105
x100,1.0,17,0.42,0.062452631578947364
x100,1.0,18,0.42,0.06612631578947369
x100,1.0,19,0.42,0.0698
x100,1.0,20,0.42,0.07347368421052632
x100,1.0,21,0.42,0.07714736842105263
x100,1.0,22,0.42,0.08082105263157895
x100,1.0,23,0.42,0.08449473684210526
x100,1.0,24,0.42,0.08816842105263158
x100,1.0,25,0.42,0.09184210526315789
x100,1.0,26,0.42,0.0955157894736842
x100,1.0,27,0.42,0.09918947368421052
x100,1.0,28,0.42,0.10286315789473684
x100,1.0,29,0.42,0.10653684210526315
x100,1.0,30,0.42,0.11021052631578947
x100,1.0,31,0.42,0.11388421052631578
x100,1.0,32,0.42,0.1175578947368421
x100,1.0,33,0.42,0.12123157894736841
x100,1.0,34,0.42,0.12490526315789473
x100,1.0,35,0.42,0.12857894736842104
x100,1.0,36,0.42,0.13225263157894737
x100,1.0,37,0.42,0.13592631578947367
x100,1.0,38,0.42,0.1396
x100,1.0,39,0.42,0.1432736842105263
x100,1.0,40,0.42,0.14694736842105263
x100,1.0,41,0.42,0.15062105263157893
x100,1.0,42,0.42,0.15429473684210526
x100,1.0,43,0.42,0.15796842105263156
x100,1.0,44,0.42,0.1616421052631579
x100,1.0,45,0.42,0.1653157894736842
x100,1.0,46,0.42,0.16898947368421052
x100,1.0,47,0.42,0.17266315789473682
x100,1.0,48,0.42,0.17633684210526315
x100,1.0,49,0.42,0.18001052631578945
x100,1.0,50,0.42,0.18368421052631578
x100,1.0,51,0.42,0.18735789473684208
x100,1.0,52,0.42,0.1910315789473684
x100,1.0,53,0.42,0.19470526315789471
x100,1.0,54,0.42,0.19837894736842104
x100,1.0,55,0.42,0.20205263157894734
x100,1.0,56,0.42,0.20572631578947367
x100,1.0,57,0.42,0.20939999999999998
x100,1.0,58,0.42,0.2130736842105263
x100,1.0,59,0.42,0.2167473684210526
x100,1.0,60,0.42,0.22042105263157893
x100,1.0,61,0.42,0.22409473684210524
x100,1.0,62,0.42,0.22776842105263156
x100,1.0,63,0.42,0.23144210526315787
x100,1.0,64,0.42,0.2351157894736842
x100,1.0,65,0.42,0.23878947368421052
x100,1.0,66,0.42,0.24246315789473682
x100,1.0,67,0.42,0.24613684210526315
x100,1.0,68,0.42,0.24981052631578946
x100,1.0,69,0.42,0.25348421052631576
x100,1.0,70,0.42,0.2571578947368421
x100,1.0,71,0.42,0.2608315789473684
x100,1.0,72,0.42,0.26450526315789474
x100,1.0,73,0.42,0.268178947368421
x100,1.0,74,0.42,0.27185263157894735
x100,1.0,75,0.42,0.2755263157894737
x100,1.0,76,0.42,0.2792
x100,1.0,77,0.42,0.2828736842105263
x100,1.0,78,0.42,0.2865473684210526
x100,1.0,79,0.42,0.29022105263157894
x100,1.0,80,0.42,0.29389473684210526
x100,1.0,81,0.42,0.29756842105263154
x100,1.0,82,0.42,0.30124210526315787
x100,1.0,83,0.42,0.3049157894736842
x100,1.0,84,0.42,0.3085894736842105
x100,1.0,85,0.42,0.3122631578947368
x100,1.0,86,0.42,0.3159368421052631
x100,1.0,87,0.42,0.31961052631578946
x100,1.0,88,0.42,0.3232842105263158
x100,1.0,89,0.42,0.32695789473684206
x100,1.0,90,0.42,0.3306315789473684
x100,1.0,91,0.42,0.3343052631578947
x100,1.0,92,0.42,0.33797894736842105
x100,1.0,93,0.42,0.3416526315789473
x100,1.0,94,0.42,0.34532631578947365
x100,1.0,95,0.42,0.349
x110,1.1,0,0.462,0.0
x110,1.1,1,0.462,0.0036736842105263155
x110,1.1,2,0.462,0.007347368421052631
x110,1.1,3,0.462,0.011021052631578947
x110,1.1,4,0.462,0.014694736842105262
x110,1.1,5,0.462,0.01836842105263158
x110,1.1,6,0.462,0.022042105263157894
x110,1.1,7,0.462,0.02571578947368421
x110,1.1,8,0.462,0.029389473684210524
x110,1.1,9,0.462,0.03306315789473684
x110,1.1,10,0.462,0.03673684210526316
x110,1.1,11,0.462,0.04041052631578947
x110,1.1,12,0.462,0.04408421052631579
x110,1.1,13,0.462,0.0477578947368421
x110,1.1,14,0.462,0.05143157894736842
x110,1.1,15,0.462,0.055105263157894734
x110,1.1,16,0.462,0.05877894736842105
x110,1.1,17,0.462,0.062452631578947364
x110,1.1,18,0.462,0.06612631578947369
x110,1.1,19,0.462,0.0698
x110,1.1,20,0.462,0.07347368421052632
x110,1.1,21,0.462,0.07714736842105263
x110,1.1,22,0.462,0.08082105263157895
x110,1.1,23,0.462,0.08449473684210526
x110,1.1,24,0.462,0.08816842105263158
x110,1.1,25,0.462,0.09184210526315789
x110,1.1,26,0.462,0.0955157894736842
x110,1.1,27,0.462,0.09918947368421052
x110,1.1,28,0.462,0.10286315789473684
x110,1.1,29,0.462,0.10653684210526315
x110,1.1,30,0.462,0.11021052631578947
x110,1.1,31,0.462,0.11388421052631578
x110,1.1,32,0.462,0.1175578947368421
x110,1.1,33,0.462,0.12123157894736841
x110,1.1,34,0.462,0.12490526315789473
x110,1.1,35,0.462,0.12857894736842104
x110,1.1,36,0.462,0.13225263157894737
x110,1.1,37,0.462,0.13592631578947367
x110,1.1,38,0.462,0.1396
x110,1.1,39,0.462,0.1432736842105263
x110,1.1,40,0.462,0.14694736842105263
x110,1.1,41,0.462,0.15062105263157893
x110,1.1,42,0.462,0.15429473684210526
x110,1.1,43,0.462,0.15796842105263156
x110,1.1,44,0.462,0.1616421052631579
x110,1.1,45,0.462,0.1653157894736842
x110,1.1,46,0.462,0.16898947368421052
x110,1.1,47,0.462,0.17266315789473682
x110,1.1,48,0.462,0.17633684210526315
x110,1.1,49,0.462,0.18001052631578945
x110,1.1,50,0.462,0.18368421052631578
x110,1.1,51,0.462,0.18735789473684208
x110,1.1,52,0.462,0.1910315789473684
x110,1.1,53,0.462,0.19470526315789471
x110,1.1,54,0.462,0.19837894736842104
x110,1.1,55,0.462,0.20205263157894734
x110,1.1,56,0.462,0.20572631578947367
x110,1.1,57,0.462,0.20939999999999998
x110,1.1,58,0.462,0.2130736842105263
x110,1.1,59,0.462,0.2167473684210526
x110,1.1,60,0.462,0.22042105263157893
x110,1.1,61,0.462,0.22409473684210524
x110,1.1,62,0.462,0.22776842105263156
x110,1.1,63,0.462,0.23144210526315787
x110,1.1,64,0.462,0.2351157894736842
x110,1.1,65,0.462,0.23878947368421052
x110,1.1,66,0.462,0.24246315789473682
x110,1.1,67,0.462,0.24613684210526315
x110,1.1,68,0.462,0.24981052631578946
x110,1.1,69,0.462,0.25348421052631576
x110,1.1,70,0.462,0.2571578947368421
x110,1.1,71,0.462,0.2608315789473684
x110,1.1,72,0.462,0.26450526315789474
x110,1.1,73,0.462,0.268178947368421
x110,1.1,74,0.462,0.27185263157894735
x110,1.1,75,0.462,0.2755263157894737
x110,1.1,76,0.462,0.2792
x110,1.1,77,0.462,0.2828736842105263
x110,1.1,78,0.462,0.2865473684210526
x110,1.1,79,0.462,0.29022105263157894
x110,1.1,80,0.462,0.29389473684210526
x110,1.1,81,0.462,0.29756842105263154
x110,1.1,82,0.462,0.30124210526315787
x110,1.1,83,0.462,0.3049157894736842
x110,1.1,84,0.462,0.3085894736842105
x110,1.1,85,0.462,0.3122631578947368
x110,1.1,86,0.462,0.3159368421052631
x110,1.1,87,0.462,0.31961052631578946
x110,1.1,88,0.462,0.3232842105263158
x110,1.1,89,0.462,0.32695789473684206
x110,1.1,90,0.462,0.3306315789473684
x110,1.1,91,0.462,0.3343052631578947
x110,1.1,92,0.462,0.33797894736842105
x110,1.1,93,0.462,0.3416526315789473
x110,1.1,94,0.462,0.34532631578947365
x110,1.1,95,0.462,0.349
x120,1.2,0,0.504,0.0
x120,1.2,1,0.504,0.0036736842105263155
x120,1.2,2,0.504,0.007347368421052631
x120,1.2,3,0.504,0.011021052631578947
x120,1.2,4,0.504,0.014694736842105262
x120,1.2,5,0.504,0.01836842105263158
x120,1.2,6,0.504,0.022042105263157894
x120,1.2,7,0.504,0.02571578947368421
x120,1.2,8,0.504,0.029389473684210524
x120,1.2,9,0.504,0.03306315789473684
x120,1.2,10,0.504,0.03673684210526316
x120,1.2,11,0.504,0.04041052631578947
x120,1.2,12,0.504,0.04408421052631579
x120,1.2,13,0.504,0.0477578947368421
x120,1.2,14,0.504,0.05143157894736842
x120,1.2,15,0.504,0.055105263157894734
x120,1.2,16,0.504,0.05877894736842105
x120,1.2,17,0.504,0.062452631578947364
x120,1.2,18,0.504,0.06612631578947369
x120,1.2,19,0.504,0.0698
x120,1.2,20,0.504,0.07347368421052632
x120,1.2,21,0.504,0.07714736842105263
x120,1.2,22,0.504,0.08082105263157895
x120,1.2,23,0.504,0.08449473684210526
x120,1.2,24,0.504,0.08816842105263158
x120,1.2,25,0.504,0.09184210526315789
x120,1.2,26,0.504,0.0955157894736842
x120,1.2,27,0.504,0.09918947368421052
x120,1.2,28,0.504,0.10286315789473684
x120,1.2,29,0.504,0.10653684210526315
x120,1.2,30,0.504,0.11021052631578947
x120,1.2,31,0.504,0.11388421052631578
x120,1.2,32,0.504,0.1175578947368421
x120,1.2,33,0.504,0.12123157894736841
x120,1.2,34,0.504,0.12490526315789473
x120,1.2,35,0.504,0.12857894736842104
x120,1.2,36,0.504,0.13225263157894737
x120,1.2,37,0.504,0.13592631578947367
x120,1.2,38,0.504,0.1396
x120,1.2,39,0.504,0.1432736842105263
x120,1.2,40,0.504,0.14694736842105263
x120,1.2,41,0.504,0.15062105263157893
x120,1.2,42,0.504,0.15429473684210526
x120,1.2,43,0.504,0.15796842105263156
x120,1.2,44,0.504,0.1616421052631579
x120,1.2,45,0.504,0.1653157894736842
x120,1.2,46,0.504,0.16898947368421052
x120,1.2,47,0.504,0.17266315789473682
x120,1.2,48,0.504,0.17633684210526315
x120,1.2,49,0.504,0.18001052631578945
x120,1.2,50,0.504,0.18368421052631578
x120,1.2,51,0.504,0.18735789473684208
x120,1.2,52,0.504,0.1910315789473684
x120,1.2,53,0.504,0.19470526315789471
x120,1.2,54,0.504,0.19837894736842104
x120,1.2,55,0.504,0.20205263157894734
x120,1.2,56,0.504,0.20572631578947367
x120,1.2,57,0.504,0.20939999999999998
x120,1.2,58,0.504,0.2130736842105263
x120,1.2,59,0.504,0.2167473684210526
x120,1.2,60,0.504,0.22042105263157893
x120,1.2,61,0.504,0.22409473684210524
x120,1.2,62,0.504,0.22776842105263156
x120,1.2,63,0.504,0.23144210526315787
x120,1.2,64,0.504,0.2351157894736842
x120,1.2,65,0.504,0.23878947368421052
x120,1.2,66,0.504,0.24246315789473682
x120,1.2,67,0.504,0.24613684210526315
x120,1.2,68,0.504,0.24981052631578946
x120,1.2,69,0.504,0.25348421052631576
x120,1.2,70,0.504,0.2571578947368421
x120,1.2,71,0.504,0.2608315789473684
x120,1.2,72,0.504,0.26450526315789474
x120,1.2,73,0.504,0.268178947368421
x120,1.2,74,0.504,0.27185263157894735
x120,1.2,75,0.504,0.2755263157894737
x120,1.2,76,0.504,0.2792
x120,1.2,77,0.504,0.2828736842105263
x120,1.2,78,0.504,0.2865473684210526
x120,1.2,79,0.504,0.29022105263157894
x120,1.2,80,0.504,0.29389473684210526
x120,1.2,81,0.504,0.29756842105263154
x120,1.2,82,0.504,0.30124210526315787
x120,1.2,83,0.504,0.3049157894736842
x120,1.2,84,0.504,0.3085894736842105
x120,1.2,85,0.504,0.3122631578947368
x120,1.2,86,0.504,0.3159368421052631
x120,1.2,87,0.504,0.31961052631578946
x120,1.2,88,0.504,0.3232842105263158
x120,1.2,89,0.504,0.32695789473684206
x120,1.2,90,0.504,0.3306315789473684
x120,1.2,91,0.504,0.3343052631578947
x120,1.2,92,0.504,0.33797894736842105
x120,1.2,93,0.504,0.3416526315789473
x120,1.2,94,0.504,0.34532631578947365
x120,1.2,95,0.504,0.349
x130,1.3,0,0.546,0.0
x130,1.3,1,0.546,0.0036736842105263155
x130,1.3,2,0.546,0.007347368421052631
x130,1.3,3,0.546,0.011021052631578947
x130,1.3,4,0.546,0.014694736842105262
x130,1.3,5,0.546,0.01836842105263158
x130,1.3,6,0.546,0.022042105263157894
x130,1.3,7,0.546,0.02571578947368421
x130,1.3,8,0.546,0.029389473684210524
x130,1.3,9,0.546,0.03306315789473684
x130,1.3,10,0.546,0.03673684210526316
x130,1.3,11,0.546,0.04041052631578947
x130,1.3,12,0.546,0.04408421052631579
x130,1.3,13,0.546,0.0477578947368421
x130,1.3,14,0.546,0.05143157894736842
x130,1.3,15,0.546,0.055105263157894734
x130,1.3,16,0.546,0.05877894736842105
x130,1.3,17,0.546,0.062452631578947364
x130,1.3,18,0.546,0.06612631578947369
x130,1.3,19,0.546,0.0698
x130,1.3,20,0.546,0.07347368421052632
x130,1.3,21,0.546,0.07714736842105263
x130,1.3,22,0.546,0.08082105263157895
x130,1.3,23,0.546,0.08449473684210526
x130,1.3,24,0.546,0.08816842105263158
x130,1.3,25,0.546,0.09184210526315789
x130,1.3,26,0.546,0.0955157894736842
x130,1.3,27,0.546,0.09918947368421052
x130,1.3,28,0.546,0.10286315789473684
x130,1.3,29,0.546,0.10653684210526315
x130,1.3,30,0.546,0.11021052631578947
x130,1.3,31,0.546,0.11388421052631578
x130,1.3,32,0.546,0.1175578947368421
x130,1.3,33,0.546,0.12123157894736841
x130,1.3,34,0.546,0.12490526315789473
x130,1.3,35,0.546,0.12857894736842104
x130,1.3,36,0.546,0.13225263157894737
x130,1.3,37,0.546,0.13592631578947367
x130,1.3,38,0.546,0.1396
x130,1.3,39,0.546,0.1432736842105263
x130,1.3,40,0.546,0.14694736842105263
x130,1.3,41,0.546,0.15062105263157893
x130,1.3,42,0.546,0.15429473684210526
x130,1.3,43,0.546,0.15796842105263156
x130,1.3,44,0.546,0.1616421052631579
x130,1.3,45,0.546,0.1653157894736842
x130,1.3,46,0.546,0.16898947368421052
x130,1.3,47,0.546,0.17266315789473682
x130,1.3,48,0.546,0.17633684210526315
x130,1.3,49,0.546,0.18001052631578945
x130,1.3,50,0.546,0.18368421052631578
x130,1.3,51,0.546,0.18735789473684208
x130,1.3,52,0.546,0.1910315789473684
x130,1.3,53,0.546,0.19470526315789471
x130,1.3,54,0.546,0.19837894736842104
x130,1.3,55,0.546,0.20205263157894734
x130,1.3,56,0.546,0.20572631578947367
x130,1.3,57,0.546,0.20939999999999998
x130,1.3,58,0.546,0.2130736842105263
x130,1.3,59,0.546,0.2167473684210526
x130,1.3,60,0.546,0.22042105263157893
x130,1.3,61,0.546,0.22409473684210524
x130,1.3,62,0.546,0.22776842105263156
x130,1.3,63,0.546,0.23144210526315787
x130,1.3,64,0.546,0.2351157894736842
x130,1.3,65,0.546,0.23878947368421052
x130,1.3,66,0.546,0.24246315789473682
x130,1.3,67,0.546,0.24613684210526315
x130,1.3,68,0.546,0.24981052631578946
x130,1.3,69,0.546,0.25348421052631576
x130,1.3,70,0.546,0.2571578947368421
x130,1.3,71,0.546,0.2608315789473684
x130,1.3,72,0.546,0.26450526315789474
x130,1.3,73,0.546,0.268178947368421
x130,1.3,74,0.546,0.27185263157894735
x130,1.3,75,0.546,0.2755263157894737
x130,1.3,76,0.546,0.2792
x130,1.3,77,0.546,0.2828736842105263
x130,1.3,78,0.546,0.2865473684210526
x130,1.3,79,0.546,0.29022105263157894
x130,1.3,80,0.546,0.29389473684210526
x130,1.3,81,0.546,0.29756842105263154
x130,1.3,82,0.546,0.30124210526315787
x130,1.3,83,0.546,0.3049157894736842
x130,1.3,84,0.546,0.3085894736842105
x130,1.3,85,0.546,0.3122631578947368
x130,1.3,86,0.546,0.3159368421052631
x130,1.3,87,0.546,0.31961052631578946
x130,1.3,88,0.546,0.3232842105263158
x130,1.3,89,0.546,0.32695789473684206
x130,1.3,90,0.546,0.3306315789473684
x130,1.3,91,0.546,0.3343052631578947
x130,1.3,92,0.546,0.33797894736842105
x130,1.3,93,0.546,0.3416526315789473
x130,1.3,94,0.546,0.34532631578947365
x130,1.3,95,0.546,0.349
