x_over_c,x_surface_m,tx,ty,x_probe1_m,y_probe1_m,x_probe2_m,y_probe2_m
-0.80454,-0.3379068,1.0,0.0,-0.3379068,0.0005,-0.3379068,0.0015
-0.74239,-0.31180379999999996,1.0,0.0,-0.31180379999999996,0.0005,-0.31180379999999996,0.0015
-0.67907,-0.28520939999999995,1.0,0.0,-0.28520939999999995,0.0005,-0.28520939999999995,0.0015
-0.61762,-0.2594004,1.0,0.0,-0.2594004,0.0005,-0.2594004,0.0015
-0.55646,-0.23371319999999998,1.0,0.0,-0.23371319999999998,0.0005,-0.23371319999999998,0.0015
-0.49366,-0.2073372,1.0,0.0,-0.2073372,0.0005,-0.2073372,0.0015
-0.46311,-0.1945062,1.0,0.0,-0.1945062,0.0005,-0.1945062,0.0015
-0.4319,-0.181398,1.0,0.0,-0.181398,0.0005,-0.181398,0.0015
-0.40088,-0.1683696,1.0,0.0,-0.1683696,0.0005,-0.1683696,0.0015
-0.36953,-0.1552026,1.0,0.0,-0.1552026,0.0005,-0.1552026,0.0015
-0.33927,-0.1424934,1.0,0.0,-0.1424934,0.0005,-0.1424934,0.0015
-0.30847,-0.12955740000000002,1.0,0.0,-0.12955740000000002,0.0005,-0.12955740000000002,0.0015
-0.27634,-0.11606279999999998,1.0,0.0,-0.11606279999999998,0.0005,-0.11606279999999998,0.0015
-0.2462,-0.103404,1.0,0.0,-0.103404,0.0005,-0.103404,0.0015
-0.21497,-0.09028739999999999,1.0,0.0,-0.09028739999999999,0.0005,-0.09028739999999999,0.0015
-0.18383,-0.07720859999999999,1.0,0.0,-0.07720859999999999,0.0005,-0.07720859999999999,0.0015
-0.15376,-0.0645792,1.0,0.0,-0.0645792,0.0005,-0.0645792,0.0015
-0.12212,-0.0512904,1.0,0.0,-0.0512904,0.0005,-0.0512904,0.0015
-0.09025,-0.037904999999999994,1.0,0.0,-0.037904999999999994,0.0005,-0.037904999999999994,0.0015
-0.07,-0.029400000000000003,1.0,0.0,-0.029400000000000003,0.0005,-0.029400000000000003,0.0015
-0.06,-0.025199999999999997,1.0,0.0,-0.025199999999999997,0.0005,-0.025199999999999997,0.0015
-0.05,-0.021,1.0,0.0,-0.021,0.0005,-0.021,0.0015
-0.04586,-0.0192612,1.0,0.0,-0.0192612,0.0005,-0.0192612,0.0015
-0.04,-0.0168,1.0,0.0,-0.0168,0.0005,-0.0168,0.0015
-0.03151,-0.013234200000000002,1.0,0.0,-0.013234200000000002,0.0005,-0.013234200000000002,0.0015
-0.03,-0.012599999999999998,1.0,0.0,-0.012599999999999998,0.0005,-0.012599999999999998,0.0015
-0.02,-0.0084,1.0,0.0,-0.0084,0.0005,-0.0084,0.0015
-0.01647,-0.006917399999999999,1.0,0.0,-0.006917399999999999,0.0005,-0.006917399999999999,0.0015
-0.01,-0.0042,1.0,0.0,-0.0042,0.0005,-0.0042,0.0015
-0.00189,-0.0007938,1.0,0.0,-0.0007938,0.0005,-0.0007938,0.0015
0.0,0.0,1.0,0.0,0.0,0.0005,0.0,0.0015
0.01,0.0042,0.9996903227598665,0.024884906676016044,0.0041875575466619915,0.0005521368580307369,0.004162672639985976,0.0015518271807906034
0.01228,0.005157599999999999,0.9995334337092151,0.03054365560089327,0.005142328172199552,0.0005786085804931605,0.005111784516598659,0.0015781420142023756
0.02,0.0084,0.998767882383927,0.049625770707626665,0.008375187114646186,0.000708344356358301,0.00832556134393856,0.001707112238742228
0.02711,0.011386199999999999,0.9977495501939222,0.0670509887162449,0.011352674505641877,0.0008823915083715119,0.011285623516925632,0.001880141058565434
0.03,0.012599999999999998,0.9972522160964374,0.07408115476114271,0.012562959422619428,0.0009680139637379687,0.012488878267858284,0.0019652661798344063
0.04168,0.0175056,0.9947739685308169,0.10210167253012678,0.017454549163734935,0.0014009272709302489,0.01735244749120481,0.002395701239461066
0.05692,0.023906399999999998,0.9905071183118247,0.13746144395285925,0.02383766927802357,0.0021720154550474006,0.02370020783407071,0.0031625225733592256
0.07,0.029400000000000003,0.9860514007054632,0.1664410861740398,0.029316779456912984,0.0030151088100032145,0.029150338370738944,0.004001160210708678
0.07094,0.0297948,0.9857070598168727,0.16846837159293807,0.029710565814203532,0.0030819949455039145,0.029542097442610594,0.0040677020053207875
0.08,0.0336,0.9822464080468225,0.18759529279572867,0.03350620235360213,0.0037689961828610264,0.0333186070608064,0.004751242590907849
0.08573,0.0360066,0.9799410478808832,0.19928758786767578,0.03590695620606616,0.004242419604248218,0.03570766861819848,0.005222360652129101
0.09,0.0378,0.9781742261668898,0.20778638854074757,0.03769610680572963,0.004614397087280045,0.03748832041718888,0.005592571313446935
0.1,0.042,0.9739084698394262,0.2269411650076455,0.04188652941749618,0.005548003883983606,0.041659588252488534,0.006521912353823032
0.10021,0.04208819999999999,0.9738173511382567,0.22733184251676958,0.041974534078741604,0.005568529437027201,0.041747202236224835,0.0065423467881654575
0.11,0.0462,0.9695234908970893,0.24499836856338797,0.046077500815718306,0.006566160811890129,0.045832502447154914,0.007535684302787218
0.11471,0.048178200000000004,0.9674379147545955,0.25310843742412015,0.04805164578128794,0.0070738763392661445,0.04779853734386382,0.008041314254020741
0.12,0.05039999999999999,0.9650928263892682,0.26190806870345495,0.05026904596564827,0.007664877786527227,0.05000713789694481,0.008629970612916494
0.12876,0.0540792,0.9612303276262563,0.275746726637906,0.053941326636681046,0.008690162109302443,0.05366557991004314,0.0096513924369287
0.13,0.0546,0.960687856629075,0.27763076581213764,0.054461184617093934,0.008839845621204287,0.0541835538512818,0.009800533477833362
0.14,0.058800000000000005,0.9563766911052494,0.2921363118658383,0.058653931844067086,0.01008645261721235,0.05836179553220125,0.0110428293083176
0.15,0.063,0.9522232836319746,0.30540271463944113,0.06284729864268028,0.01139980245606545,0.06254189592804084,0.012352025739697424
0.15859,0.0666078,0.9488266001059705,0.31579753471384914,0.06644990123264308,0.012577339160995219,0.06613410369792923,0.013526165761101189
0.16,0.0672,0.9482867647387717,0.3174148890982803,0.06704129255545085,0.012774733315425977,0.06672387766635257,0.013723020080164749
0.17,0.0714,0.9446209695279867,0.3281634104040342,0.07123591829479799,0.014205838121068539,0.07090775488439395,0.015150459090596527
0.17271,0.0725382,0.9436805878317532,0.3308578972149776,0.0723727710513925,0.014602612685183597,0.07204191315417753,0.01554629327301535
0.18,0.0756,0.9412741329666108,0.3376433126954467,0.07543117834365227,0.015687485840008883,0.07509353503095684,0.016628759972975492
0.18734,0.0786828,0.9390453865099763,0.34379319666673047,0.07851090340166664,0.016803804061539515,0.0781671102049999,0.01774284944804949
0.19,0.0798,0.9382887214432701,0.34585296762114576,0.07962707351618942,0.017213843714577667,0.07928122054856827,0.01815213243602094
0.2,0.084,0.9357013688522984,0.35279306729006854,0.08382360346635497,0.018778900333490042,0.0834708103990649,0.01971460170234234
0.20189,0.08479379999999999,0.9352597077076856,0.3539622566581562,0.08461681887167091,0.019078541016133876,0.08426285661501276,0.02001380072384156
0.21,0.08819999999999999,0.9335428868540183,0.35846572835386326,0.08802076713582306,0.020376489433558347,0.0876623014074692,0.021310032320412366
0.21721,0.0912282,0.9322670195371451,0.36177092791340826,0.0910473145360433,0.021544996104037754,0.09068554360812989,0.0224772631235749
0.23077,0.09692339999999999,0.9305322806271341,0.36620987795370064,0.09674029506102315,0.023771171260050978,0.09637408518306945,0.024701703540678112
0.24591,0.10328219999999999,0.9296554677628455,0.3684300629137708,0.10309798496854311,0.02628389964749945,0.10272955490562934,0.027213555115262297
0.26072,0.1095024,0.9298998873483081,0.36781272341995486,0.10931849363829002,0.028748527889857413,0.10895068091487006,0.02967842777720572
0.2747,0.11537399999999999,0.9311257887387444,0.3646981841820041,0.11519165090790899,0.031061732543015582,0.11482695272372699,0.031992858331754324
0.28942,0.1215564,0.9334314090226895,0.35875591235534593,0.12137702204382232,0.03346341560654594,0.12101826613146698,0.03439684701556863
0.3,0.126,0.9357013688522984,0.35279306729006854,0.12582360346635496,0.035156801035362256,0.1254708103990649,0.036092502404214556
0.30461,0.1279362,0.9368425849493641,0.34975129881873684,0.12776132435059062,0.03588385157833291,0.1274115730517719,0.03682069416328228
0.31,0.13019999999999998,0.9382887214432701,0.3458529676211458,0.13002707351618942,0.03672444500686559,0.12968122054856826,0.03766273372830886
0.31883,0.1339086,0.9409054127647045,0.3386694616142428,0.13373926526919286,0.03807703113655317,0.13340059580757863,0.03901793654931787
0.32,0.1344,0.9412741329666108,0.3376433126954466,0.13423117834365228,0.03825378829295773,0.13389353503095683,0.03919506242592434
0.33,0.1386,0.9446209695279867,0.32816341040403413,0.13843591829479798,0.03973878284845945,0.13810775488439395,0.040683403817987435
0.33324,0.1399608,0.9457759729006763,0.32481965624601483,0.13979839017187698,0.040209427317595824,0.13947357051563097,0.0411552032904965
0.34,0.1428,0.9482867647387717,0.3174148890982803,0.14264129255545088,0.041173553449312804,0.1423238776663526,0.042121840214051576
0.34839,0.14632379999999998,0.9515733828187641,0.3074216926484754,0.14617008915367574,0.04233442771979373,0.14586266746102727,0.0432860011026125
0.35,0.147,0.9522232836319746,0.30540271463944113,0.14684729864268026,0.04255242082756654,0.14654189592804084,0.04350464411119851
0.36,0.1512,0.9563766911052494,0.2921363118658383,0.15105393184406707,0.04386992407389291,0.15076179553220123,0.04482630076499816
0.36408,0.1529136,0.9581201169158103,0.28636662089222975,0.1527704166895539,0.044388627281920175,0.15248405006866167,0.045346747398835985
0.37,0.15539999999999998,0.960687856629075,0.2776307658121376,0.1552611846170939,0.045120842235424785,0.15498355385128176,0.04608153009205386
0.37742,0.15851639999999997,0.9639510860048135,0.26607950652040185,0.15838336024673977,0.04600305022599147,0.15811728074021938,0.046967001311996284
0.38,0.1596,0.9650928263892682,0.26190806870345507,0.15946904596564826,0.04630021503986203,0.15920713789694482,0.0472653078662513
0.39,0.1638,0.9695234908970893,0.24499836856338808,0.1636775008157183,0.04740336267900696,0.16343250244715493,0.04837288616990405
0.39194,0.1646148,0.9703800141397844,0.24158358420652654,0.16449400820789675,0.04760816872999569,0.16425242462369022,0.048578548744135475
0.4,0.168,0.9739084698394262,0.22694116500764555,0.16788652941749618,0.048425904585855814,0.16765958825248853,0.04939981305569524
0.40639,0.17068379999999997,0.9766527236253038,0.2148242477824049,0.17057638787610876,0.04903521324667137,0.17036156362832636,0.05001186597029667
0.41,0.1722,0.9781742261668898,0.2077863885407477,0.17209610680572962,0.04936377713888683,0.17188832041718888,0.05034195136505372
0.42,0.17639999999999997,0.9822464080468223,0.18759529279572879,0.17630620235360212,0.050213250225185795,0.17611860706080637,0.05119549663323261
0.42087,0.1767654,0.9825890999801398,0.18579198206655387,0.17667250400896672,0.050282860548864966,0.17648671202690017,0.05126544964884511
0.43,0.18059999999999998,0.9860514007054632,0.16644108617403988,0.18051677945691297,0.050970942590702235,0.1803503383707389,0.0519569939914077
0.43579,0.1830318,0.9881042369095764,0.15378562026842388,0.1829549071898658,0.05136649010674298,0.18280112156959735,0.052354594343652555
0.44,0.1848,0.9895180512697068,0.14440923173883913,0.18472779538413056,0.0516338359016735,0.18458338615239173,0.05262335395294321
0.45,0.189,0.992579510013711,0.12159735318230101,0.18893920132340886,0.052199287436828425,0.18881760397022654,0.05319186694684214
0.45041,0.18917219999999998,0.9926954765802554,0.12064696754207939,0.18911187651622893,0.05222035737315684,0.18899122954868686,0.0532130528497371
0.46,0.1932,0.9951751129726363,0.0981147008347907,0.1931509426495826,0.052665041326395046,0.1930528279487478,0.053660216439367685
0.46499,0.1952958,0.9962793272387362,0.08618295722897305,0.19525270852138552,0.05285957058582884,0.19516652556415653,0.05385584991306757
0.47,0.1974,0.9972522160964374,0.0740811547611429,0.19736295942261942,0.05302923825235847,0.19728887826785826,0.0540264904684549
0.47875,0.201075,0.9986103282312001,0.05270116080291651,0.20104864941959855,0.05326344846931393,0.20099594825879563,0.05426205879754513
0.48,0.20159999999999997,0.998767882383927,0.04962577070762677,0.20157518711464617,0.05329042352602562,0.20152556134393854,0.05428919140840955
0.49,0.20579999999999998,0.9996903227598665,0.024884906676016127,0.20578755754666198,0.05344755346472914,0.20576267263998596,0.054447243787489004
0.49411,0.2075262,0.9998924414634595,0.01466647552215871,0.2075188667622389,0.053481801234754295,0.20750420028671676,0.05448169367621775
0.5,0.21,1.0,4.8549784174883266e-17,0.21,0.0535,0.21,0.0545
0.5085,0.21356999999999998,0.9997761476302888,-0.02115785030524378,0.21358057892515261,0.05346210387348216,0.21360173677545785,0.05446188002111245
0.51,0.2142,0.9996903227598665,-0.024884906676016033,0.214212442453338,0.05344755346472914,0.21423732736001402,0.054447243787489004
0.52,0.2184,0.998767882383927,-0.04962577070762668,0.21842481288535381,0.05329042352602562,0.21847443865606145,0.05428919140840955
0.523,0.21966,0.9983742534385338,-0.05699868481859922,0.2196884993424093,0.05322295426968952,0.2197454980272279,0.054221328523128054
0.53,0.2226,0.9972522160964374,-0.07408115476114278,0.22263704057738057,0.05302923825235847,0.22271112173214172,0.0540264904684549
0.53709,0.22557779999999997,0.9958351420459659,-0.09117219897694039,0.22562338609948843,0.05278157151218087,0.22571455829846537,0.05377740665422684
0.54,0.2268,0.9951751129726363,-0.09811470083479076,0.2268490573504174,0.05266504132639503,0.2269471720512522,0.05366021643936767
0.55,0.231,0.992579510013711,-0.12159735318230108,0.23106079867659116,0.05219928743682841,0.23118239602977347,0.05319186694684212
0.55199,0.23183579999999998,0.9920055796024698,-0.12619401743968675,0.23189889700871982,0.052094642207885934,0.2320250910261595,0.05308664778748841
0.56,0.23520000000000002,0.9895180512697068,-0.1444092317388392,0.23527220461586945,0.0516338359016735,0.23541661384760829,0.05262335395294321
0.56632,0.23785440000000002,0.9873701304863621,-0.15843050660571753,0.2379336152533029,0.05122605970635077,0.2380920457599086,0.05221342983683713
0.57,0.23939999999999997,0.9860514007054632,-0.16644108617403966,0.239483220543087,0.05097094259070224,0.23964966162926105,0.051956993991407706
0.58108,0.2440536,0.9818181871116418,-0.18982372732830113,0.24414851186366415,0.05012587087920893,0.24433833559099247,0.05110768906632057
0.59,0.24779999999999996,0.9781742261668898,-0.20778638854074746,0.24790389319427034,0.049363777138886844,0.24811167958281108,0.05034195136505373
0.59548,0.2501016,0.9758558118174797,-0.21841573785340582,0.2502108078689267,0.04886054061929953,0.2504292236067801,0.04983639643111701
0.6,0.252,0.9739084698394262,-0.22694116500764544,0.25211347058250383,0.04842590458585583,0.2523404117475115,0.049399813055695255
0.61,0.2562,0.9695234908970893,-0.24499836856338797,0.2563224991842817,0.04740336267900696,0.2565674975528451,0.04837288616990405
0.61061,0.25645619999999997,0.9692537927003296,-0.2460631734657312,0.25657923158673285,0.04733833633229951,0.25682529476019855,0.04830759012499984
0.62,0.26039999999999996,0.9650928263892684,-0.2619080687034548,0.26053095403435167,0.04630021503986206,0.26079286210305513,0.04726530786625133
0.62486,0.2624412,0.9629444999571409,-0.2696996292216432,0.2625760498146108,0.045736277795353275,0.26284574944383243,0.04669922229531042
0.63962,0.2686404,0.9565380221027183,-0.29160763411100804,0.2687862038170555,0.043918708210159266,0.2690778114511665,0.04487524623226199
0.6586,0.27661199999999997,0.9488227528398485,-0.3158090937471748,0.27676990454687356,0.04137008760293058,0.27708571364062073,0.04231891035577043
0.67319,0.2827398,0.9435165387541412,-0.33132543080392307,0.28290546271540196,0.03927024802701882,0.2832367881462059,0.040213764565772955
0.68732,0.2886744,0.9390511808948666,-0.3437773693249116,0.28884628868466244,0.03713831945954026,0.28919006605398734,0.03807737064043513
0.70193,0.29481060000000003,0.9352505274630002,-0.35398651228567996,0.2949875932561429,0.03485035565488458,0.29534157976842856,0.03578560618234758
0.71624,0.3008208,0.9324246355977404,-0.3613644959461583,0.3010014822479731,0.03254534168906765,0.3013628467439192,0.03347776632466539
0.7302,0.30668399999999996,0.9305873393617571,-0.36606994388997016,0.30686703497194495,0.030253583450687037,0.3072331049158349,0.031184170790048794
0.74487,0.3128454,0.9296793559776159,-0.3683697803417719,0.3130295848901709,0.027818859406075373,0.3133979546705127,0.028748538762052987
0.75,0.315,0.9296137836531821,-0.3685352265957961,0.3151842676132979,0.026964806891826596,0.3155528028398937,0.02789442067547978
0.75879,0.31869179999999997,0.929806208553896,-0.3680494729443704,0.31887582473647214,0.02550207326910922,0.3192438742094165,0.02643187947766312
0.76,0.3192,0.9298627801204951,-0.36790652365320164,0.31938395326182656,0.025300982622533455,0.31975185978547976,0.02623084540265395
0.77255,0.32447099999999995,0.9308752003546615,-0.36533732544686504,0.3246536686627234,0.0232233129729443,0.32501900598817024,0.024154188173298962
0.78,0.3276,0.9318383217247733,-0.36287372757635367,0.3277814368637882,0.022000314324340693,0.3281443105913645,0.022932152646065466
0.78691,0.33050219999999997,0.9329667032309243,-0.3599626795411163,0.3306821813397705,0.020875746787539427,0.33104214401931165,0.021808713490770352
0.79,0.3318,0.9335428868540183,-0.35846572835386326,0.3319792328641769,0.020376489433558354,0.33233769859253076,0.021310032320412373
0.8,0.336,0.9357013688522984,-0.35279306729006854,0.33617639653364506,0.01877890033349005,0.33652918960093514,0.019714601702342346
0.80177,0.33674339999999997,0.9361288982300404,-0.3516570572285031,0.3369192285286142,0.018499337747931197,0.33727088558584273,0.019435466646161238
0.81,0.3402,0.9382887214432701,-0.34585296762114565,0.34037292648381057,0.01721384371457766,0.3407187794514317,0.018152132436020933
0.8159,0.342678,0.940004185410734,-0.34116291036732316,0.34284858145518365,0.016308222822054023,0.34318974436555094,0.017248227007464756
0.82,0.3444,0.9412741329666108,-0.3376433126954468,0.3445688216563477,0.0156874858400089,0.34490646496904315,0.01662875997297551
0.83,0.34859999999999997,0.9446209695279867,-0.32816341040403424,0.34876408170520196,0.014205838121068546,0.349092245115606,0.015150459090596534
0.83063,0.34886459999999997,0.9448429758755886,-0.3275236647000671,0.34902836183235,0.014114126758792991,0.34935588549705004,0.01505896973466858
0.84,0.35279999999999995,0.9482867647387717,-0.3174148890982805,0.3529587074445491,0.012774733315425993,0.35327612233364736,0.013723020080164764
0.84434,0.35462279999999996,0.9499649976806176,-0.31235637208429795,0.3547789781860421,0.012170791091988972,0.3550913345581264,0.01312075608966959
0.85,0.357,0.9522232836319746,-0.30540271463944113,0.3571527013573197,0.011399802456065452,0.35745810407195916,0.012352025739697427
0.85921,0.3608682,0.9560420272862694,-0.2932296745937559,0.36101481483729686,0.010187845106201718,0.3613080445118906,0.011143887133487986
0.86,0.36119999999999997,0.9563766911052494,-0.2921363118658385,0.3613460681559329,0.010086452617212357,0.3616382044677987,0.011042829308317606
0.87,0.3654,0.960687856629075,-0.27763076581213764,0.36553881538290606,0.008839845621204287,0.3658164461487182,0.009800533477833362
0.87351,0.3668742,0.9622267302159637,-0.27224937035353264,0.36701032468517675,0.008419029498057356,0.3672825740555303,0.00938125622827332
0.88,0.3696,0.9650928263892682,-0.26190806870345507,0.3697309540343517,0.007664877786527235,0.36999286210305515,0.008629970612916503
0.88825,0.373065,0.9687493696827917,-0.2480416471869066,0.37318902082359345,0.00675273866280839,0.37343706247078035,0.007721488032491182
0.89,0.37379999999999997,0.9695234908970891,-0.2449983685633882,0.37392249918428166,0.0065661608118901425,0.37416749755284506,0.007535684302787232
0.9,0.378,0.9739084698394262,-0.22694116500764558,0.37811347058250383,0.0055480038839836095,0.3783404117475115,0.0065219123538230355
0.90239,0.3790038,0.9749416175002212,-0.22246087850687835,0.37911503043925343,0.005317039974693291,0.37933749131776034,0.006291981592193512
0.91,0.3822,0.9781742261668898,-0.2077863885407474,0.3823038931942704,0.004614397087280041,0.3825116795828111,0.005592571313446931
0.91668,0.3850056,0.9809204807710094,-0.1944093886723887,0.3851028046943362,0.0040396770912297306,0.3852972140830086,0.00502059757200074
0.92,0.3864,0.9822464080468225,-0.18759529279572867,0.3864937976463979,0.0037689961828610273,0.3866813929391936,0.00475124259090785
0.93,0.3906,0.9860514007054632,-0.16644108617403963,0.390683220543087,0.003015108810003209,0.39084966162926105,0.004001160210708672
0.93107,0.3910494,0.986439717795855,-0.1641239871403147,0.39113146199357013,0.002939988705858453,0.39129558598071046,0.003926428423654308
0.94,0.3948,0.9895180512697068,-0.14440923173883935,0.3948722046158694,0.0023556821495961987,0.3950166138476082,0.003345200200865906
0.94509,0.39693779999999995,0.9911309463110934,-0.13288885304823905,0.39700424442652404,0.002057152960471275,0.3971371332795723,0.0030482839067823685
0.95,0.39899999999999997,0.992579510013711,-0.12159735318230108,0.3990607986765911,0.0017932920731852878,0.3991823960297734,0.0027858715831989987
0.95991,0.4031622,0.9951539926077746,-0.09832868857462414,0.40321136434428734,0.0013338540467822992,0.40330969303286196,0.0023290080393900737
0.96,0.40319999999999995,0.9951751129726363,-0.09811470083479092,0.40324905735041733,0.0013301337865775974,0.40334717205125215,0.0023253088995502337
0.97,0.4074,0.9972522160964374,-0.07408115476114274,0.40743704057738056,0.000968013963737969,0.4075111217321417,0.0019652661798344063
0.97394,0.4090548,0.9979184393057461,-0.06448866949770396,0.40908704433474885,0.0008534083444747478,0.40915153300424656,0.001851326783780494
0.98,0.41159999999999997,0.998767882383927,-0.04962577070762682,0.4116248128853538,0.0007083443563583023,0.4116744386560614,0.0017071122387422293
0.9884,0.41512799999999994,0.9995835545617192,-0.028856844071351147,0.41514242842203564,0.0005701474839299243,0.41517128526610697,0.0015697310384916435
0.99,0.4158,0.9996903227598665,-0.024884906676016,0.41581244245333804,0.0005521368580307367,0.41583732736001405,0.0015518271807906032
1.0,0.42,1.0,0.0,0.42,0.0005,0.42,0.0015
1.0031,0.421302,1.0,0.0,0.421302,0.0005,0.421302,0.0015
1.01,0.42419999999999997,1.0,0.0,0.42419999999999997,0.0005,0.42419999999999997,0.0015
1.0175,0.42735,1.0,0.0,0.42735,0.0005,0.42735,0.0015
1.02,0.4284,1.0,0.0,0.4284,0.0005,0.4284,0.0015
1.03,0.4326,1.0,0.0,0.4326,0.0005,0.4326,0.0015
1.0315,0.43323,1.0,0.0,0.43323,0.0005,0.43323,0.0015
1.04,0.4368,1.0,0.0,0.4368,0.0005,0.4368,0.0015
1.0458,0.439236,1.0,0.0,0.439236,0.0005,0.439236,0.0015
1.05,0.441,1.0,0.0,0.441,0.0005,0.441,0.0015
1.06,0.4452,1.0,0.0,0.4452,0.0005,0.4452,0.0015
1.07,0.4494,1.0,0.0,0.4494,0.0005,0.4494,0.0015
1.08,0.4536,1.0,0.0,0.4536,0.0005,0.4536,0.0015
1.09,0.45780000000000004,1.0,0.0,0.45780000000000004,0.0005,0.45780000000000004,0.0015
1.0944,0.459648,1.0,0.0,0.459648,0.0005,0.459648,0.0015
1.1269,0.473298,1.0,0.0,0.473298,0.0005,0.473298,0.0015
1.15,0.48299999999999993,1.0,0.0,0.48299999999999993,0.0005,0.48299999999999993,0.0015
1.16,0.48719999999999997,1.0,0.0,0.48719999999999997,0.0005,0.48719999999999997,0.0015
1.17,0.49139999999999995,1.0,0.0,0.49139999999999995,0.0005,0.49139999999999995,0.0015
1.18,0.49559999999999993,1.0,0.0,0.49559999999999993,0.0005,0.49559999999999993,0.0015
1.19,0.49979999999999997,1.0,0.0,0.49979999999999997,0.0005,0.49979999999999997,0.0015
1.193,0.5010600000000001,1.0,0.0,0.5010600000000001,0.0005,0.5010600000000001,0.0015
1.2,0.504,1.0,0.0,0.504,0.0005,0.504,0.0015
1.21,0.5082,1.0,0.0,0.5082,0.0005,0.5082,0.0015
1.22,0.5124,1.0,0.0,0.5124,0.0005,0.5124,0.0015
1.226,0.5149199999999999,1.0,0.0,0.5149199999999999,0.0005,0.5149199999999999,0.0015
1.23,0.5166,1.0,0.0,0.5166,0.0005,0.5166,0.0015
1.24,0.5207999999999999,1.0,0.0,0.5207999999999999,0.0005,0.5207999999999999,0.0015
1.25,0.525,1.0,0.0,0.525,0.0005,0.525,0.0015
1.26,0.5292,1.0,0.0,0.5292,0.0005,0.5292,0.0015
1.27,0.5334,1.0,0.0,0.5334,0.0005,0.5334,0.0015
1.28,0.5376,1.0,0.0,0.5376,0.0005,0.5376,0.0015
1.29,0.5418,1.0,0.0,0.5418,0.0005,0.5418,0.0015
1.2938,0.543396,1.0,0.0,0.543396,0.0005,0.543396,0.0015
1.3,0.546,1.0,0.0,0.546,0.0005,0.546,0.0015
1.31,0.5502,1.0,0.0,0.5502,0.0005,0.5502,0.0015
1.32,0.5544,1.0,0.0,0.5544,0.0005,0.5544,0.0015
1.3267,0.557214,1.0,0.0,0.557214,0.0005,0.557214,0.0015
1.33,0.5586,1.0,0.0,0.5586,0.0005,0.5586,0.0015
1.34,0.5628,1.0,0.0,0.5628,0.0005,0.5628,0.0015
1.35,0.5670000000000001,1.0,0.0,0.5670000000000001,0.0005,0.5670000000000001,0.0015
1.3596,0.571032,1.0,0.0,0.571032,0.0005,0.571032,0.0015
1.36,0.5712,1.0,0.0,0.5712,0.0005,0.5712,0.0015
1.37,0.5754,1.0,0.0,0.5754,0.0005,0.5754,0.0015
1.38,0.5795999999999999,1.0,0.0,0.5795999999999999,0.0005,0.5795999999999999,0.0015
1.39,0.5838,1.0,0.0,0.5838,0.0005,0.5838,0.0015
1.3926,0.584892,1.0,0.0,0.584892,0.0005,0.584892,0.0015
1.4,0.588,1.0,0.0,0.588,0.0005,0.588,0.0015
1.41,0.5922,1.0,0.0,0.5922,0.0005,0.5922,0.0015
1.42,0.5963999999999999,1.0,0.0,0.5963999999999999,0.0005,0.5963999999999999,0.0015
1.4266,0.599172,1.0,0.0,0.599172,0.0005,0.599172,0.0015
1.43,0.6005999999999999,1.0,0.0,0.6005999999999999,0.0005,0.6005999999999999,0.0015
1.44,0.6048,1.0,0.0,0.6048,0.0005,0.6048,0.0015
1.45,0.609,1.0,0.0,0.609,0.0005,0.609,0.0015
1.4597,0.613074,1.0,0.0,0.613074,0.0005,0.613074,0.0015
1.46,0.6132,1.0,0.0,0.6132,0.0005,0.6132,0.0015
1.47,0.6174,1.0,0.0,0.6174,0.0005,0.6174,0.0015
1.48,0.6215999999999999,1.0,0.0,0.6215999999999999,0.0005,0.6215999999999999,0.0015
1.49,0.6258,1.0,0.0,0.6258,0.0005,0.6258,0.0015
1.4931,0.627102,1.0,0.0,0.627102,0.0005,0.627102,0.0015
1.5,0.63,1.0,0.0,0.63,0.0005,0.63,0.0015
1.51,0.6342,1.0,0.0,0.6342,0.0005,0.6342,0.0015
1.52,0.6384,1.0,0.0,0.6384,0.0005,0.6384,0.0015
1.5268,0.6412559999999999,1.0,0.0,0.6412559999999999,0.0005,0.6412559999999999,0.0015
1.53,0.6426,1.0,0.0,0.6426,0.0005,0.6426,0.0015
1.54,0.6468,1.0,0.0,0.6468,0.0005,0.6468,0.0015
1.55,0.651,1.0,0.0,0.651,0.0005,0.651,0.0015
1.5593,0.654906,1.0,0.0,0.654906,0.0005,0.654906,0.0015
1.56,0.6552,1.0,0.0,0.6552,0.0005,0.6552,0.0015
1.57,0.6594,1.0,0.0,0.6594,0.0005,0.6594,0.0015
1.5933,0.669186,1.0,0.0,0.669186,0.0005,0.669186,0.0015
1.6265,0.68313,1.0,0.0,0.68313,0.0005,0.68313,0.0015
1.6594,0.696948,1.0,0.0,0.696948,0.0005,0.696948,0.0015
1.6927,0.7109340000000001,1.0,0.0,0.7109340000000001,0.0005,0.7109340000000001,0.0015
1.7258,0.7248359999999999,1.0,0.0,0.7248359999999999,0.0005,0.7248359999999999,0.0015
1.7594,0.738948,1.0,0.0,0.738948,0.0005,0.738948,0.0015
1.7923,0.7527659999999999,1.0,0.0,0.7527659999999999,0.0005,0.7527659999999999,0.0015
1.8259,0.7668780000000001,1.0,0.0,0.7668780000000001,0.0005,0.7668780000000001,0.0015
1.859,0.7807799999999999,1.0,0.0,0.7807799999999999,0.0005,0.7807799999999999,0.0015
1.8926,0.794892,1.0,0.0,0.794892,0.0005,0.794892,0.0015
1.9254,0.8086679999999999,1.0,0.0,0.8086679999999999,0.0005,0.8086679999999999,0.0015
1.9588,0.822696,1.0,0.0,0.822696,0.0005,0.822696,0.0015
1.9918,0.836556,1.0,0.0,0.836556,0.0005,0.836556,0.0015
2.0248,0.8399,1.0,0.0,0.8399,0.0005,0.8399,0.0015
2.0582,0.8399,1.0,0.0,0.8399,0.0005,0.8399,0.0015
2.0922,0.8399,1.0,0.0,0.8399,0.0005,0.8399,0.0015
2.125,0.8399,1.0,0.0,0.8399,0.0005,0.8399,0.0015
