3.459991133311483935e+01,0.000000000000000000e+00,-1.428261586341303857e-04
5.781028453581190441e+00,0.000000000000000000e+00,-3.116439664703348988e+00
3.459999847412109375e+01,0.000000000000000000e+00,-9.703732514115338514e-14
3.738821868538092019e+01,0.000000000000000000e+00,3.132474128904396554e-02
3.459999847412109375e+01,0.000000000000000000e+00,-5.811505430661591498e-09
3.459999847412109375e+01,0.000000000000000000e+00,3.151589788594386674e-08
3.460000228881836648e+01,0.000000000000000000e+00,-1.455132803713421478e-06
3.459999847412109375e+01,0.000000000000000000e+00,2.905251106444894736e-14
3.459999847412109375e+01,0.000000000000000000e+00,2.672553529931297400e-14
3.459999847412109375e+01,0.000000000000000000e+00,-1.488936740828145089e-13
3.676784480756580820e+01,0.000000000000000000e+00,3.856328307796291766e-02
2.455323205698723754e+01,0.000000000000000000e+00,-1.505970200065539499e-01
3.459999581047837580e+01,0.000000000000000000e+00,5.025772609862965757e-05
3.459999847412109375e+01,0.000000000000000000e+00,1.427366829662740056e-10
3.459999847412109375e+01,0.000000000000000000e+00,1.714170052709825558e-14
2.847967614289493810e+01,0.000000000000000000e+00,-1.445908165090429576e-01
3.459999847412109375e+01,0.000000000000000000e+00,1.497040219189571801e-13
3.459999847412109375e+01,0.000000000000000000e+00,1.402414825238151923e-09
3.459999847412109375e+01,0.000000000000000000e+00,-2.110986855143245444e-13
3.505108984348489543e+01,0.000000000000000000e+00,2.991718269049931100e-01
3.459999847412109375e+01,0.000000000000000000e+00,-1.263612654845507404e-07
3.459999847412109375e+01,0.000000000000000000e+00,1.037615812166766303e-13
3.459999847412109375e+01,0.000000000000000000e+00,-9.598449167249159422e-12
3.568197521230881364e+01,0.000000000000000000e+00,8.479210269301031000e-02
2.511347135679688947e+01,0.000000000000000000e+00,5.742676803925530482e-01
3.538148603819148974e+01,0.000000000000000000e+00,1.417527972043995943e-01
3.459999847412109375e+01,0.000000000000000000e+00,1.411941030067545855e-14
1.477597081715635774e+01,0.000000000000000000e+00,6.210872924777908199e-01
3.459999847412109375e+01,0.000000000000000000e+00,5.409447781310026099e-14
1.384722599830724299e+01,0.000000000000000000e+00,-4.417676146134829618e-01
3.504559221514461598e+01,0.000000000000000000e+00,-1.635980173916665448e-01
3.560387017339370175e+01,0.000000000000000000e+00,-3.451844300754839528e-02
3.460000134678582384e+01,0.000000000000000000e+00,5.146958613516591124e-07
3.459999847412109375e+01,0.000000000000000000e+00,-8.922061057766252799e-10
3.459995469017229652e+01,0.000000000000000000e+00,7.951210726269851339e-05
1.703114008931617107e+01,0.000000000000000000e+00,4.824527630464745670e-02
8.471231979050388716e+00,0.000000000000000000e+00,-2.573404662335935233e-01
3.459999847412109375e+01,0.000000000000000000e+00,-1.063094221388695404e-13
3.238634797718759017e+01,0.000000000000000000e+00,-2.105434072369239892e-02
3.459999847412109375e+01,0.000000000000000000e+00,1.770039676487123837e-13
3.459999847412109375e+01,0.000000000000000000e+00,-9.940251503203279374e-12
3.459999847412109375e+01,0.000000000000000000e+00,3.586596985202875053e-10
2.578786884793466783e+01,0.000000000000000000e+00,5.208488061384765055e-01
3.332962538350715676e+01,0.000000000000000000e+00,2.806526797814556939e-01
3.459999847412109375e+01,0.000000000000000000e+00,4.552629881251812579e-12
3.437464018686961253e+01,0.000000000000000000e+00,-5.693744430627615399e-02
3.461006926829501396e+01,0.000000000000000000e+00,1.563179235452358262e-02
3.459999847412109375e+01,0.000000000000000000e+00,1.262219819023497110e-14
3.459999847412109375e+01,0.000000000000000000e+00,7.844063140623485181e-14
3.459950998887240559e+01,0.000000000000000000e+00,7.724831351930052520e-04
1.275124473689645122e+01,0.000000000000000000e+00,5.399525312229672691e-01
1.250322076765352719e+01,0.000000000000000000e+00,3.494520089686179443e-01
1.904522015477754593e+01,0.000000000000000000e+00,1.094992154170982834e-01
3.459999847412109375e+01,0.000000000000000000e+00,-2.003003992751892168e-13
3.459999847412109375e+01,0.000000000000000000e+00,-6.599082457763777622e-14
2.737077946141112150e+01,0.000000000000000000e+00,1.821734068865890899e-01
3.459999847412109375e+01,0.000000000000000000e+00,-6.995915569195962339e-14
3.459999847412109375e+01,0.000000000000000000e+00,9.543565477223874831e-10
3.459999847412109375e+01,0.000000000000000000e+00,9.927968801071292060e-14
3.459999847412109375e+01,0.000000000000000000e+00,-8.184533734771571255e-14
5.692744262701485702e+00,0.000000000000000000e+00,3.833958273998491206e-01
3.460037860917561403e+01,0.000000000000000000e+00,1.656612791552023703e-04
1.377322407325645948e+01,0.000000000000000000e+00,-2.262299018301533238e+00
3.125166679926638835e+01,0.000000000000000000e+00,1.118495941862247683e-01
3.459999847412109375e+01,0.000000000000000000e+00,5.591491831012752314e-08
3.459999847412108664e+01,0.000000000000000000e+00,-3.847840739940001141e-14
2.366625762258206223e+01,0.000000000000000000e+00,2.100132681368165888e-01
3.459999847412109375e+01,0.000000000000000000e+00,-1.360178154979289840e-13
9.003052112386738415e+00,0.000000000000000000e+00,9.390031883201479523e-01
3.459999847412108664e+01,0.000000000000000000e+00,-1.408986626268226597e-07
3.460004574455685145e+01,0.000000000000000000e+00,3.291358983760295589e-05
3.459999847412109375e+01,0.000000000000000000e+00,3.286637508559546525e-14
4.451077876423999768e+00,0.000000000000000000e+00,-2.980421205956720776e+00
3.460045911827619847e+01,0.000000000000000000e+00,-7.207627233300606786e-04
3.457031916561306417e+01,0.000000000000000000e+00,4.224948944944494078e-02
3.459999847412109375e+01,0.000000000000000000e+00,9.575977488136848110e-14
3.333651317957774296e+01,0.000000000000000000e+00,4.440448309191430964e-01
3.459999847412109375e+01,0.000000000000000000e+00,-8.576022795676273158e-09
3.459999847412109375e+01,0.000000000000000000e+00,4.369430035843174901e-10
3.451966147759763004e+01,0.000000000000000000e+00,4.123019356777776062e-02
3.459999847412109375e+01,0.000000000000000000e+00,-1.568237888004921550e-13
3.460039583085484338e+01,0.000000000000000000e+00,3.432058274226192085e-04
3.460674554470246278e+01,0.000000000000000000e+00,-6.632697246001405776e-03
3.459996802396578630e+01,0.000000000000000000e+00,1.321435313210391795e-04
3.460513095197174493e+01,0.000000000000000000e+00,-7.622154689994014090e-03
2.762142672158843482e+01,0.000000000000000000e+00,1.009254768326674628e-01
3.301071915764839559e+01,0.000000000000000000e+00,-1.799134394001071224e-01
1.250285021730321056e+01,0.000000000000000000e+00,7.553170194407445859e-01
3.445710059584693141e+01,0.000000000000000000e+00,-1.854359807582393715e+00
3.459999847412109375e+01,0.000000000000000000e+00,-2.353528471259995148e-13
3.459999847412109375e+01,0.000000000000000000e+00,4.812978066379188658e-11
3.409912445154778737e+01,0.000000000000000000e+00,2.052180125596551052e-01
3.459999847412109375e+01,0.000000000000000000e+00,-1.061884117208409913e-10
2.328658504124302553e+01,0.000000000000000000e+00,2.608168463346580146e-01
3.320590746176606700e+01,0.000000000000000000e+00,1.267654879435708704e-01
3.459999847412109375e+01,0.000000000000000000e+00,-4.904270594397716577e-14
2.037638444399572180e+01,0.000000000000000000e+00,2.165468631577686653e-01
3.459999626271348205e+01,0.000000000000000000e+00,-3.001722012521216014e-06
3.459999847412109375e+01,0.000000000000000000e+00,3.153349407180476507e-14
3.459994836580349187e+01,0.000000000000000000e+00,6.747996238902560415e-05
3.460780710292641515e+01,0.000000000000000000e+00,1.878998845397265643e-03
3.459999847412109375e+01,0.000000000000000000e+00,-5.937920622336326374e-14
3.459999847412109375e+01,0.000000000000000000e+00,9.612436930790979212e-14
1.990454841861967239e+01,0.000000000000000000e+00,7.131439132609042331e-02
2.585552914701474592e+01,0.000000000000000000e+00,-3.351121285710924713e+00
3.460002599292749181e+01,0.000000000000000000e+00,-6.426752717971292864e-05
2.739179010962649485e+01,0.000000000000000000e+00,2.456593668079721793e-01
3.459999847412109375e+01,0.000000000000000000e+00,-9.758202284225530453e-09
2.041684953993469165e+01,0.000000000000000000e+00,-1.278766019304655287e-03
3.609389300296163583e+01,0.000000000000000000e+00,1.496116635748792056e-01
2.939149521846080759e+01,0.000000000000000000e+00,1.948443625511938171e+00
3.459999847412109375e+01,0.000000000000000000e+00,3.382187136827372980e-14
3.459993393070433854e+01,0.000000000000000000e+00,1.084510147877097350e-04
3.459999847412109375e+01,0.000000000000000000e+00,8.804995508953961510e-11
3.459999847412109375e+01,0.000000000000000000e+00,1.118142839899392404e-12
3.459999847412109375e+01,0.000000000000000000e+00,-2.385247180854131938e-14
3.459999847412109375e+01,0.000000000000000000e+00,1.677489496617123532e-13
3.369799970158634750e+01,0.000000000000000000e+00,6.413998325502865416e-01
4.402334651338962956e+00,0.000000000000000000e+00,-2.835897629194048530e+00
3.459999847412109375e+01,0.000000000000000000e+00,9.513298349170783820e-15
3.439071781876154432e+01,0.000000000000000000e+00,5.105985838244320868e-02
3.459907711374622608e+01,0.000000000000000000e+00,1.959261388403670239e-03
3.669335780839051608e+01,0.000000000000000000e+00,2.351012212669121582e-01
3.459999847412109375e+01,0.000000000000000000e+00,-7.259648024594942862e-14
1.029239718440136642e+01,0.000000000000000000e+00,-1.300505293816681396e-01
3.811238662336132421e+01,0.000000000000000000e+00,-8.219180755675584704e-01
3.473870403314686683e+01,0.000000000000000000e+00,-4.562508195808988309e-02
1.420551593256640288e+01,0.000000000000000000e+00,4.268142110303236106e-03
3.459999847412109375e+01,0.000000000000000000e+00,4.817028764669684076e-10
3.459999847412109375e+01,0.000000000000000000e+00,8.653403722652821936e-09
3.460195302195696598e+01,0.000000000000000000e+00,-6.570665663558465392e-04
3.459999847412109375e+01,0.000000000000000000e+00,3.684271182390562599e-13
3.460014552963679790e+01,0.000000000000000000e+00,-3.266451580451698068e-04
3.459999847412109375e+01,0.000000000000000000e+00,2.401327464314623065e-07
3.501730947644930581e+01,0.000000000000000000e+00,1.305601038424393859e-02
3.459982566451510166e+01,0.000000000000000000e+00,-4.240089497537242579e-04
2.604806881164101995e+01,0.000000000000000000e+00,-2.291421623303843136e-01
3.459999847412110086e+01,0.000000000000000000e+00,9.865831373073454233e-09
3.459999847412109375e+01,0.000000000000000000e+00,1.998565978357105028e-13
3.459999847412109375e+01,0.000000000000000000e+00,4.210172548065450558e-14
3.459999847412109375e+01,0.000000000000000000e+00,-4.795934185371156067e-14
3.663030143170842479e+01,0.000000000000000000e+00,1.781964003949644895e-02
1.094358897365627215e+01,0.000000000000000000e+00,1.140473449471472167e-01
1.034583773716273214e+01,0.000000000000000000e+00,2.728230793099716278e-01
3.459999847412109375e+01,0.000000000000000000e+00,-2.730131873490648635e-14
9.476398092149317165e+00,0.000000000000000000e+00,4.151098796476205832e-01
3.460000022641926165e+01,0.000000000000000000e+00,2.683675630746828245e-06
3.459999847412109375e+01,0.000000000000000000e+00,-5.326694976348033751e-14
3.459880667084097894e+01,0.000000000000000000e+00,5.354342847777082692e-03
3.459999847412109375e+01,0.000000000000000000e+00,1.373766846289156913e-13
3.455731746151058559e+01,0.000000000000000000e+00,2.006653721683269651e-02
3.505049310547395436e+01,0.000000000000000000e+00,-1.734264345624815795e-01
3.459999847412109375e+01,0.000000000000000000e+00,5.439844778628276954e-06
3.464093624774449154e+01,0.000000000000000000e+00,-1.066195275372176440e-02
3.459999847412109375e+01,0.000000000000000000e+00,-1.743429894780944180e-13
3.461215365246696507e+01,0.000000000000000000e+00,-1.500363698354020489e-02
3.459999847412109375e+01,0.000000000000000000e+00,-1.289195197462984510e-13
3.459999847412109375e+01,0.000000000000000000e+00,-7.306592000418468686e-14
3.451480929123766117e+01,0.000000000000000000e+00,7.281031352212255503e-02
3.460000228881835938e+01,0.000000000000000000e+00,6.040990038836610336e-07
1.803036761510890784e+01,0.000000000000000000e+00,4.412222663224052988e-01
3.459999847412109375e+01,0.000000000000000000e+00,-1.862426806954507373e-14
3.459999847412109375e+01,0.000000000000000000e+00,1.095092910410968764e-13
2.237245223487765244e+01,0.000000000000000000e+00,1.338206731860728527e-01
3.459999847412109375e+01,0.000000000000000000e+00,3.229181423725984304e-07
1.170060493410369773e+01,0.000000000000000000e+00,2.951789582975015702e-01
3.445719356679818191e+01,0.000000000000000000e+00,2.259203077591799558e-01
3.459999847412109375e+01,0.000000000000000000e+00,-1.265372374979773654e-13
3.459999847412109375e+01,0.000000000000000000e+00,-6.746565577344049360e-10
3.459999847412109375e+01,0.000000000000000000e+00,1.200933247276163734e-13
3.459999847412109375e+01,0.000000000000000000e+00,6.234417061568872941e-14
3.459999847412109375e+01,0.000000000000000000e+00,-3.834319675425594904e-13
3.459999847412109375e+01,0.000000000000000000e+00,-1.042363584128664652e-13
3.459999847412109375e+01,0.000000000000000000e+00,1.473596253369855732e-08
3.460000074029267836e+01,0.000000000000000000e+00,-5.864473036325063492e-05
3.823249750443652317e+01,0.000000000000000000e+00,-8.159196166028918895e-02
3.204581447131934624e+01,0.000000000000000000e+00,3.269958382720215551e-01
3.459999847412109375e+01,0.000000000000000000e+00,-4.651843688897872031e-13
3.439506904312302282e+01,0.000000000000000000e+00,-1.606898018061928002e-02
3.459999847412109375e+01,0.000000000000000000e+00,1.343604022238075712e-10
3.459999847412109375e+01,0.000000000000000000e+00,2.472662624569640142e-07
3.576463330534669183e+01,0.000000000000000000e+00,2.322650535803730820e-01
3.459999847412109375e+01,0.000000000000000000e+00,-3.028787073804943364e-15
2.297778358983818947e+01,0.000000000000000000e+00,7.788940994688244857e-01
3.459975115026066561e+01,0.000000000000000000e+00,6.987877377490099703e-04
8.772176429188684565e+00,0.000000000000000000e+00,5.617442976972937263e-01
1.625663325716988084e+01,0.000000000000000000e+00,3.475479100272463318e-01
3.713418014713302284e+01,0.000000000000000000e+00,3.372081937615254432e-01
2.960462991779977315e+01,0.000000000000000000e+00,-5.973437429788613223e-02
3.459993101502075064e+01,0.000000000000000000e+00,1.240238100230215464e-04
3.457718791110095680e+01,0.000000000000000000e+00,1.819628107658506980e-02
3.459999847412109375e+01,0.000000000000000000e+00,-3.701668681351180931e-08
3.459999853421116711e+01,0.000000000000000000e+00,-1.916202020843439809e-04
3.459999847412109375e+01,0.000000000000000000e+00,1.082345431545195932e-14
3.457260256166491530e+01,0.000000000000000000e+00,4.579313694586573114e-01
3.460523364450153849e+01,0.000000000000000000e+00,4.860617238198621654e-03
1.355998875162332062e+01,0.000000000000000000e+00,-3.704803784394126477e-03
3.459985806202990943e+01,0.000000000000000000e+00,1.341928947238412047e-04
9.601404266830808609e+00,0.000000000000000000e+00,-3.958821417042106994e+00
3.459999847412109375e+01,0.000000000000000000e+00,-8.552362899006184618e-15
3.459999847412109375e+01,0.000000000000000000e+00,-7.442239946463661249e-11
3.459999847412109375e+01,0.000000000000000000e+00,1.092984907992711484e-14
3.402788976631600804e+01,0.000000000000000000e+00,8.241553837576016950e-02
1.399949185150909692e+01,0.000000000000000000e+00,1.464505394764685775e-01
3.460268453583557147e+01,0.000000000000000000e+00,-1.604392581147065424e-03
3.460120020081748038e+01,0.000000000000000000e+00,-5.358397632124037996e-03
3.459999847412109375e+01,0.000000000000000000e+00,-1.968028073644048013e-13
2.242316974728939627e+01,0.000000000000000000e+00,-1.849730394379792253e+00
3.459999847412109375e+01,0.000000000000000000e+00,-3.799139369400761475e-09
3.459999847412109375e+01,0.000000000000000000e+00,-1.689372340038894705e-08
3.690874694121226440e+01,0.000000000000000000e+00,6.422541127743235101e-02
3.873571729400877928e+01,0.000000000000000000e+00,6.448875526249716605e-01
2.989770756501643234e+01,0.000000000000000000e+00,2.743396141178748859e-01
3.459999736293579531e+01,0.000000000000000000e+00,-7.287012920261779059e-06
3.460008641309962485e+01,0.000000000000000000e+00,4.886045940519605224e-04
4.134732957813972654e+00,0.000000000000000000e+00,-3.373374271196646124e+00
3.459999847412109375e+01,0.000000000000000000e+00,7.715120886738539608e-14
3.459282979480786224e+01,0.000000000000000000e+00,1.473010172407410688e-02
3.459999847412109375e+01,0.000000000000000000e+00,-3.905243698721332638e-06
3.459999847412110086e+01,0.000000000000000000e+00,1.303259459712255059e-13
3.459999847412109375e+01,0.000000000000000000e+00,-3.639192625917020956e-13
3.459999847412109375e+01,0.000000000000000000e+00,3.255928372888136184e-08
3.551032567496612558e+01,0.000000000000000000e+00,1.092332590900330774e-01
3.460365198567382805e+01,0.000000000000000000e+00,-8.152715601228904818e-03
1.126084228291310829e+01,0.000000000000000000e+00,6.097575103844581346e-01
3.460473937523910593e+01,0.000000000000000000e+00,-1.899462643198128117e-02
1.848338736607242794e+01,0.000000000000000000e+00,4.678348639330508485e-01
3.459999847412109375e+01,0.000000000000000000e+00,1.690726229709003163e-13
3.460000093278746647e+01,0.000000000000000000e+00,-4.797567121052484786e-06
3.449039004926002150e+01,0.000000000000000000e+00,-1.241780588005987340e+00
1.195239534879757315e+01,0.000000000000000000e+00,4.749669339467023077e-01
3.459980189471085055e+01,0.000000000000000000e+00,1.406112939130369334e-04
3.453319801993562521e+01,0.000000000000000000e+00,-1.182897458575451685e-02
3.460208354712975876e+01,0.000000000000000000e+00,9.796927628793734941e-04
3.459999847412109375e+01,0.000000000000000000e+00,1.163457251920029232e-13
3.196407909826455196e+01,0.000000000000000000e+00,3.454888822559103873e-02
3.460260136540815523e+01,0.000000000000000000e+00,1.548318380382926462e-02
3.459999847412109375e+01,0.000000000000000000e+00,-3.150415451829303885e-14
3.280067987261416107e+01,0.000000000000000000e+00,1.394260601568518831e-01
3.459999847412109375e+01,0.000000000000000000e+00,-1.245770351960299927e-14
1.747360863043381229e+01,0.000000000000000000e+00,-2.220779367052956310e-01
3.985587480564346663e+01,0.000000000000000000e+00,-2.166069225530314890e-01
3.459999847412109375e+01,0.000000000000000000e+00,1.614160111172874622e-08
3.543076277068070823e+01,0.000000000000000000e+00,-2.739835380050349989e-01
2.921540375006127377e+01,0.000000000000000000e+00,1.868364994957538022e-02
1.614179490427708785e+01,0.000000000000000000e+00,-1.832557539115337308e-01
3.423327872455409704e+01,0.000000000000000000e+00,1.135864932712857822e-01
2.573389434561985212e+01,0.000000000000000000e+00,-1.522094777450036518e-01
3.459999847412109375e+01,0.000000000000000000e+00,1.800789644315145875e-14
3.460115704163005290e+01,0.000000000000000000e+00,-2.067468458174537033e-04
3.459999847412109375e+01,0.000000000000000000e+00,1.260327068595226366e-08
1.229680219939444541e+01,0.000000000000000000e+00,-3.665700704298151952e-02
3.446941694159745850e+01,0.000000000000000000e+00,6.279268268404573083e-01
3.621303097649744274e+01,0.000000000000000000e+00,9.820276547936621081e-02
3.459999847412109375e+01,0.000000000000000000e+00,-1.967538706660737890e-09
3.459999847412109375e+01,0.000000000000000000e+00,-5.761874834786628709e-14
9.268654410562390922e+00,0.000000000000000000e+00,-1.244778805093086221e-01
3.459999847412109375e+01,0.000000000000000000e+00,1.601352599020859002e-11
3.459999847412109375e+01,0.000000000000000000e+00,1.125894053574419540e-13
3.460000431404576915e+01,0.000000000000000000e+00,-2.127022861399294242e-06
3.472341699913085478e+01,0.000000000000000000e+00,-2.392825463303285549e-01
8.990617554844064330e+00,0.000000000000000000e+00,2.301489637048285408e-01
4.705898256353713727e+00,0.000000000000000000e+00,-2.169672983546394818e+00
3.461677787464363121e+01,0.000000000000000000e+00,-3.569078027757890265e-02
3.459999847412109375e+01,0.000000000000000000e+00,-1.906424770829755814e-13
3.459099883782268137e+01,0.000000000000000000e+00,-1.358642022299822328e-03
2.297456465529950975e+01,0.000000000000000000e+00,4.992355220174814479e-01
1.045553021999958965e+01,0.000000000000000000e+00,3.391447785971743456e-01
3.436555222888136996e+01,0.000000000000000000e+00,3.255579513122380808e-02
3.459999847412109375e+01,0.000000000000000000e+00,-5.961394358338163796e-06
3.459999847412109375e+01,0.000000000000000000e+00,-1.700167678781776294e-13
3.459994304677349675e+01,0.000000000000000000e+00,3.215722359624654993e-04
3.459999847412109375e+01,0.000000000000000000e+00,1.476428665921237934e-15
3.460000123509541936e+01,0.000000000000000000e+00,5.961048540165934260e-06
3.459999847412109375e+01,0.000000000000000000e+00,1.550816751181011860e-08
3.460007959220687468e+01,0.000000000000000000e+00,3.702516447113419736e-04
2.706310842365411062e+01,0.000000000000000000e+00,9.617386136817362985e-02
3.460000214776819405e+01,0.000000000000000000e+00,5.853315218568559084e-07
3.459999847412109375e+01,0.000000000000000000e+00,-1.200149474088897906e-13
3.459999847412109375e+01,0.000000000000000000e+00,-8.990047803401000852e-15
3.584736732586981134e+01,0.000000000000000000e+00,1.540787279633223594e+00
3.459999847412109375e+01,0.000000000000000000e+00,-9.480304177137341292e-13
1.039839484489370669e+01,0.000000000000000000e+00,5.083419080223793712e-02
1.152358730806902010e+01,0.000000000000000000e+00,-5.495221202936592109e-01
5.163078648079344468e+00,0.000000000000000000e+00,4.604571496820722420e-02
3.459999847412109375e+01,0.000000000000000000e+00,1.122082933844470777e-07
3.459999847412109375e+01,0.000000000000000000e+00,3.503199039982586826e-13
1.524348912242672505e+01,0.000000000000000000e+00,6.327573392092133986e-02
3.493900696077530199e+01,0.000000000000000000e+00,-1.730295224128789999e-01
2.031018028583446267e+01,0.000000000000000000e+00,1.369119318370100258e+00
3.461353498475607182e+01,0.000000000000000000e+00,2.034194608233364301e-02
3.437692530485183795e+01,0.000000000000000000e+00,7.966500854509445118e-02
3.459999847412109375e+01,0.000000000000000000e+00,-9.688957686841676208e-10
1.324417761334588661e+01,0.000000000000000000e+00,3.979214441751757203e-01
4.174738822071071276e+00,0.000000000000000000e+00,-2.208185519830438537e+00
3.401893014512948099e+01,0.000000000000000000e+00,1.547070856531390995e-02
3.459999718100460342e+01,0.000000000000000000e+00,1.725063300613095970e-07
3.459999847412109375e+01,0.000000000000000000e+00,-1.858461599385458446e-06
3.791181100692237038e+01,0.000000000000000000e+00,1.852173292467836907e-01
3.533229756737873117e+01,0.000000000000000000e+00,-2.927619376521569880e-02
9.450664326034862839e+00,0.000000000000000000e+00,5.627327230462024765e-01
3.607975243645631025e+01,0.000000000000000000e+00,3.577391088220008286e-02
3.459999847412109375e+01,0.000000000000000000e+00,-2.446717155613036911e-14
3.459999847412109375e+01,0.000000000000000000e+00,4.154492813621381934e-09
1.417702924501333861e+01,0.000000000000000000e+00,3.182066437526483993e-01
3.460056989561798702e+01,0.000000000000000000e+00,4.058135726824492993e-04
3.459999847412109375e+01,0.000000000000000000e+00,-1.815428876164139104e-13
2.453609370166364911e+01,0.000000000000000000e+00,3.473164419710959017e-01
3.459997644251103566e+01,0.000000000000000000e+00,4.473330846608329718e-05
1.509410384467761723e+01,0.000000000000000000e+00,8.221936765880057951e-01
3.403364339392868487e+01,0.000000000000000000e+00,1.883105987108325829e-01
3.463192681703529274e+01,0.000000000000000000e+00,-6.544236977075333986e-03
3.460001378378529324e+01,0.000000000000000000e+00,-3.455359443038151142e-06
1.096647196826927839e+01,0.000000000000000000e+00,-1.664173413624395192e-01
3.456098797033250491e+01,0.000000000000000000e+00,9.466464191574548714e-03
3.459999847412109375e+01,0.000000000000000000e+00,2.669248774206850807e-14
3.459999847412109375e+01,0.000000000000000000e+00,-1.233007225774711150e-08
3.460033881898034025e+01,0.000000000000000000e+00,3.008777080184754042e-04
2.581017077038876550e+01,0.000000000000000000e+00,2.395641001693486483e-01
1.063074812900813981e+01,0.000000000000000000e+00,5.680323361988578457e-01
3.459999847412109375e+01,0.000000000000000000e+00,1.133502839192650319e-08
3.521291606885299785e+01,0.000000000000000000e+00,1.149251546770943266e-01
1.090807688265166320e+01,0.000000000000000000e+00,4.433372808772387264e-01
3.456272985420372379e+01,0.000000000000000000e+00,2.639234663664036598e-02
3.459999847412109375e+01,0.000000000000000000e+00,-1.407831472656892637e-13
3.459999777512452823e+01,0.000000000000000000e+00,1.262462474078095481e-05
3.459999847412109375e+01,0.000000000000000000e+00,-1.043754967814969920e-13
3.459999847412109375e+01,0.000000000000000000e+00,-1.060499988648451996e-13
3.459999847412109375e+01,0.000000000000000000e+00,-1.640707303467337604e-13
3.459999847412109375e+01,0.000000000000000000e+00,7.758706682465749582e-13
3.458054209881896668e+01,0.000000000000000000e+00,-2.453981993501028191e-02
3.459991366834189108e+01,0.000000000000000000e+00,1.809949339727207995e-04
1.210544403542130709e+01,0.000000000000000000e+00,-8.702150574903025904e-01
1.529536374418799483e+01,0.000000000000000000e+00,2.093114281851374270e-01
1.147073517641505980e+01,0.000000000000000000e+00,8.037193709041153822e-01
3.461439109528301117e+01,0.000000000000000000e+00,-1.428680823611781434e-02
8.266218035979617795e+00,0.000000000000000000e+00,3.685561957383212683e-01
3.459999847412109375e+01,0.000000000000000000e+00,-2.103598202189950639e-13
2.818032189863435377e+01,0.000000000000000000e+00,2.881935015735572966e-02
3.459999847412109375e+01,0.000000000000000000e+00,-1.007451184980756201e-06
3.615410137037032712e+01,0.000000000000000000e+00,6.151496886497830746e-02
3.460001416880104586e+01,0.000000000000000000e+00,-1.466322759621432751e-04
9.907771107096523977e+00,0.000000000000000000e+00,2.575399349376855107e-01
3.459999946660249037e+01,0.000000000000000000e+00,-9.071195171062803282e-06
3.459999847412109375e+01,0.000000000000000000e+00,1.414128638526317518e-15
1.089591567147483708e+01,0.000000000000000000e+00,-5.900999947396899925e-01
3.747848343869399201e+01,0.000000000000000000e+00,2.328707461021450320e-01
3.459999847412109375e+01,0.000000000000000000e+00,-3.959926790867503300e-14
3.459940896047265113e+01,0.000000000000000000e+00,8.601518648330289465e-04
4.842789347861324423e+00,0.000000000000000000e+00,-2.917380410355556730e+00
3.459999847412109375e+01,0.000000000000000000e+00,8.392970721454312270e-10
1.384935349711740749e+01,0.000000000000000000e+00,6.036038383682499481e-02
3.437090578245898342e+01,0.000000000000000000e+00,-6.420751157945147058e-01
3.462361829930886614e+01,0.000000000000000000e+00,-1.870164575549398620e-02
3.459999847412110086e+01,0.000000000000000000e+00,1.063251749713501788e-13
3.459999847412109375e+01,0.000000000000000000e+00,-2.120696751937583313e-14
2.810433080028140296e+01,0.000000000000000000e+00,1.242141938078113572e+00
2.496129943241909643e+01,0.000000000000000000e+00,1.230050392782836427e-01
3.459995998512815873e+01,0.000000000000000000e+00,3.023431743254562532e-04
3.459999847412109375e+01,0.000000000000000000e+00,-1.408171132867910846e-13
9.420449668242422803e+00,0.000000000000000000e+00,1.422713939037346387e-01
3.460148163064468463e+01,0.000000000000000000e+00,1.434993032649856202e-03
3.459999847412109375e+01,0.000000000000000000e+00,-1.480336147878512334e-13
4.749400065010187078e+00,0.000000000000000000e+00,-1.967231551093721054e+00
3.459999847412109375e+01,0.000000000000000000e+00,-2.869977578633070760e-07
3.459999847412109375e+01,0.000000000000000000e+00,-1.682907692325194549e-13
3.331020329421434667e+01,0.000000000000000000e+00,2.286140354150943965e-01
3.416572919373331985e+01,0.000000000000000000e+00,1.398851863199635503e-01
3.459999847412109375e+01,0.000000000000000000e+00,6.103673342943107654e-09
3.459999847412110086e+01,0.000000000000000000e+00,1.442383613982921064e-10
3.459999847412109375e+01,0.000000000000000000e+00,1.633779415750253186e-14
1.670404722728171620e+01,0.000000000000000000e+00,-1.110988260110888221e-01
3.459999847412109375e+01,0.000000000000000000e+00,1.069174270557975988e-13
3.459999847412109375e+01,0.000000000000000000e+00,-7.951504070704876710e-14
3.459999847412109375e+01,0.000000000000000000e+00,5.455621351662663832e-14
3.459984198107812858e+01,0.000000000000000000e+00,6.242152574089437282e-05
2.162548095136970971e+01,0.000000000000000000e+00,1.415506692889997309e-01
3.459999847412109375e+01,0.000000000000000000e+00,-4.443769882349153276e-16
3.929352856597139976e+01,0.000000000000000000e+00,-7.171321976776944274e-01
3.483525707859399034e+01,0.000000000000000000e+00,-1.512465575829538902e-02
1.198020994580414111e+01,0.000000000000000000e+00,1.262572633506602593e-01
3.459999847412109375e+01,0.000000000000000000e+00,2.701451800988056545e-14
3.459999847412109375e+01,0.000000000000000000e+00,-2.916751511492195916e-15
3.459999847412109375e+01,0.000000000000000000e+00,4.625896487651073106e-15
3.459999847412109375e+01,0.000000000000000000e+00,3.120434027759008271e-08
2.390199889916759091e+01,0.000000000000000000e+00,2.575981267212700820e-01
3.621093995683990130e+01,0.000000000000000000e+00,-2.588133275739104011e-01
3.438827521564819278e+01,0.000000000000000000e+00,-5.908799192635846159e-02
1.085786638841355334e+01,0.000000000000000000e+00,4.550232933795082535e-01
3.459999847412109375e+01,0.000000000000000000e+00,2.102900386886949182e-13
3.459999847412110086e+01,0.000000000000000000e+00,2.619180313674960474e-11
2.663200351604958271e+01,0.000000000000000000e+00,4.737020681662421628e-01
3.459999847412109375e+01,0.000000000000000000e+00,-1.417777164770784226e-13
4.130412866526465621e+01,0.000000000000000000e+00,-4.413791289993386768e-01
3.459999847412109375e+01,0.000000000000000000e+00,2.379453484959348832e-09
3.653125719654285319e+01,0.000000000000000000e+00,-3.052593574617971095e-01
1.147489279256262584e+01,0.000000000000000000e+00,-4.412701026940158755e+00
3.470180665036455281e+01,0.000000000000000000e+00,-1.332201716716110429e-01
1.624241337993220924e+01,0.000000000000000000e+00,7.856433076791943249e-01
3.459437713925770908e+01,0.000000000000000000e+00,-6.280094056616418972e-03
3.459999847412109375e+01,0.000000000000000000e+00,4.466712904145431231e-14
3.459999847412109375e+01,0.000000000000000000e+00,-1.537405185797480200e-13
3.459999847412109375e+01,0.000000000000000000e+00,-1.248403520886406405e-13
3.441496711408480280e+01,0.000000000000000000e+00,3.466410111975592317e-02
3.459164289902305001e+01,0.000000000000000000e+00,4.446235894294240862e-03
1.689514671598032081e+01,0.000000000000000000e+00,3.468618137076283081e-01
3.459999847412109375e+01,0.000000000000000000e+00,5.644005857552285717e-14
8.242828248033026384e+00,0.000000000000000000e+00,1.244972969179133138e+00
3.981262705815713332e+01,0.000000000000000000e+00,2.644102795887632862e-01
3.459999847412109375e+01,0.000000000000000000e+00,1.830944132505301000e-14
1.235636030776757011e+01,0.000000000000000000e+00,2.581336334127788401e-01
1.008516721042116870e+01,0.000000000000000000e+00,-2.528620790291773002e+00
9.319880970928071662e+00,0.000000000000000000e+00,4.357090365647600660e-01
6.573697336502281274e+00,0.000000000000000000e+00,-2.569973930130295070e+00
1.530851505561355097e+01,0.000000000000000000e+00,4.488559142777006072e-01
3.459999847412109375e+01,0.000000000000000000e+00,-2.275078947850631308e-07
3.459999847412109375e+01,0.000000000000000000e+00,4.297403924063744753e-14
4.015727674571591876e+01,0.000000000000000000e+00,4.605594322075949876e-01
3.459999847412109375e+01,0.000000000000000000e+00,2.549604679830238235e-07
3.444824365874531225e+01,0.000000000000000000e+00,2.688948033923280190e-02
3.459999847412109375e+01,0.000000000000000000e+00,-1.250288444370643375e-13
9.610287423246873573e+00,0.000000000000000000e+00,-4.439396672844076602e-02
3.459999847412109375e+01,0.000000000000000000e+00,-6.422303908907880786e-15
3.459999847412109375e+01,0.000000000000000000e+00,6.759872539187448953e-08
3.459999847412109375e+01,0.000000000000000000e+00,-1.993102978279234817e-08
3.459999847412109375e+01,0.000000000000000000e+00,9.612666734308804665e-10
3.460187971680971231e+01,0.000000000000000000e+00,4.511602770687606588e-03
3.459997745155428106e+01,0.000000000000000000e+00,6.808679181059282628e-05
3.460147410647573452e+01,0.000000000000000000e+00,-3.627728307302155713e-03
3.575039062092881892e+01,0.000000000000000000e+00,5.385930211507513610e-01
3.460002047826770166e+01,0.000000000000000000e+00,-7.264076705999555428e-05
3.459999876414194375e+01,0.000000000000000000e+00,-2.434823386418174225e-07
3.459992277691210205e+01,0.000000000000000000e+00,-4.966967304947005665e-04
3.459999598360143125e+01,0.000000000000000000e+00,-2.416340248895603877e-06
3.459999847412109375e+01,0.000000000000000000e+00,-1.545921199810951290e-13
3.562870524774824332e+01,0.000000000000000000e+00,8.514492004902624034e-02
1.571204729593405958e+01,0.000000000000000000e+00,4.125776769376338637e-01
3.459972338560948657e+01,0.000000000000000000e+00,6.476706187109039460e-04
3.455208889261802341e+01,0.000000000000000000e+00,6.546396910773646938e-02
3.459999847412109375e+01,0.000000000000000000e+00,2.295030998881217308e-15
3.459787819512037288e+01,0.000000000000000000e+00,4.725978646199774716e-03
3.459999847412109375e+01,0.000000000000000000e+00,-2.989087351486657146e-13
3.739487554635395838e+01,0.000000000000000000e+00,-3.144735204567497888e+00
3.530263123117212132e+01,0.000000000000000000e+00,2.159250996625154961e-01
3.460000582462622987e+01,0.000000000000000000e+00,4.064104909009903696e-05
3.459999719025819331e+01,0.000000000000000000e+00,1.203813343413724299e-05
2.548302347799376122e+01,0.000000000000000000e+00,1.266238845589631179e-01
3.518492593476826613e+01,0.000000000000000000e+00,-8.512477256479968890e-01
3.460000122221607199e+01,0.000000000000000000e+00,1.005576687381799024e-06
3.519016510066962411e+01,0.000000000000000000e+00,1.110728128623049253e-02
3.459999847412109375e+01,0.000000000000000000e+00,-1.189456344082958310e-09
2.967193015701606029e+01,0.000000000000000000e+00,4.436111907319650882e-01
3.517516632406019284e+01,0.000000000000000000e+00,9.694495388938516311e-02
3.459999275750070069e+01,0.000000000000000000e+00,-2.026269563794673395e-06
9.095680502085503605e+00,0.000000000000000000e+00,2.943896797509298544e-02
1.545574703063208410e+01,0.000000000000000000e+00,3.321294232972090699e-01
3.459999847412109375e+01,0.000000000000000000e+00,-6.551942922594377653e-14
1.079729674190633482e+01,0.000000000000000000e+00,-4.920661992980694399e-01
3.459999847412109375e+01,0.000000000000000000e+00,-4.742040925303983635e-14
3.459999847412109375e+01,0.000000000000000000e+00,5.800423945628682764e-11
4.772102942417601135e+00,0.000000000000000000e+00,-1.158574125087836526e+00
3.459999847412109375e+01,0.000000000000000000e+00,-2.311665578037382626e-13
3.459999847412109375e+01,0.000000000000000000e+00,-2.515570970544465332e-11
3.459999847412109375e+01,0.000000000000000000e+00,7.430063799716531626e-13
2.208743957123102675e+01,0.000000000000000000e+00,5.979841620830675941e-01
3.459837793358413194e+01,0.000000000000000000e+00,8.781969823868233981e-04
2.522193739113414068e+01,0.000000000000000000e+00,2.038709042196438503e-01
3.459999847412109375e+01,0.000000000000000000e+00,3.739448957493063827e-08
3.459999847412109375e+01,0.000000000000000000e+00,1.947967458712459405e-13
3.459999847412109375e+01,0.000000000000000000e+00,-1.954233615373922271e-13
3.459999847412109375e+01,0.000000000000000000e+00,1.751082948656394520e-13
3.459999847412109375e+01,0.000000000000000000e+00,2.210027390303485622e-13
1.049134044007227651e+01,0.000000000000000000e+00,-4.726059306177420732e-02
3.459999847412109375e+01,0.000000000000000000e+00,-7.182154349917452131e-10
3.453893735129761211e+01,0.000000000000000000e+00,4.366753193276771972e-02
3.411067106300185259e+01,0.000000000000000000e+00,4.474596765029114631e-01
3.459999847412109375e+01,0.000000000000000000e+00,5.072699196490937530e-10
3.460000048071270840e+01,0.000000000000000000e+00,9.834481279152494719e-06
3.459166367943603859e+01,0.000000000000000000e+00,1.854346121111517809e-02
3.460453876028984865e+01,0.000000000000000000e+00,9.371840414770775006e-04
3.459903816973750423e+01,0.000000000000000000e+00,1.230957244928793277e-02
2.952400233889080639e+01,0.000000000000000000e+00,1.596350473982413587e-01
3.557633376762323962e+01,0.000000000000000000e+00,1.090140514324234866e-01
3.459999847412109375e+01,0.000000000000000000e+00,6.192621668383273227e-11
3.459999847412108664e+01,0.000000000000000000e+00,-4.086181239944580708e-14
3.449562715347438058e+01,0.000000000000000000e+00,-3.292890095734371525e-02
3.459999847412109375e+01,0.000000000000000000e+00,-9.371753571390553316e-08
3.459999847412109375e+01,0.000000000000000000e+00,1.875407395977160656e-14
3.459999847412109375e+01,0.000000000000000000e+00,1.376371730303568116e-13
8.951355565361161837e+00,0.000000000000000000e+00,-3.123689782394143410e+00
2.134806272291602980e+01,0.000000000000000000e+00,7.106006299620631905e-01
3.459999847412109375e+01,0.000000000000000000e+00,6.765815711500600820e-14
3.507498539027390905e+01,0.000000000000000000e+00,3.015939412116870610e-02
3.459999847412109375e+01,0.000000000000000000e+00,-2.350049811302751040e-13
3.459999138770517391e+01,0.000000000000000000e+00,-3.404955425339409482e-05
3.460014335737215418e+01,0.000000000000000000e+00,-2.462535855707206648e-05
3.459999847412109375e+01,0.000000000000000000e+00,9.289582230746837817e-14
3.460000228881835938e+01,0.000000000000000000e+00,-1.661182349029880676e-06
3.459999847412109375e+01,0.000000000000000000e+00,2.077540380609203358e-14
3.459999847412109375e+01,0.000000000000000000e+00,-2.000225829183257702e-13
3.459999847412109375e+01,0.000000000000000000e+00,-1.254750426823991738e-13
3.928699608113215902e+01,0.000000000000000000e+00,-3.136445516599415534e-02
3.459999847412109375e+01,0.000000000000000000e+00,-2.191748306103364599e-14
3.504967189545600093e+01,0.000000000000000000e+00,1.119816388816932129e-01
3.599242059393728255e+01,0.000000000000000000e+00,9.377602848851623873e-02
3.459999847412109375e+01,0.000000000000000000e+00,-9.283766512774216117e-14
3.460218625985491059e+01,0.000000000000000000e+00,1.621548655492820396e-03
2.195582083038649657e+01,0.000000000000000000e+00,-4.778883806542571500e-01
3.459999847412109375e+01,0.000000000000000000e+00,-1.951325155464289787e-14
3.455515877153625581e+01,0.000000000000000000e+00,-1.148164251241110684e-02
3.459998582086174679e+01,0.000000000000000000e+00,8.773053276153689600e-03
3.216366591817067899e+01,0.000000000000000000e+00,2.884563207868876544e-01
3.459991227398977998e+01,0.000000000000000000e+00,-1.432123774185980938e-04
3.459999847412109375e+01,0.000000000000000000e+00,3.554165020027971730e-07
4.045568075979871026e+01,0.000000000000000000e+00,-1.575824396235325775e-01
3.459999847412109375e+01,0.000000000000000000e+00,2.645679027629092669e-08
3.459991045142214006e+01,0.000000000000000000e+00,2.476382227537409658e-04
3.459999847412109375e+01,0.000000000000000000e+00,-5.355091959769151941e-12
3.459999847412109375e+01,0.000000000000000000e+00,1.641988187575254016e-13
3.459999847412109375e+01,0.000000000000000000e+00,-1.752747191345892097e-11
3.460401269328215790e+01,0.000000000000000000e+00,2.250792161299892437e-03
3.459999847412109375e+01,0.000000000000000000e+00,6.103731122461787735e-14
3.463055622746644246e+01,0.000000000000000000e+00,8.218782011290026723e-02
3.435131048569768097e+01,0.000000000000000000e+00,3.821847653058937228e-02
2.970707043518640234e+01,0.000000000000000000e+00,9.868090981622771318e-01
3.459999847412109375e+01,0.000000000000000000e+00,-1.154177952082646067e-13
4.329147320839978441e+00,0.000000000000000000e+00,-2.858830279174500166e+00
3.459999847412109375e+01,0.000000000000000000e+00,2.841325828902177230e-14
3.095938566584025509e+01,0.000000000000000000e+00,3.152923473266300847e-01
3.459999847412109375e+01,0.000000000000000000e+00,-6.626636957039036914e-07
3.460001051631562063e+01,0.000000000000000000e+00,-2.029597032174978294e-05
3.212367420058991740e+01,0.000000000000000000e+00,-2.013635031465398351e-01
3.459999847412109375e+01,0.000000000000000000e+00,4.125681510573479931e-14
3.458071569635463050e+01,0.000000000000000000e+00,-1.244501029145718245e-02
3.459999847412109375e+01,0.000000000000000000e+00,-1.901961080691580914e-14
3.460000002160435173e+01,0.000000000000000000e+00,2.839829741202898377e-06
3.458957649465880735e+01,0.000000000000000000e+00,1.021378517251070664e-02
3.856279031848894334e+01,0.000000000000000000e+00,4.469420278535001234e-01
3.459999847412109375e+01,0.000000000000000000e+00,5.043967143042212419e-14
3.459999847412109375e+01,0.000000000000000000e+00,1.454929827603973900e-13
3.459999847412109375e+01,0.000000000000000000e+00,6.488986911757529402e-14
3.459999847412109375e+01,0.000000000000000000e+00,3.478372305862140868e-10
3.460134769745647532e+01,0.000000000000000000e+00,-1.265090982642652108e-03
3.459999847412109375e+01,0.000000000000000000e+00,-3.269960089960695722e-10
3.459999847412109375e+01,0.000000000000000000e+00,4.586477927551596700e-14
9.642722740675122139e+00,0.000000000000000000e+00,2.283682038953003812e-01
3.460033749177534901e+01,0.000000000000000000e+00,1.841150457304053731e-03
3.459999847412109375e+01,0.000000000000000000e+00,2.214185735149081454e-13
3.460003056891622464e+01,0.000000000000000000e+00,3.799604462028117064e-05
3.460053431081890807e+01,0.000000000000000000e+00,7.063809911619035788e-04
3.743574684673738062e+01,0.000000000000000000e+00,-3.271936127095987357e-01
3.459999926740905352e+01,0.000000000000000000e+00,-3.801152318091954596e-07
2.885651043496852708e+01,0.000000000000000000e+00,7.805013050351087278e-01
3.459754604084962892e+01,0.000000000000000000e+00,9.821025058773108496e-04
3.459999847412109375e+01,0.000000000000000000e+00,3.834879745489091466e-12
3.428812727159875351e+01,0.000000000000000000e+00,-1.034841278205376851e-02
3.460448109269415795e+01,0.000000000000000000e+00,9.978241988602386259e-04
3.459996443892196538e+01,0.000000000000000000e+00,-4.023948673035509550e-05
3.459999847412109375e+01,0.000000000000000000e+00,5.296216654629649245e-14
8.693955915939870494e+00,0.000000000000000000e+00,-9.351501801783787537e-02
3.459999847412109375e+01,0.000000000000000000e+00,-4.903937978060139577e-14
9.247391208355393744e+00,0.000000000000000000e+00,8.334435058637360560e-01
2.806527775397789881e+01,0.000000000000000000e+00,-8.699836754958155394e-02
2.740810677158079756e+01,0.000000000000000000e+00,1.930132630469497124e-01
2.443776471141381279e+01,0.000000000000000000e+00,3.835341046621634775e-01
3.459999847412109375e+01,0.000000000000000000e+00,-2.325238490289215191e-13
3.459999847412109375e+01,0.000000000000000000e+00,6.362151229747388446e-10
3.460353597906684087e+01,0.000000000000000000e+00,-3.741845440026966840e-03
1.343928657697593110e+01,0.000000000000000000e+00,4.241548527211806419e-01
3.459999847412109375e+01,0.000000000000000000e+00,-7.263571390646007542e-14
3.457378826425829743e+01,0.000000000000000000e+00,-3.342654651444501232e-03
3.521751184642232602e+01,0.000000000000000000e+00,-4.266812344215411418e-02
3.459999711325752259e+01,0.000000000000000000e+00,6.897209268710148653e-05
3.484551648746744235e+01,0.000000000000000000e+00,-2.527042751119597599e-02
1.869836961206682702e+01,0.000000000000000000e+00,9.219453987091019709e-02
9.528471003409064721e+00,0.000000000000000000e+00,2.005371946246870263e-01
3.459999847412109375e+01,0.000000000000000000e+00,1.619576336425499157e-13
3.468839760230633829e+01,0.000000000000000000e+00,-8.202942153095300892e-02
3.683420897329941113e+01,0.000000000000000000e+00,1.609648193410747330e-01
3.459999847412109375e+01,0.000000000000000000e+00,2.162830579680811838e-11
3.459999847412109375e+01,0.000000000000000000e+00,2.213479809669018599e-14
1.688092291955621249e+01,0.000000000000000000e+00,-1.451800098695612933e-02
3.459999847412109375e+01,0.000000000000000000e+00,-9.005280780671869500e-10
3.460000075722756208e+01,0.000000000000000000e+00,-1.265899687655099953e-05
2.416112189857104653e+01,0.000000000000000000e+00,4.287713911107575160e-01
4.260186292094211069e+00,0.000000000000000000e+00,-2.640570611602270024e+00
3.459999847412109375e+01,0.000000000000000000e+00,-2.058532500650992095e-13
3.459999847412109375e+01,0.000000000000000000e+00,3.306192485974994419e-09
3.459870313165013300e+01,0.000000000000000000e+00,2.021535469331547236e-03
3.459999847412109375e+01,0.000000000000000000e+00,4.135654618781448008e-08
3.459877023874273760e+01,0.000000000000000000e+00,1.922926848888749157e-03
3.459999847412109375e+01,0.000000000000000000e+00,5.829028518539415041e-09
6.407386548747898480e+00,0.000000000000000000e+00,-6.006964886803388692e-01
3.459999847412109375e+01,0.000000000000000000e+00,1.411438919699956707e-14
3.459999847412109375e+01,0.000000000000000000e+00,-2.334036424283837663e-13
3.459999847412109375e+01,0.000000000000000000e+00,6.787541149334739442e-09
1.187247631821742822e+01,0.000000000000000000e+00,9.375049490110114181e-02
9.562117113213002284e+00,0.000000000000000000e+00,-1.319102743166651603e-01
3.459999847412109375e+01,0.000000000000000000e+00,8.612592293493200110e-15
3.084720646475552286e+01,0.000000000000000000e+00,3.617916281002501316e-02
3.459999847412109375e+01,0.000000000000000000e+00,-7.930710226436860675e-11
3.459999847412109375e+01,0.000000000000000000e+00,-5.211449645699729852e-14
3.446684865287990363e+01,0.000000000000000000e+00,2.122270993288612531e-02
3.459999847412109375e+01,0.000000000000000000e+00,-1.052274273065403840e-12
3.459999847412109375e+01,0.000000000000000000e+00,4.094874515687947168e-14
3.308230761859643820e+01,0.000000000000000000e+00,2.774190045680670069e-01
7.731136039866107978e+00,0.000000000000000000e+00,1.292025797031041978e-01
3.459999847412109375e+01,0.000000000000000000e+00,7.421079677178186660e-14
3.275389814583701309e+01,0.000000000000000000e+00,1.234573165721168791e-01
1.840970631531628499e+01,0.000000000000000000e+00,5.261535642640079447e-01
3.511034280324313528e+01,0.000000000000000000e+00,2.157610416221598382e-01
3.459999847412109375e+01,0.000000000000000000e+00,-5.035827877739413319e-13
3.459999847412108664e+01,0.000000000000000000e+00,1.209185489182582278e-08
3.459999847412109375e+01,0.000000000000000000e+00,-1.670833149466189461e-14
3.460309793096107711e+01,0.000000000000000000e+00,-2.651783000749168093e-03
3.165663942914168416e+01,0.000000000000000000e+00,-1.542478304366812041e-02
4.515484803263857927e+00,0.000000000000000000e+00,-2.622856243854353231e+00
3.460000228881835938e+01,0.000000000000000000e+00,-1.252395208458493322e-07
4.811199838409478957e+00,0.000000000000000000e+00,-2.864031053187151787e+00
3.459999847412109375e+01,0.000000000000000000e+00,-1.627633387315916794e-06
3.205119150379996285e+01,0.000000000000000000e+00,4.054040854725871612e-01
3.459999470073115901e+01,0.000000000000000000e+00,1.028512135556521880e-05
3.983043687129836741e+01,0.000000000000000000e+00,-1.171452971637019919e-01
2.528881383311961883e+01,0.000000000000000000e+00,2.046309115303156234e-01
3.459975624849870712e+01,0.000000000000000000e+00,3.256491411248103093e-04
4.418603950752516774e+00,0.000000000000000000e+00,-3.013416825486185058e+00
3.459999847412109375e+01,0.000000000000000000e+00,-6.113702304566406318e-10
3.460274701148542675e+01,0.000000000000000000e+00,-5.068081060492772572e-03
3.459999847412109375e+01,0.000000000000000000e+00,-1.790941979008081867e-14
3.459999847412109375e+01,0.000000000000000000e+00,2.021580734993628671e-09
3.459999847412109375e+01,0.000000000000000000e+00,5.882872499977796350e-15
3.459999847412109375e+01,0.000000000000000000e+00,2.931695507823928078e-10
4.020811901672298916e+01,0.000000000000000000e+00,2.911680163104268249e-01
3.459999968160771289e+01,0.000000000000000000e+00,-7.065232696752945317e-08
3.411082162900576975e+01,0.000000000000000000e+00,-8.849144833618403094e-01
3.458040731934600842e+01,0.000000000000000000e+00,2.130565928586744193e-02
3.459999847412109375e+01,0.000000000000000000e+00,-1.357226765579532899e-13
2.307285783696374182e+01,0.000000000000000000e+00,2.415593461294108790e-01
3.459999847412109375e+01,0.000000000000000000e+00,3.295948723166905136e-14
3.459999847412109375e+01,0.000000000000000000e+00,-5.151126927641468228e-14
3.459999847412109375e+01,0.000000000000000000e+00,6.211479217384285083e-14
3.459999847412109375e+01,0.000000000000000000e+00,3.137275176507763837e-12
3.459999847412109375e+01,0.000000000000000000e+00,2.384523406580523449e-12
2.670324362013272435e+01,0.000000000000000000e+00,1.193234368106765447e-01
2.466067773475053926e+01,0.000000000000000000e+00,-2.561498219817889832e-01
3.459999847412109375e+01,0.000000000000000000e+00,-1.093506059626632517e-13
3.450267521156794714e+01,0.000000000000000000e+00,-2.287407296537826568e-02
3.780518376098088851e+01,0.000000000000000000e+00,-1.238328877933680294e+00
3.459999847412109375e+01,0.000000000000000000e+00,1.336749872051285407e-13
2.902282012725010674e+01,0.000000000000000000e+00,-9.226410318046934789e-01
3.459999847412109375e+01,0.000000000000000000e+00,-8.341027235267684917e-14
3.459999847412108664e+01,0.000000000000000000e+00,1.401784979923348668e-13
3.459999866301956217e+01,0.000000000000000000e+00,3.054746069839201671e-05
3.460000831012651901e+01,0.000000000000000000e+00,4.490336781750227260e-05
3.439005032814388585e+01,0.000000000000000000e+00,-4.458675311780523065e-02
3.460002886067865546e+01,0.000000000000000000e+00,-6.134234053577196789e-05
3.460254133470657223e+01,0.000000000000000000e+00,3.859461640937459368e-04
3.459999847412109375e+01,0.000000000000000000e+00,-1.161603017618958137e-09
3.541432039260676845e+01,0.000000000000000000e+00,-2.530153477846329713e-01
3.461508648058369175e+01,0.000000000000000000e+00,-3.775312712943630633e-03
3.459999847412109375e+01,0.000000000000000000e+00,-3.430003540094613990e-08
3.449662165139231007e+01,0.000000000000000000e+00,-3.450144765565314575e+00
3.459999847412109375e+01,0.000000000000000000e+00,1.361546720649542490e-13
3.459999847412109375e+01,0.000000000000000000e+00,-1.635562056706610956e-09
8.689241185618897134e+00,0.000000000000000000e+00,2.897961490962447373e-01
1.142091084470918005e+01,0.000000000000000000e+00,1.374355010588855786e-01
3.753023826831039855e+01,0.000000000000000000e+00,5.291588750600347835e-01
3.459999847412109375e+01,0.000000000000000000e+00,-5.271934045619102967e-14
3.461090892223785431e+01,0.000000000000000000e+00,7.191184867793191243e-03
3.459999847412109375e+01,0.000000000000000000e+00,-2.018804372440333442e-08
3.459999847412109375e+01,0.000000000000000000e+00,-1.323578737154119295e-14
3.459999847412109375e+01,0.000000000000000000e+00,5.459268710274282180e-14
3.459999847412109375e+01,0.000000000000000000e+00,1.007819533970347108e-06
1.016279368529610139e+01,0.000000000000000000e+00,-3.463262486642868065e+00
1.755397271068554232e+01,0.000000000000000000e+00,5.038980755149182755e-01
2.204480711344447030e+01,0.000000000000000000e+00,4.153968803402050547e-01
2.691956350823103250e+01,0.000000000000000000e+00,3.160441214004495181e-01
3.459999847412109375e+01,0.000000000000000000e+00,-1.717247192216368092e-13
2.570776552145732197e+01,0.000000000000000000e+00,2.665961793079617559e-01
3.460001482296556219e+01,0.000000000000000000e+00,-2.637308283032631069e-05
3.460117206635042209e+01,0.000000000000000000e+00,-3.436141890482964905e-03
8.982811060719869900e+00,0.000000000000000000e+00,-1.706847819198323013e-01
3.459999847412109375e+01,0.000000000000000000e+00,2.184239653905195472e-08
3.459428425586035161e+01,0.000000000000000000e+00,6.870171458984821941e-03
3.459999847412109375e+01,0.000000000000000000e+00,-3.947966994885619315e-14
2.925696463763497235e+01,0.000000000000000000e+00,6.106475379046791274e-02
3.455467054645946234e+01,0.000000000000000000e+00,-8.034026610682816483e-03
1.195670903492986348e+01,0.000000000000000000e+00,-2.641034048441745843e-02
3.649634554479284532e+01,0.000000000000000000e+00,8.346314921575317958e-02
3.421228011174327577e+01,0.000000000000000000e+00,5.042986646423083252e-01
3.000187442926918280e+01,0.000000000000000000e+00,3.409785744413046937e-01
3.459959040447229484e+01,0.000000000000000000e+00,-2.385965792263928381e-03
3.516711148260330333e+01,0.000000000000000000e+00,4.939063056762367510e-02
5.992409454054461015e+00,0.000000000000000000e+00,-9.490374692183715100e-01
3.459999847412109375e+01,0.000000000000000000e+00,1.047403831137332235e-13
3.461148284983830337e+01,0.000000000000000000e+00,9.022337108718815266e-03
8.683639625357887581e+00,0.000000000000000000e+00,3.823872274631037738e-01
3.459999847412109375e+01,0.000000000000000000e+00,2.275575520408980998e-11
3.461106683339623658e+01,0.000000000000000000e+00,-4.535575864457039828e-03
3.459939547102310797e+01,0.000000000000000000e+00,-1.026417636235155487e-02
3.459999847412109375e+01,0.000000000000000000e+00,8.573746906382723185e-14
3.459999847412109375e+01,0.000000000000000000e+00,3.285088800961928586e-14
1.572753380515955257e+01,0.000000000000000000e+00,3.302842055649272135e-01
3.459999847412109375e+01,0.000000000000000000e+00,3.030802683396001483e-14
3.239040692511295561e+01,0.000000000000000000e+00,1.428675847338712335e-01
3.595228268541474392e+01,0.000000000000000000e+00,-7.965214747618380997e-01
3.459999847412109375e+01,0.000000000000000000e+00,7.340913298275462775e-14
3.459976839263651982e+01,0.000000000000000000e+00,-2.867210128838228417e-04
3.439659591751905054e+01,0.000000000000000000e+00,-1.023374228697886135e-02
1.568829052039951755e+01,0.000000000000000000e+00,-8.065176317452275867e-02
3.459995232032371604e+01,0.000000000000000000e+00,1.017457631871742198e-04
3.462855767610543722e+01,0.000000000000000000e+00,-7.317881927091117455e-02
8.863197460508239089e+00,0.000000000000000000e+00,4.787962386860790120e-01
3.433129769042268009e+01,0.000000000000000000e+00,-9.603781446743311218e-03
3.459999847412109375e+01,0.000000000000000000e+00,6.953529806885478524e-12
3.460000243244085283e+01,0.000000000000000000e+00,5.125668438031530772e-06
1.413760926011550012e+01,0.000000000000000000e+00,3.899885483196300906e-01
3.459999847412109375e+01,0.000000000000000000e+00,1.353018312092745935e-13
3.462636929565015009e+01,0.000000000000000000e+00,1.072666139974389789e-02
2.109137734705072731e+01,0.000000000000000000e+00,1.903588157417270693e-02
3.458473505977028140e+01,0.000000000000000000e+00,2.836148559627000784e-02
3.451757709894744153e+01,0.000000000000000000e+00,-9.054731685512283981e-03
7.811448680707512970e+00,0.000000000000000000e+00,-5.953934713785384858e-01
3.459999847412109375e+01,0.000000000000000000e+00,3.216584779697543141e-14
9.869518813700308257e+00,0.000000000000000000e+00,4.366799439847554032e-01
5.096597413730789228e+00,0.000000000000000000e+00,-2.834119553278737325e+00
3.459999847412109375e+01,0.000000000000000000e+00,-3.216376198250967692e-13
3.459980633111116077e+01,0.000000000000000000e+00,2.891423436357982470e-04
1.519491953208685509e+01,0.000000000000000000e+00,3.334976508847649623e-01
3.459999847412108664e+01,0.000000000000000000e+00,3.811519195188377030e-14
1.058727904260826058e+01,0.000000000000000000e+00,4.104740392096354329e-01
3.459991410480122909e+01,0.000000000000000000e+00,-9.156090747970970184e-05
3.459999847412110086e+01,0.000000000000000000e+00,-3.363464300724102752e-09
1.312295349756972307e+01,0.000000000000000000e+00,-2.385292948162026083e-01
3.459999847412109375e+01,0.000000000000000000e+00,4.294477987493349397e-15
3.459999847412110086e+01,0.000000000000000000e+00,-1.372314436032031963e-13
3.467498396471440714e+01,0.000000000000000000e+00,-1.105677715055685545e-01
1.420603095062760168e+01,0.000000000000000000e+00,9.222596330185546254e-01
3.448657523085524446e+01,0.000000000000000000e+00,2.912583847135817496e-03
3.459999847412109375e+01,0.000000000000000000e+00,1.510375295228232725e-14
3.460030730242791464e+01,0.000000000000000000e+00,-9.490156672608661284e-04
3.459999847412109375e+01,0.000000000000000000e+00,1.827397815466896930e-09
8.932103367443827935e+00,0.000000000000000000e+00,6.479666606814221685e-02
3.556446348674111135e+01,0.000000000000000000e+00,9.852912760868785813e-02
3.459999847412109375e+01,0.000000000000000000e+00,1.111598588759563652e-13
1.338973568553094573e+01,0.000000000000000000e+00,-1.302744943145261493e-02
3.458467515892230182e+01,0.000000000000000000e+00,3.032535139908603089e-04
3.459999847412109375e+01,0.000000000000000000e+00,1.176695962744149204e-14
3.460000228881835938e+01,0.000000000000000000e+00,2.021665608564748105e-05
6.694571460755392778e+00,0.000000000000000000e+00,-1.274514207189131998e+00
3.285172751429797700e+01,0.000000000000000000e+00,5.678064755285304743e-01
3.459999847412109375e+01,0.000000000000000000e+00,9.027263761095163758e-15
3.459999847412109375e+01,0.000000000000000000e+00,-3.739000000753547727e-13
3.459999847412109375e+01,0.000000000000000000e+00,-4.160807384205408712e-12
3.450929307325352369e+01,0.000000000000000000e+00,-5.759592632704889359e-02
3.460000142410603985e+01,0.000000000000000000e+00,-6.920608403171743136e-08
3.460000228881835938e+01,0.000000000000000000e+00,-2.823102353147785312e-06
3.459999541414131841e+01,0.000000000000000000e+00,-1.382635730315579985e-07
3.445274381328999169e+01,0.000000000000000000e+00,7.793464508824855808e-02
3.459999847412109375e+01,0.000000000000000000e+00,2.304619405910843644e-14
3.459999847412109375e+01,0.000000000000000000e+00,-2.591923232972439213e-13
2.011532662953553086e+01,0.000000000000000000e+00,7.402356887376024819e-01
1.315997345900590787e+01,0.000000000000000000e+00,8.656234063906809162e-02
3.459999847412109375e+01,0.000000000000000000e+00,-1.356398370247157704e-13
3.443588297026168732e+01,0.000000000000000000e+00,2.265233301068412530e-01
3.459999897353658582e+01,0.000000000000000000e+00,-2.527027049254555297e-06
7.782876790299184222e+00,0.000000000000000000e+00,2.166513999741231239e-02
3.773130781326000260e+01,0.000000000000000000e+00,2.655058075477878532e-01
3.433199853052835948e+01,0.000000000000000000e+00,6.422671097995018286e-02
1.844163394041186876e+01,0.000000000000000000e+00,1.086184724719058553e-01
3.459999847412109375e+01,0.000000000000000000e+00,1.039222485843538379e-09
3.190460345651587204e+01,0.000000000000000000e+00,7.127604432092667086e-02
3.459999938584081747e+01,0.000000000000000000e+00,5.002298594297005467e-06
2.330683940709391422e+01,0.000000000000000000e+00,2.530914361199014806e-01
3.459999847412109375e+01,0.000000000000000000e+00,-8.459857670792508083e-14
1.124910088295444588e+01,0.000000000000000000e+00,8.234448703416411552e-01
3.459999847412109375e+01,0.000000000000000000e+00,-2.233820860722568063e-09
1.586527074951560934e+01,0.000000000000000000e+00,3.254921921528301509e-01
3.459999847412109375e+01,0.000000000000000000e+00,2.466291001064774378e-07
1.235859794749075391e+01,0.000000000000000000e+00,3.852875203899778223e-01
3.694170242955136985e+01,0.000000000000000000e+00,-2.547045516144340049e-01
3.459999847412109375e+01,0.000000000000000000e+00,-6.675848964202925149e-14
3.455704905464408228e+01,0.000000000000000000e+00,-5.217091213811357597e-02
3.387919923211381246e+01,0.000000000000000000e+00,-5.227656477750611437e-03
8.681858878950297509e+00,0.000000000000000000e+00,5.948671229940160066e-01
1.044783471915677886e+01,0.000000000000000000e+00,-4.377274006821191499e+00
2.274428015092726696e+01,0.000000000000000000e+00,2.453540130116002027e-01
3.460810302114632009e+01,0.000000000000000000e+00,-7.479059585415849185e-03
3.460034564353995279e+01,0.000000000000000000e+00,-8.581661666156167531e-03
2.379395772535919917e+01,0.000000000000000000e+00,5.479230407875522735e-01
1.969874379172575729e+01,0.000000000000000000e+00,5.499266181105992857e-01
3.460003432574682591e+01,0.000000000000000000e+00,-5.013712901321953897e-05
3.478655322666460137e+01,0.000000000000000000e+00,9.785467613668367981e-02
3.460508757026557447e+01,0.000000000000000000e+00,2.489595388547117052e-03
3.459999847412109375e+01,0.000000000000000000e+00,7.912488272039826698e-14
4.017665114973003426e+01,0.000000000000000000e+00,8.455413568839077743e-02
3.459943679122132210e+01,0.000000000000000000e+00,1.222342320715645190e-03
3.459999847412109375e+01,0.000000000000000000e+00,4.153790087546422346e-13
3.459999847412109375e+01,0.000000000000000000e+00,1.218114370644125508e-13
3.592489264565920593e+01,0.000000000000000000e+00,7.673318468344181298e-01
3.459999847412109375e+01,0.000000000000000000e+00,2.414461020367617864e-14
3.459999847412109375e+01,0.000000000000000000e+00,8.056469822538707680e-14
3.459983328776652201e+01,0.000000000000000000e+00,3.110840346596910702e-04
3.577418328571256723e+01,0.000000000000000000e+00,-2.324991735873754573e-01
3.459999847412109375e+01,0.000000000000000000e+00,-6.103011776594909716e-12
2.335530394043613001e+01,0.000000000000000000e+00,2.151875010952371270e-01
3.459999847412109375e+01,0.000000000000000000e+00,1.485694402724949648e-13
3.459999847412109375e+01,0.000000000000000000e+00,-4.805799857668727294e-11
1.377001969030506245e+01,0.000000000000000000e+00,5.567136718939054152e-01
3.459999847412109375e+01,0.000000000000000000e+00,1.978655610629322274e-08
3.458675849579894646e+01,0.000000000000000000e+00,4.689908979077809376e-02
1.255269336535729252e+01,0.000000000000000000e+00,1.144476539817372018e-01
1.351270554109513000e+01,0.000000000000000000e+00,-1.865656167452016123e-01
3.459999847412109375e+01,0.000000000000000000e+00,-1.065700847394041571e-15
3.459999847412109375e+01,0.000000000000000000e+00,-2.067127897858127529e-13
3.455449198809540690e+01,0.000000000000000000e+00,-4.687257952223078936e-04
1.336254913467201355e+01,0.000000000000000000e+00,4.590246635889211335e-02
3.459077621914822487e+01,0.000000000000000000e+00,1.387092064235268679e-02
3.459999847412109375e+01,0.000000000000000000e+00,1.530308516749244597e-13
1.213907150730066320e+01,0.000000000000000000e+00,-1.382758267569639488e+00
3.456947597821558560e+01,0.000000000000000000e+00,1.745566383315136472e+00
3.466835136886519564e+01,0.000000000000000000e+00,-1.361732746731607151e-02
3.459999847412109375e+01,0.000000000000000000e+00,-1.219027022729147641e-07
3.459999847412109375e+01,0.000000000000000000e+00,8.717560292734773156e-13
3.459999847412109375e+01,0.000000000000000000e+00,1.411242095614378174e-14
1.995219178806111415e+01,0.000000000000000000e+00,-7.730884062592333072e-02
3.460256661224630648e+01,0.000000000000000000e+00,-7.147798734460132381e-04
3.448794035423716764e+01,0.000000000000000000e+00,-1.138335465028577492e-02
3.460080070978207090e+01,0.000000000000000000e+00,-2.109001730404959981e-04
1.779279757871903911e+01,0.000000000000000000e+00,3.191554418911948798e-01
3.459999847412109375e+01,0.000000000000000000e+00,7.859105471466645341e-12
3.459999847412109375e+01,0.000000000000000000e+00,9.924680020064639082e-12
3.459999847412109375e+01,0.000000000000000000e+00,-3.051587244071784820e-14
2.842422963142004022e+01,0.000000000000000000e+00,-2.592321416630057884e-01
3.459999847412109375e+01,0.000000000000000000e+00,-1.596066558736467071e-13
3.460002922027926076e+01,0.000000000000000000e+00,-1.326180476066218339e-04
3.117514960715199734e+01,0.000000000000000000e+00,3.572619757423574627e-01
1.471737166579447376e+01,0.000000000000000000e+00,3.889364553114194045e-01
3.459999847412109375e+01,0.000000000000000000e+00,-1.452106389442140242e-11
3.459999847412109375e+01,0.000000000000000000e+00,-1.059140657081947977e-13
3.459999847412109375e+01,0.000000000000000000e+00,1.131673920107812435e-13
3.459999847412109375e+01,0.000000000000000000e+00,-5.160930522234999969e-12
4.166698649421072531e+01,0.000000000000000000e+00,5.977327152835125723e-01
1.149249175557271485e+01,0.000000000000000000e+00,2.684165565640900253e-01
3.459999847412109375e+01,0.000000000000000000e+00,-2.377444883980235861e-14
3.460202027753742016e+01,0.000000000000000000e+00,-1.237454498600267655e-03
1.262544920411762384e+01,0.000000000000000000e+00,-3.330368829639709372e+00
3.453723725998450078e+01,0.000000000000000000e+00,4.073029322193243151e-02
3.460146803991509046e+01,0.000000000000000000e+00,-5.042157537680612292e-04
3.981912959281377340e+01,0.000000000000000000e+00,-3.369835955767491731e-01
3.459999847412109375e+01,0.000000000000000000e+00,-1.515423064665890614e-11
1.627190161447407846e+01,0.000000000000000000e+00,5.598715381172561512e-02
3.460859164185981030e+01,0.000000000000000000e+00,6.583462187016105721e-03
3.459999847412109375e+01,0.000000000000000000e+00,-9.617756143319573762e-14
2.160325161353786072e+01,0.000000000000000000e+00,-1.163952154474239137e-01
3.460000381519443380e+01,0.000000000000000000e+00,-1.895974216677602257e-05
3.441955595458023254e+01,0.000000000000000000e+00,1.359981569558601881e-02
3.459999847412109375e+01,0.000000000000000000e+00,1.622567137998851772e-09
2.767191827954393446e+01,0.000000000000000000e+00,2.121730679945640075e-01
9.240502407715620592e+00,0.000000000000000000e+00,-6.529413657590417419e-03
3.459999847412109375e+01,0.000000000000000000e+00,3.079833891682590640e-13
3.459993087154731484e+01,0.000000000000000000e+00,-3.987843191818285461e-04
2.219525674027265438e+01,0.000000000000000000e+00,4.587378188680486524e-01
2.337117251059322243e+01,0.000000000000000000e+00,2.949951820361882415e-01
3.459976108777986070e+01,0.000000000000000000e+00,2.781008517530758769e-04
3.459999847412110086e+01,0.000000000000000000e+00,1.997736767010155112e-13
3.459297427030170269e+01,0.000000000000000000e+00,1.324532844214286464e-02
3.460000211248730295e+01,0.000000000000000000e+00,-5.766764322429146237e-06
3.459999847412109375e+01,0.000000000000000000e+00,-3.854393178054269964e-15
3.459999847412109375e+01,0.000000000000000000e+00,9.975056309426314214e-15
2.548437048769195457e+01,0.000000000000000000e+00,-1.404252142496962286e-01
3.459999847412109375e+01,0.000000000000000000e+00,-1.079764678134533060e-13
3.019004795196367752e+01,0.000000000000000000e+00,-3.001596258116218802e-02
3.459999847412109375e+01,0.000000000000000000e+00,1.826305580364464286e-14
1.581296886459884732e+01,0.000000000000000000e+00,4.677457010175559149e-01
3.459999847412109375e+01,0.000000000000000000e+00,-1.152074918157877944e-13
3.459999847412108664e+01,0.000000000000000000e+00,1.749734274081523498e-09
3.459999847412109375e+01,0.000000000000000000e+00,4.246819936447445306e-08
3.446300875584694978e+01,0.000000000000000000e+00,-3.500999380104247161e-02
3.459999847412109375e+01,0.000000000000000000e+00,-9.896139279177218435e-14
3.459999847412109375e+01,0.000000000000000000e+00,-1.181424840587898179e-11
3.458240643517815016e+01,0.000000000000000000e+00,1.387949283080539171e-02
8.120977430302684041e+00,0.000000000000000000e+00,-4.040606631656243231e+00
1.278388576045932012e+01,0.000000000000000000e+00,2.620960252899022236e-01
9.028554474052157275e+00,0.000000000000000000e+00,1.707524796786565879e-01
3.459999847412109375e+01,0.000000000000000000e+00,-6.350113498594634670e-14
1.738076610614267992e+01,0.000000000000000000e+00,2.865649005040196359e-02
3.461620537604014203e+01,0.000000000000000000e+00,1.396433800556644072e-03
3.919745414914800108e+01,0.000000000000000000e+00,-2.374978214629334672e-01
1.508608728171058289e+01,0.000000000000000000e+00,6.007985189178384478e-02
3.460000499175731647e+01,0.000000000000000000e+00,1.384605769965374792e-05
3.547794449542924156e+01,0.000000000000000000e+00,-2.036077894870214761e-02
3.459999847412109375e+01,0.000000000000000000e+00,1.967679682857750900e-14
3.626535875540762532e+01,0.000000000000000000e+00,2.228182822920851680e-02
3.432575769902678786e+01,0.000000000000000000e+00,-6.380347709144774948e-02
3.459999847412109375e+01,0.000000000000000000e+00,7.310466329184973849e-09
3.459999847412109375e+01,0.000000000000000000e+00,-3.743098777738580336e-14
3.460206051045669540e+01,0.000000000000000000e+00,3.200672031019800769e-03
3.460000267696827336e+01,0.000000000000000000e+00,-3.073327742675549771e-06
3.460000169691024041e+01,0.000000000000000000e+00,-7.401547026816583282e-06
2.077395051635936696e+01,0.000000000000000000e+00,3.177255437724294529e-01
3.460000043278804327e+01,0.000000000000000000e+00,-1.451840193688231337e-07
3.459997281758789711e+01,0.000000000000000000e+00,1.105061377018394216e-04
2.630699909144322746e+01,0.000000000000000000e+00,2.694990006775310198e-01
3.459999847412109375e+01,0.000000000000000000e+00,-5.321731734938468653e-14
2.260465847076595480e+01,0.000000000000000000e+00,1.371085351043574319e+00
3.459999847412110086e+01,0.000000000000000000e+00,-3.480707386036193915e-07
3.460000374529720091e+01,0.000000000000000000e+00,1.562237195527977216e-05
1.874868474185398171e+01,0.000000000000000000e+00,1.138930838622683961e+00
3.459999847412109375e+01,0.000000000000000000e+00,-9.050192666741877252e-14
3.354154655728365242e+01,0.000000000000000000e+00,3.184507230693891522e-01
3.269777118056863685e+01,0.000000000000000000e+00,7.424253549202075586e-02
3.460295532559463538e+01,0.000000000000000000e+00,3.177615428054921323e-03
3.459999847412109375e+01,0.000000000000000000e+00,-1.631961167765372256e-13
3.459999847412109375e+01,0.000000000000000000e+00,-1.211853998172020277e-13
3.447326522557130346e+01,0.000000000000000000e+00,2.892242169799108531e-01
1.888365562837864786e+01,0.000000000000000000e+00,6.327511915180927815e-01
3.459987603780803767e+01,0.000000000000000000e+00,-9.344948611837682734e-05
3.460131318781751020e+01,0.000000000000000000e+00,-5.555586538139446577e-03
2.188547675040369711e+01,0.000000000000000000e+00,1.752772138940820179e-01
3.456332559139837457e+01,0.000000000000000000e+00,5.539470304004697615e-02
3.459999847412109375e+01,0.000000000000000000e+00,3.395185191871139637e-09
3.465350491640958808e+01,0.000000000000000000e+00,9.289274934349103785e-02
3.429674888207912176e+01,0.000000000000000000e+00,-6.229253460212801075e-02
1.770836718992303460e+01,0.000000000000000000e+00,1.398464232842502042e-01
1.777998286174038611e+01,0.000000000000000000e+00,2.157645003148478402e-01
3.460000143887850754e+01,0.000000000000000000e+00,-2.319288982485406993e-05
3.459999847412109375e+01,0.000000000000000000e+00,-1.543650992792222287e-14
9.114518659660660660e+00,0.000000000000000000e+00,5.461861143814186192e-01
3.459977569462093072e+01,0.000000000000000000e+00,7.706137252536289246e-04
3.459999269098360486e+01,0.000000000000000000e+00,-1.300812614492231282e-04
1.400781500634407450e+01,0.000000000000000000e+00,6.821147243732583743e-01
3.601364739202865195e+01,0.000000000000000000e+00,1.217084151917846163e-01
3.459999847412109375e+01,0.000000000000000000e+00,1.026378650464799161e-13
4.895866516207838970e+00,0.000000000000000000e+00,-1.601458927908901542e+00
3.459999847412109375e+01,0.000000000000000000e+00,1.049041994245847376e-13
3.459999847412109375e+01,0.000000000000000000e+00,-7.132268594321251777e-14
3.459999847412109375e+01,0.000000000000000000e+00,1.334246029928236049e-10
3.088073128311223314e+01,0.000000000000000000e+00,-1.102215414426066242e-01
2.488325004024830278e+01,0.000000000000000000e+00,4.935361210299277768e-01
1.176656149419202002e+01,0.000000000000000000e+00,3.999353083293516464e-01
1.500724507331417534e+01,0.000000000000000000e+00,4.638846466266173252e-01
3.455508698056668493e+01,0.000000000000000000e+00,-6.848466307411652521e-01
3.459999847412109375e+01,0.000000000000000000e+00,2.889629392410651337e-14
3.459999847412109375e+01,0.000000000000000000e+00,3.733675095352417115e-14
3.460010708445932437e+01,0.000000000000000000e+00,-5.216252125275616918e-04
7.298619975859980791e+00,0.000000000000000000e+00,-6.441683618187941940e-02
3.624796967626546262e+01,0.000000000000000000e+00,-8.424467307730245658e-01
1.492040842228172259e+01,0.000000000000000000e+00,-7.484470093410970637e-02
3.386133589663381827e+01,0.000000000000000000e+00,1.801679050908646523e-02
3.459999847412109375e+01,0.000000000000000000e+00,1.279147624383003133e-12
3.532965639417746218e+01,0.000000000000000000e+00,-1.977745970766018116e-02
3.703909963538833949e+01,0.000000000000000000e+00,2.333048450268546958e-01
3.459999847412109375e+01,0.000000000000000000e+00,-5.779474615794236336e-14
3.450163561431046588e+01,0.000000000000000000e+00,2.104728105962225260e-02
3.476084469566159640e+01,0.000000000000000000e+00,-9.306603613853363377e-02
2.017500547695036772e+01,0.000000000000000000e+00,3.244757739254043316e-01
3.460000134182450182e+01,0.000000000000000000e+00,-1.913913803879815605e-07
3.498048639034071527e+01,0.000000000000000000e+00,2.008476253285657043e-01
3.160989177795512362e+01,0.000000000000000000e+00,2.010866007740813310e-01
2.764233961013433571e+01,0.000000000000000000e+00,-7.089296537548623878e-01
3.459999847412109375e+01,0.000000000000000000e+00,-1.445286960968947647e-08
3.459999847412109375e+01,0.000000000000000000e+00,7.480419832120726594e-12
4.244443547164648223e+00,0.000000000000000000e+00,-2.457872167775556616e+00
3.459999847412109375e+01,0.000000000000000000e+00,-3.544194840069108974e-15
3.459988912338564404e+01,0.000000000000000000e+00,1.801709926305586189e-04
3.593764426109282084e+01,0.000000000000000000e+00,-1.213628491157882766e-01
3.460000535952610079e+01,0.000000000000000000e+00,-1.653510201335248078e-05
5.063957717892989763e+00,0.000000000000000000e+00,-4.300923090921314196e-01
3.459999823987941170e+01,0.000000000000000000e+00,1.954887532730938737e-05
3.541453449393764430e+01,0.000000000000000000e+00,8.120378919180833155e-02
3.128647030113315708e+01,0.000000000000000000e+00,-3.295832975220768457e+00
2.954475705197467050e+01,0.000000000000000000e+00,1.645659178679783063e-01
3.179530829984719631e+01,0.000000000000000000e+00,5.004216799955273354e-01
2.041222095749668242e+01,0.000000000000000000e+00,8.113658657788321363e-03
3.459999452059721392e+01,0.000000000000000000e+00,3.206102479811592972e-05
3.459999847412109375e+01,0.000000000000000000e+00,-1.781464961089948350e-07
3.460000492519806414e+01,0.000000000000000000e+00,5.926658056719868568e-06
3.460226548799901281e+01,0.000000000000000000e+00,-3.596078376403036726e-03
8.901410262259000561e+00,0.000000000000000000e+00,4.484529070918609472e-02
3.461862286463741611e+01,0.000000000000000000e+00,-7.963127417318244597e-03
3.434617878505876121e+01,0.000000000000000000e+00,-4.449841820382030577e-02
3.459999847412109375e+01,0.000000000000000000e+00,4.301755145323612830e-14
3.459999543087820228e+01,0.000000000000000000e+00,-1.111122618249043165e-04
3.460177447776181481e+01,0.000000000000000000e+00,3.055108041227876103e-03
9.080080286588305682e+00,0.000000000000000000e+00,-9.027148893404698948e-02
3.459999847412109375e+01,0.000000000000000000e+00,4.731190228725107917e-15
1.413313456767459897e+01,0.000000000000000000e+00,1.301214342537221069e-01
3.353194794490183739e+01,0.000000000000000000e+00,1.673064578879740194e-01
3.665398746915681016e+01,0.000000000000000000e+00,-1.689495648296145180e+00
3.459999847412109375e+01,0.000000000000000000e+00,2.242984345452555437e-10
3.459999847412108664e+01,0.000000000000000000e+00,2.382155579713127859e-08
3.459999847412109375e+01,0.000000000000000000e+00,-1.515667138386121378e-13
3.459999403690233066e+01,0.000000000000000000e+00,8.221680926109535125e-05
3.345597395865412693e+01,0.000000000000000000e+00,7.438021677071297855e-03
3.459999847412109375e+01,0.000000000000000000e+00,1.364218646058569700e-13
3.459999847412109375e+01,0.000000000000000000e+00,1.581912182323820404e-13
3.459999847412109375e+01,0.000000000000000000e+00,-4.343349888032863199e-14
3.460051889655234447e+01,0.000000000000000000e+00,-7.700920997300627485e-04
3.459999847412109375e+01,0.000000000000000000e+00,-4.340320244484832448e-10
