3.459876019767335009e+01,0.000000000000000000e+00,-1.413571794505467461e-03
2.424284389861097733e+00,0.000000000000000000e+00,-2.712463053695127968e+00
3.459999847412109375e+01,0.000000000000000000e+00,-1.117254422715533454e-13
3.893913250492879996e+01,0.000000000000000000e+00,1.636798583321409928e-01
3.459999759685256748e+01,0.000000000000000000e+00,-4.081386333542223806e-08
3.460000182296474236e+01,0.000000000000000000e+00,6.582540333156405015e-07
3.460006724024062663e+01,0.000000000000000000e+00,6.697053447723603321e-05
3.459999847412109375e+01,0.000000000000000000e+00,2.479497124987369434e-14
3.459999847412109375e+01,0.000000000000000000e+00,2.909337400012010617e-14
3.459999847412109375e+01,0.000000000000000000e+00,-1.914572016550875055e-13
3.890337375127460717e+01,0.000000000000000000e+00,5.822279972182092117e-02
2.164635504670735600e+01,0.000000000000000000e+00,-7.287104278023948112e-01
3.459971604032698878e+01,0.000000000000000000e+00,5.178244552699372630e-04
3.459999847412109375e+01,0.000000000000000000e+00,2.844998661770156818e-08
3.459999847412109375e+01,0.000000000000000000e+00,2.244996464867913130e-14
2.583855550828628012e+01,0.000000000000000000e+00,-1.360768778279599356e-01
3.459999847412109375e+01,0.000000000000000000e+00,-1.421218482745506124e-11
3.459999955846325292e+01,0.000000000000000000e+00,1.812629850464760875e-07
3.459999847412109375e+01,0.000000000000000000e+00,-7.687277013839636196e-13
3.319098799585382409e+01,0.000000000000000000e+00,2.941288548016080528e-01
3.460000268039243565e+01,0.000000000000000000e+00,-1.850459125485941707e-06
3.459999847412109375e+01,0.000000000000000000e+00,9.488228366854781056e-14
3.459999847412109375e+01,0.000000000000000000e+00,-1.926424963465261647e-09
3.529499449455536819e+01,0.000000000000000000e+00,1.979444353723462391e-01
2.257958122096421505e+01,0.000000000000000000e+00,6.513613180097881372e-01
3.590205579932160163e+01,0.000000000000000000e+00,-8.681175295554285354e-01
3.459999847412109375e+01,0.000000000000000000e+00,3.897011928412285925e-15
1.068736055343775782e+01,0.000000000000000000e+00,7.417849525600608285e-01
3.459999847412109375e+01,0.000000000000000000e+00,6.179269534532177409e-14
1.083422526754818982e+01,0.000000000000000000e+00,-5.169733855556493118e-01
3.583219004778246841e+01,0.000000000000000000e+00,3.622188638575322278e-02
3.662328067467846182e+01,0.000000000000000000e+00,-9.099058592969876125e-02
3.460001773387593005e+01,0.000000000000000000e+00,-1.716918304932557289e-05
3.459999973183297328e+01,0.000000000000000000e+00,-1.094726812079839353e-07
3.459917245415145715e+01,0.000000000000000000e+00,8.506452137022064552e-04
1.244555166627447562e+01,0.000000000000000000e+00,4.307062187486079829e-02
5.654624361369749330e+00,0.000000000000000000e+00,-2.494867930312849313e-01
3.459999847412109375e+01,0.000000000000000000e+00,-9.925001506579752217e-14
3.091328679526834478e+01,0.000000000000000000e+00,-2.486713113987340795e-01
3.459999847412109375e+01,0.000000000000000000e+00,5.569545599909709315e-11
3.459999847412109375e+01,0.000000000000000000e+00,-6.395826724029556274e-09
3.459999847412109375e+01,0.000000000000000000e+00,4.398846292586157045e-08
2.324464675820025050e+01,0.000000000000000000e+00,4.764995944567860797e-01
3.121701287508843592e+01,0.000000000000000000e+00,3.662187585309911175e-01
3.459999847412109375e+01,0.000000000000000000e+00,8.843284018341566781e-10
3.423598713548062022e+01,0.000000000000000000e+00,-5.932679054186662526e-02
3.458607536790039916e+01,0.000000000000000000e+00,-1.016743747290746180e-01
3.459999847412109375e+01,0.000000000000000000e+00,2.601101129668173348e-15
3.459999847412109375e+01,0.000000000000000000e+00,4.151516658520695654e-13
3.460071043011968328e+01,0.000000000000000000e+00,-1.717012517812266555e-03
8.881547292562803619e+00,0.000000000000000000e+00,4.408899122342644916e-01
9.047711366633583552e+00,0.000000000000000000e+00,3.682793155631305382e-01
1.295393980776128373e+01,0.000000000000000000e+00,9.645210547133151180e-02
3.459999847412109375e+01,0.000000000000000000e+00,-2.492627758096010319e-13
3.459999847412109375e+01,0.000000000000000000e+00,-1.744769469886105533e-11
2.355685129554738211e+01,0.000000000000000000e+00,2.496397999205365592e-01
3.459999847412109375e+01,0.000000000000000000e+00,1.936797799552179661e-10
3.459999847412109375e+01,0.000000000000000000e+00,4.252975389771509253e-08
3.459999847412109375e+01,0.000000000000000000e+00,9.554478880911511582e-14
3.459999847412109375e+01,0.000000000000000000e+00,1.938336123621682055e-11
2.907758605396453255e+00,0.000000000000000000e+00,1.612269733968718644e-01
3.460011683222675316e+01,0.000000000000000000e+00,2.163435085423041481e-03
1.094558276225413884e+01,0.000000000000000000e+00,-2.397496141789303259e+00
2.842693787230938440e+01,0.000000000000000000e+00,1.146665399400080831e-01
3.459999978315984492e+01,0.000000000000000000e+00,-2.984520478201287884e-07
3.459999847412108664e+01,0.000000000000000000e+00,-5.625825666089270636e-14
1.886085197172369732e+01,0.000000000000000000e+00,2.639829148438452289e-01
3.459999847412109375e+01,0.000000000000000000e+00,-1.856415967693047228e-13
5.495875938138958361e+00,0.000000000000000000e+00,9.926421609497246834e-01
3.460000113470388072e+01,0.000000000000000000e+00,-8.117757819334942240e-06
3.460051876930489101e+01,0.000000000000000000e+00,2.918167243643909241e-04
3.459999847412109375e+01,0.000000000000000000e+00,3.730662449374819483e-14
1.850861632127509093e+00,0.000000000000000000e+00,-2.516577066674713148e+00
3.460077016838288699e+01,0.000000000000000000e+00,5.748775934178322394e-04
3.453759942168650809e+01,0.000000000000000000e+00,1.107967885398217778e-01
3.459999847412109375e+01,0.000000000000000000e+00,1.220086431672164241e-13
3.262411997491340543e+01,0.000000000000000000e+00,7.692447096016484798e-01
3.460000189926674352e+01,0.000000000000000000e+00,-1.294759093069900785e-06
3.459999847412109375e+01,0.000000000000000000e+00,-7.702454754120984318e-09
3.439736037676620128e+01,0.000000000000000000e+00,4.324286192493685677e-02
3.459999847412109375e+01,0.000000000000000000e+00,-1.853537322523459482e-13
3.460502444916226494e+01,0.000000000000000000e+00,2.723351423042268040e-03
3.462293512434974474e+01,0.000000000000000000e+00,1.170905272833843401e-02
3.459966676997198221e+01,0.000000000000000000e+00,3.106767544193261821e-04
3.465302242590940551e+01,0.000000000000000000e+00,-1.880198402697439222e-02
2.377526274259277983e+01,0.000000000000000000e+00,1.409729505610694267e-01
3.169932915409800600e+01,0.000000000000000000e+00,-2.916967801276213468e-01
9.076110536300967979e+00,0.000000000000000000e+00,8.309050436281002483e-01
3.443109699831287429e+01,0.000000000000000000e+00,-2.441069633943119044e+00
3.459999847412109375e+01,0.000000000000000000e+00,9.225484520084715259e-13
3.459999847412109375e+01,0.000000000000000000e+00,7.029820645117383450e-09
3.354156250366114023e+01,0.000000000000000000e+00,3.371503329937088900e-01
3.459999847412109375e+01,0.000000000000000000e+00,-2.235148990937539916e-08
1.773528357539984057e+01,0.000000000000000000e+00,2.806283514553813419e-01
3.192656842682142582e+01,0.000000000000000000e+00,3.247380461575702926e-01
3.459999847412109375e+01,0.000000000000000000e+00,-6.993348747059698785e-14
1.640680267850256158e+01,0.000000000000000000e+00,1.968528072345265278e-01
3.459999147773483941e+01,0.000000000000000000e+00,-8.278177804227012954e-05
3.459999847412109375e+01,0.000000000000000000e+00,6.475727076383334813e-13
3.459851805366475475e+01,0.000000000000000000e+00,1.103198214085423763e-03
3.460523440629419412e+01,0.000000000000000000e+00,-1.694038072790770297e-03
3.459999847412109375e+01,0.000000000000000000e+00,-2.960653106580401187e-14
3.459999847412109375e+01,0.000000000000000000e+00,2.253599689858002112e-13
1.430111704786559379e+01,0.000000000000000000e+00,-6.687609056770110055e-03
2.219033802003094280e+01,0.000000000000000000e+00,-5.490278770307793543e+00
3.460026075333249906e+01,0.000000000000000000e+00,-7.072533594786560704e-04
2.542096381455106169e+01,0.000000000000000000e+00,2.171572247411536205e-01
3.459999847412109375e+01,0.000000000000000000e+00,-3.296977526156869600e-07
1.597554232991944900e+01,0.000000000000000000e+00,3.727390659709108045e-02
3.770554657854500391e+01,0.000000000000000000e+00,1.271105648005306510e-01
2.701985605964106796e+01,0.000000000000000000e+00,3.491552263964980085e+00
3.459999847412109375e+01,0.000000000000000000e+00,2.970276343043264136e-14
3.459962723678687979e+01,0.000000000000000000e+00,6.526845078618741377e-04
3.459999847412109375e+01,0.000000000000000000e+00,1.364011906451737952e-08
3.459999847412109375e+01,0.000000000000000000e+00,4.272789604180361605e-10
3.459999847412109375e+01,0.000000000000000000e+00,-3.879419475922988886e-14
3.459999847412109375e+01,0.000000000000000000e+00,1.713259356788746806e-13
3.393448191384762680e+01,0.000000000000000000e+00,1.623065775463862881e+00
1.835459905202962094e+00,0.000000000000000000e+00,-2.514161228408681392e+00
3.459999847412109375e+01,0.000000000000000000e+00,2.037131935437796376e-11
3.409919168547720858e+01,0.000000000000000000e+00,4.663184059029490403e-02
3.459571862878682680e+01,0.000000000000000000e+00,5.608980920773148221e-03
3.785014266663966964e+01,0.000000000000000000e+00,1.165954832452691103e-01
3.459999847412109375e+01,0.000000000000000000e+00,3.914841653900483796e-12
7.105571909987275170e+00,0.000000000000000000e+00,-2.141178964932294870e-01
3.934094852595525538e+01,0.000000000000000000e+00,-3.677862032528436576e+00
3.502091767205781281e+01,0.000000000000000000e+00,-5.376071330383683233e-02
1.077162466258307028e+01,0.000000000000000000e+00,-5.710857737360124781e-02
3.459999847412109375e+01,0.000000000000000000e+00,3.135738812370207342e-08
3.459999864894207633e+01,0.000000000000000000e+00,1.776166339235795930e-07
3.461785334843000328e+01,0.000000000000000000e+00,-1.883043858245438086e-03
3.459999847412109375e+01,0.000000000000000000e+00,6.830832386636440617e-11
3.460138604119903505e+01,0.000000000000000000e+00,-2.343098317403465112e-03
3.460000228881835938e+01,0.000000000000000000e+00,5.775632931375468048e-06
3.566916581108579720e+01,0.000000000000000000e+00,-3.616615249096350425e-03
3.459836265984369419e+01,0.000000000000000000e+00,-3.030588672124478761e-03
2.333947638493688714e+01,0.000000000000000000e+00,-8.074985546796517033e-01
3.460000122915088383e+01,0.000000000000000000e+00,1.030074961630601638e-06
3.459999847412109375e+01,0.000000000000000000e+00,2.296043554802296716e-13
3.459999847412109375e+01,0.000000000000000000e+00,4.503409585971679519e-14
3.459999847412109375e+01,0.000000000000000000e+00,-7.277796859053146016e-14
3.514433042951393560e+01,0.000000000000000000e+00,1.180266073914822827e-01
7.605993692171257869e+00,0.000000000000000000e+00,9.707766111966086020e-02
6.746637919869487021e+00,0.000000000000000000e+00,1.553288054583448208e-01
3.459999847412109375e+01,0.000000000000000000e+00,-1.104129651443852828e-11
6.975484611696603388e+00,0.000000000000000000e+00,2.158868178365905000e-01
3.460000362477312308e+01,0.000000000000000000e+00,2.207500079871526185e-05
3.459999847412109375e+01,0.000000000000000000e+00,-2.888793244931571269e-12
3.456678835388440518e+01,0.000000000000000000e+00,1.912170242306871631e-02
3.459999847412109375e+01,0.000000000000000000e+00,1.408707457018656229e-13
3.438363658842570203e+01,0.000000000000000000e+00,4.854066804395471002e-02
3.565468561224509614e+01,0.000000000000000000e+00,9.734431609805201113e-02
3.459998522759670436e+01,0.000000000000000000e+00,7.370076348681411037e-05
3.468585111662305565e+01,0.000000000000000000e+00,1.973700134858970279e-02
3.459999847412109375e+01,0.000000000000000000e+00,-2.054909740095781645e-13
3.465473195821348185e+01,0.000000000000000000e+00,1.627969072885536309e-03
3.459999847412109375e+01,0.000000000000000000e+00,-1.636120572662727648e-13
3.459999847412109375e+01,0.000000000000000000e+00,-1.006528609448281678e-13
3.456655208952287950e+01,0.000000000000000000e+00,4.004570947225321031e-01
3.460003612002910955e+01,0.000000000000000000e+00,2.039613641489737255e-05
1.501319746887964968e+01,0.000000000000000000e+00,4.717106650542781110e-01
3.459999847412109375e+01,0.000000000000000000e+00,1.748495674986076263e-12
3.459999847412109375e+01,0.000000000000000000e+00,1.182482941524181179e-13
1.703095240475097327e+01,0.000000000000000000e+00,1.466280035867998932e-01
3.459999991443140033e+01,0.000000000000000000e+00,3.136462122428470753e-06
8.171136734483894770e+00,0.000000000000000000e+00,2.811082662115488850e-01
3.414595363693599239e+01,0.000000000000000000e+00,5.291684281599668971e-01
3.459999847412109375e+01,0.000000000000000000e+00,-1.372280676650872032e-13
3.459999847412109375e+01,0.000000000000000000e+00,-7.632905200294830808e-08
3.459999847412109375e+01,0.000000000000000000e+00,1.147131370279504726e-13
3.459999847412109375e+01,0.000000000000000000e+00,1.154528938997258070e-13
3.459999847412109375e+01,0.000000000000000000e+00,-2.130733655392488879e-11
3.459999847412109375e+01,0.000000000000000000e+00,-1.109743289669615613e-13
3.459999847412109375e+01,0.000000000000000000e+00,1.429606655405435858e-06
3.459993197027699807e+01,0.000000000000000000e+00,-7.203395728553665120e-04
3.968944268837427103e+01,0.000000000000000000e+00,-1.395438610338238239e-01
2.981843663065502525e+01,0.000000000000000000e+00,3.481382150113970786e-01
3.459999847412109375e+01,0.000000000000000000e+00,-1.762020737650082935e-11
3.395339900798379063e+01,0.000000000000000000e+00,-1.740619615867894723e-02
3.459999847412109375e+01,0.000000000000000000e+00,3.144304093922990133e-08
3.460000348889067823e+01,0.000000000000000000e+00,6.266556860011639143e-06
3.468801748349545022e+01,0.000000000000000000e+00,3.863654403627042599e-01
3.459999847412109375e+01,0.000000000000000000e+00,-2.302772866931313350e-14
2.052944412206472435e+01,0.000000000000000000e+00,5.517432826738541962e-01
3.459904910901526875e+01,0.000000000000000000e+00,-2.467328476643099091e-03
5.109697170856561499e+00,0.000000000000000000e+00,5.953898120476984746e-01
1.093870818784131771e+01,0.000000000000000000e+00,1.785151147440853237e-01
3.753073570027390105e+01,0.000000000000000000e+00,3.933440911551889796e-01
2.786747659838214375e+01,0.000000000000000000e+00,1.896910929313758709e-01
3.459936445920053671e+01,0.000000000000000000e+00,5.518052613323995610e-04
3.448879603652732584e+01,0.000000000000000000e+00,2.731714468109024824e-02
3.459999903388239062e+01,0.000000000000000000e+00,-2.644739446949970750e-06
3.460039516011644167e+01,0.000000000000000000e+00,-1.397657923777486213e-03
3.459999847412109375e+01,0.000000000000000000e+00,1.469577844014986092e-14
3.472421156128242359e+01,0.000000000000000000e+00,5.500147284852198171e-01
3.461707070574859557e+01,0.000000000000000000e+00,1.455088713931395467e-02
8.565365135386372231e+00,0.000000000000000000e+00,-2.350838874664532702e-02
3.459933136065675541e+01,0.000000000000000000e+00,-9.449154717101346864e-05
4.226533889713403269e+00,0.000000000000000000e+00,-3.928135185971836307e+00
3.459999847412109375e+01,0.000000000000000000e+00,-3.417016160750961856e-14
3.459999847412109375e+01,0.000000000000000000e+00,-1.314935169944195957e-08
3.459999847412109375e+01,0.000000000000000000e+00,-1.341814318892082819e-14
3.325875954347868912e+01,0.000000000000000000e+00,1.580760704224173085e-01
1.063025880421569269e+01,0.000000000000000000e+00,1.325778102149197113e-01
3.461934855380660281e+01,0.000000000000000000e+00,-8.643482321093515566e-03
3.459823313176587334e+01,0.000000000000000000e+00,1.522890262014320491e-02
3.459999847412109375e+01,0.000000000000000000e+00,-2.291358549692309324e-13
1.926669379126030890e+01,0.000000000000000000e+00,-2.519670783529567082e+00
3.459999847412109375e+01,0.000000000000000000e+00,-1.263114131821601143e-07
3.459999847412109375e+01,0.000000000000000000e+00,-9.936415617223518087e-07
3.734451590325441117e+01,0.000000000000000000e+00,-2.915845603535638375e+00
3.850264868661870565e+01,0.000000000000000000e+00,1.067667066230837625e+00
2.719745466801075651e+01,0.000000000000000000e+00,3.984904726413102116e-01
3.459956829101709275e+01,0.000000000000000000e+00,-2.117082406555032968e-04
3.460089626696297671e+01,0.000000000000000000e+00,3.333358036555211356e-03
1.756993513656694317e+00,0.000000000000000000e+00,-2.901168249279158839e+00
3.459999847412109375e+01,0.000000000000000000e+00,8.388039638333027992e-14
3.454718048945710507e+01,0.000000000000000000e+00,5.449395581045947401e-02
3.460000584359351450e+01,0.000000000000000000e+00,-1.145078378410095633e-04
3.459999847412110086e+01,0.000000000000000000e+00,1.224303584993218293e-13
3.459999847412109375e+01,0.000000000000000000e+00,-7.703134562716229054e-11
3.459999814373178140e+01,0.000000000000000000e+00,-2.931628885158509596e-06
3.638298613549331861e+01,0.000000000000000000e+00,1.112449047783849870e-02
3.461012416390025948e+01,0.000000000000000000e+00,2.100321681318884548e-04
7.530051833847799081e+00,0.000000000000000000e+00,6.664779904267149613e-01
3.460192622082629299e+01,0.000000000000000000e+00,-3.939663253925714675e-02
1.580464042672006819e+01,0.000000000000000000e+00,4.204712011955865636e-01
3.459999847412109375e+01,0.000000000000000000e+00,1.916261444848656939e-13
3.459985280005675179e+01,0.000000000000000000e+00,-1.657987145233710672e-04
3.447492511297437545e+01,0.000000000000000000e+00,-1.699960831088835223e+00
8.186651120939606230e+00,0.000000000000000000e+00,5.158458327570869528e-01
3.459932605560448593e+01,0.000000000000000000e+00,7.922679238753687139e-04
3.437015867721805762e+01,0.000000000000000000e+00,-9.349718673940106417e-02
3.461945540458003734e+01,0.000000000000000000e+00,5.525455993156609333e-03
3.459999847412109375e+01,0.000000000000000000e+00,1.306866498484051742e-13
2.872916775637720477e+01,0.000000000000000000e+00,8.499031387592362319e-02
3.477119506080354228e+01,0.000000000000000000e+00,-1.000196437596793074e-02
3.459999847412109375e+01,0.000000000000000000e+00,1.738093298261261955e-11
3.156156478189361181e+01,0.000000000000000000e+00,2.425102142550083772e-01
3.459999847412109375e+01,0.000000000000000000e+00,-6.574623773306717601e-15
1.345830387798870476e+01,0.000000000000000000e+00,-2.851842095640882424e-01
4.047052852159725944e+01,0.000000000000000000e+00,-6.210505415635773907e-02
3.459999847412109375e+01,0.000000000000000000e+00,-2.158957627061409596e-06
3.639088724286371246e+01,0.000000000000000000e+00,-2.116583776364990011e-01
2.724401533597787761e+01,0.000000000000000000e+00,5.148909777838937135e-02
1.270725649992447970e+01,0.000000000000000000e+00,-2.381307415820053675e-01
3.415172482113167973e+01,0.000000000000000000e+00,4.668316467966186767e-02
2.365354322806778598e+01,0.000000000000000000e+00,1.934984177110006184e-02
3.459999847412109375e+01,0.000000000000000000e+00,1.089107784495784077e-14
3.461231467551915131e+01,0.000000000000000000e+00,-6.630815269575129607e-05
3.460000494183800157e+01,0.000000000000000000e+00,-1.358728626106103724e-07
9.188890778852824681e+00,0.000000000000000000e+00,7.294218865771424920e-02
3.442339980337292360e+01,0.000000000000000000e+00,6.587379996813184091e-01
3.690398151530770576e+01,0.000000000000000000e+00,-2.139853330310706347e+00
3.459999995737399558e+01,0.000000000000000000e+00,-2.725982838038123610e-07
3.459999847412109375e+01,0.000000000000000000e+00,-5.981475331439197729e-14
5.786706635346695826e+00,0.000000000000000000e+00,-6.702302047300759402e-02
3.459999847412109375e+01,0.000000000000000000e+00,7.444795650134769265e-09
3.459999847412109375e+01,0.000000000000000000e+00,3.799186039228405023e-11
3.460002063649714898e+01,0.000000000000000000e+00,-5.166934450103695994e-05
3.499408053844622657e+01,0.000000000000000000e+00,6.881576637335373725e-02
5.616559557040712747e+00,0.000000000000000000e+00,1.957940293703915036e-01
1.989639437280838141e+00,0.000000000000000000e+00,-1.638544569465459233e+00
3.477481426017723720e+01,0.000000000000000000e+00,-4.084803385948204690e-02
3.459999847412109375e+01,0.000000000000000000e+00,-2.081220232528143159e-13
3.465955053807753927e+01,0.000000000000000000e+00,-1.215904651205505262e-02
2.028876187064297554e+01,0.000000000000000000e+00,9.008274651980473502e-01
6.682480330640490074e+00,0.000000000000000000e+00,2.526767143560543771e-01
3.399228066961108397e+01,0.000000000000000000e+00,1.650880913421250706e-01
3.459999616281419321e+01,0.000000000000000000e+00,-8.066384383411756781e-05
3.459999847412109375e+01,0.000000000000000000e+00,-1.891807764262465325e-13
3.459957995995115709e+01,0.000000000000000000e+00,2.319642586062648729e-03
3.459999847412109375e+01,0.000000000000000000e+00,1.541989493518500217e-15
3.459995255370348133e+01,0.000000000000000000e+00,3.945185520620156963e-05
3.460000228881835227e+01,0.000000000000000000e+00,1.071525670329829736e-06
3.460230746894067266e+01,0.000000000000000000e+00,2.164208138377989987e-03
2.313468812336269309e+01,0.000000000000000000e+00,1.394562077120848620e-01
3.460000112419174911e+01,0.000000000000000000e+00,6.836237523324310000e-06
3.459999847412109375e+01,0.000000000000000000e+00,-9.612132352048460030e-14
3.459999847412109375e+01,0.000000000000000000e+00,5.848789661320556497e-15
3.462475358034595274e+01,0.000000000000000000e+00,4.043243432712813501e+00
3.459999847412109375e+01,0.000000000000000000e+00,-8.722124370582629931e-10
6.753778311635088905e+00,0.000000000000000000e+00,4.149009722862726651e-02
8.396166644353108666e+00,0.000000000000000000e+00,-6.371645531736848111e-01
2.615618977745666651e+00,0.000000000000000000e+00,-5.568181217131269733e-02
3.460000273391383274e+01,0.000000000000000000e+00,5.000992291367528597e-06
3.459999847412109375e+01,0.000000000000000000e+00,-2.004916224277001882e-12
9.863592043192019432e+00,0.000000000000000000e+00,-2.654485962744090877e-02
3.536045885785267018e+01,0.000000000000000000e+00,-2.214899815297337871e-01
1.777608019944680251e+01,0.000000000000000000e+00,1.689092653397019861e+00
3.463545885310259820e+01,0.000000000000000000e+00,1.122240466635084921e-01
3.400897591060333980e+01,0.000000000000000000e+00,9.707451488266165274e-02
3.459999863258629915e+01,0.000000000000000000e+00,-2.724864014644169362e-07
9.988646564193937039e+00,0.000000000000000000e+00,3.782694780009895896e-01
1.592027114400667909e+00,0.000000000000000000e+00,-1.444228794589207610e+00
3.351259535800743805e+01,0.000000000000000000e+00,-4.437787051991110010e-01
3.460000195972965997e+01,0.000000000000000000e+00,1.123702156943613212e-05
3.459998797680653837e+01,0.000000000000000000e+00,-1.803226252645786444e-05
4.007460690886258448e+01,0.000000000000000000e+00,-7.260191246673262100e-01
3.622017431131550325e+01,0.000000000000000000e+00,2.086045131090275839e-01
6.280067402049898995e+00,0.000000000000000000e+00,4.596273984917244593e-01
3.754803578590717450e+01,0.000000000000000000e+00,5.454485544748250564e-02
3.459999847412109375e+01,0.000000000000000000e+00,-2.852375263244601392e-14
3.460000142838177339e+01,0.000000000000000000e+00,2.325217694497036139e-07
1.083397624689067840e+01,0.000000000000000000e+00,3.829411485633628098e-01
3.460806349847706542e+01,0.000000000000000000e+00,3.168154331853712327e-03
3.459999847412109375e+01,0.000000000000000000e+00,-4.290240045589443118e-13
2.063067748992194339e+01,0.000000000000000000e+00,4.346404954197884418e-01
3.459973052141857863e+01,0.000000000000000000e+00,4.992521717848514770e-04
1.195253288010724191e+01,0.000000000000000000e+00,8.852708073994907112e-01
3.341210784966681757e+01,0.000000000000000000e+00,1.283995797008254114e-01
3.478888271868442672e+01,0.000000000000000000e+00,-9.885364728394090757e-05
3.460004984584563914e+01,0.000000000000000000e+00,2.536186481159398735e-04
8.106422297169549651e+00,0.000000000000000000e+00,-3.847078451737859783e-01
3.440225077059575653e+01,0.000000000000000000e+00,2.054055115603468928e-02
3.459999847412109375e+01,0.000000000000000000e+00,-6.497746719772250015e-13
3.460000340147749398e+01,0.000000000000000000e+00,-1.010446363520839753e-06
3.460334403380538504e+01,0.000000000000000000e+00,-1.934478667569650276e-03
2.306115312657155769e+01,0.000000000000000000e+00,2.979263542013275701e-01
7.709751012302533901e+00,0.000000000000000000e+00,2.534306243574724893e-01
3.460000060881784378e+01,0.000000000000000000e+00,9.536999376188066494e-07
3.556151783706809510e+01,0.000000000000000000e+00,-5.437208150084615887e-01
7.988284592676677676e+00,0.000000000000000000e+00,3.457834880783430265e-01
3.470389382672478717e+01,0.000000000000000000e+00,1.420978428629575754e-02
3.459999847412109375e+01,0.000000000000000000e+00,-1.702686443080066457e-13
3.459998436997740612e+01,0.000000000000000000e+00,1.543283537776017405e-04
3.459999847412109375e+01,0.000000000000000000e+00,-1.190206859959014038e-13
3.459999847412109375e+01,0.000000000000000000e+00,-1.106993374995064574e-13
3.459999847412109375e+01,0.000000000000000000e+00,-1.699576294969867185e-13
3.459999847412109375e+01,0.000000000000000000e+00,2.488455665078985234e-10
3.450125529096143850e+01,0.000000000000000000e+00,-7.421779984321769108e-02
3.459854152699824681e+01,0.000000000000000000e+00,1.420304915183911347e-03
9.228147329837755208e+00,0.000000000000000000e+00,-1.024143295489591265e+00
9.255850712711639616e+00,0.000000000000000000e+00,2.766012855370139079e-01
8.172973954392517726e+00,0.000000000000000000e+00,8.445252162241081439e-01
3.468316906451381954e+01,0.000000000000000000e+00,-3.509776178342574604e-02
5.343954329392743396e+00,0.000000000000000000e+00,1.395857618666633271e-01
3.459999847412109375e+01,0.000000000000000000e+00,-2.003127688048127462e-13
2.599786319534407042e+01,0.000000000000000000e+00,5.695200403877363760e-02
3.459999344125154863e+01,0.000000000000000000e+00,-2.350129422290121107e-05
3.753628505587435882e+01,0.000000000000000000e+00,-1.306449793545230720e-01
3.459960827559106633e+01,0.000000000000000000e+00,2.589709812856147994e-04
6.105028704651924265e+00,0.000000000000000000e+00,9.602489208900431839e-02
3.459993121983681164e+01,0.000000000000000000e+00,-2.281354215000889519e-04
3.459999847412109375e+01,0.000000000000000000e+00,-2.360746284932210728e-14
7.750712194249695486e+00,0.000000000000000000e+00,-6.838288622877498613e-01
3.928969543547821530e+01,0.000000000000000000e+00,3.100530026811326167e-01
3.459999847412109375e+01,0.000000000000000000e+00,4.877792533225657235e-15
3.459292209717047228e+01,0.000000000000000000e+00,3.851304246124722004e-03
2.036141713623239813e+00,0.000000000000000000e+00,-2.605470532405224304e+00
3.459999847412109375e+01,0.000000000000000000e+00,1.188369528631981130e-07
1.095470358441474445e+01,0.000000000000000000e+00,-3.415102018872241407e-01
3.438675000168457530e+01,0.000000000000000000e+00,-7.831808534069274463e-01
3.464031721969251976e+01,0.000000000000000000e+00,1.453311304138034665e-01
3.459999847412110086e+01,0.000000000000000000e+00,9.858366560509618423e-14
3.459999847412109375e+01,0.000000000000000000e+00,-2.762569595487857928e-14
2.554696377533706553e+01,0.000000000000000000e+00,1.896079772834388777e+00
2.193172866743868710e+01,0.000000000000000000e+00,8.787840669766573687e-02
3.459823523915898136e+01,0.000000000000000000e+00,-5.473301250575693735e-03
3.459999847412109375e+01,0.000000000000000000e+00,-1.749050394534573671e-13
6.562711535495564519e+00,0.000000000000000000e+00,3.176173140794106842e-01
3.461437712576123005e+01,0.000000000000000000e+00,1.295532905214640679e-02
3.459999847412109375e+01,0.000000000000000000e+00,-1.458001188449142170e-13
1.961402613442680076e+00,0.000000000000000000e+00,-1.487527691205515756e+00
3.460000061537195393e+01,0.000000000000000000e+00,-1.315378508543773155e-05
3.459999847412109375e+01,0.000000000000000000e+00,-1.998704478832491471e-13
3.218064761909125338e+01,0.000000000000000000e+00,3.426330531668450585e-01
3.288364047780304134e+01,0.000000000000000000e+00,4.251286220763348389e-01
3.459999847412109375e+01,0.000000000000000000e+00,5.728711855045048186e-07
3.459999847412110086e+01,0.000000000000000000e+00,3.013774913214710995e-08
3.459999847412109375e+01,0.000000000000000000e+00,2.631930922405592504e-14
1.335467383489686810e+01,0.000000000000000000e+00,-1.214583069005531479e-01
3.459999847412109375e+01,0.000000000000000000e+00,1.112474849458352050e-13
3.459999847412109375e+01,0.000000000000000000e+00,4.684636500177696529e-12
3.459999847412109375e+01,0.000000000000000000e+00,4.925910779276664982e-14
3.459855323155873918e+01,0.000000000000000000e+00,4.979481718213735458e-04
1.861055147531474319e+01,0.000000000000000000e+00,1.678727066936409884e-01
3.459999847412109375e+01,0.000000000000000000e+00,3.442064550430469009e-11
3.912423616849087438e+01,0.000000000000000000e+00,-2.640695144894846802e+00
3.550481587517480619e+01,0.000000000000000000e+00,-3.486300226987154582e-02
8.170238450600631808e+00,0.000000000000000000e+00,1.045596993253063850e-01
3.459999847412109375e+01,0.000000000000000000e+00,2.052836608865058581e-15
3.459999847412109375e+01,0.000000000000000000e+00,-4.563381664002838112e-15
3.459999847412109375e+01,0.000000000000000000e+00,-1.321613839753146460e-11
3.459999847412109375e+01,0.000000000000000000e+00,5.146658186287044154e-06
1.860104741581625376e+01,0.000000000000000000e+00,2.839455038823741617e-01
3.776953355050461880e+01,0.000000000000000000e+00,-2.724012421460741407e-01
3.393217668317100788e+01,0.000000000000000000e+00,-8.106581829760549363e-02
7.566115253673330265e+00,0.000000000000000000e+00,4.414678300985515058e-01
3.459999847412109375e+01,0.000000000000000000e+00,2.536744094523631870e-13
3.459999847412110086e+01,0.000000000000000000e+00,4.113085213723415257e-09
2.385550859535760182e+01,0.000000000000000000e+00,6.162829207773674600e-01
3.459999847412109375e+01,0.000000000000000000e+00,-1.774774148316281378e-13
4.313115487917870894e+01,0.000000000000000000e+00,-3.750998985917451956e-01
3.459999847412109375e+01,0.000000000000000000e+00,2.939020079670814768e-07
3.644906571814114216e+01,0.000000000000000000e+00,-1.013394062089679970e+00
5.107043411540390210e+00,0.000000000000000000e+00,-4.624296242256267675e+00
3.498890901045287194e+01,0.000000000000000000e+00,-1.759921231616043136e-01
1.289188487505059832e+01,0.000000000000000000e+00,8.617334051754212965e-01
3.456586074924543084e+01,0.000000000000000000e+00,-2.320262781133212646e-02
3.459999847412109375e+01,0.000000000000000000e+00,1.043418468179675872e-14
3.459999847412109375e+01,0.000000000000000000e+00,-1.911108939286684794e-13
3.459999847412109375e+01,0.000000000000000000e+00,-1.632743431899216096e-13
3.412267715488702180e+01,0.000000000000000000e+00,1.280342094511031648e-01
3.455355542377734679e+01,0.000000000000000000e+00,1.676428774052361390e-02
1.376842457569684264e+01,0.000000000000000000e+00,3.768284534327218105e-01
3.459999847412109375e+01,0.000000000000000000e+00,8.311527225754979105e-14
5.604315632361061894e+00,0.000000000000000000e+00,1.269907772945475521e+00
4.156228302853286038e+01,0.000000000000000000e+00,4.445241361237156630e-01
3.459999847412109375e+01,0.000000000000000000e+00,1.455838112776511555e-14
8.617903775031258817e+00,0.000000000000000000e+00,1.135359898096678782e-01
6.692402938149552227e+00,0.000000000000000000e+00,-3.047863346933038287e+00
6.089922986662090310e+00,0.000000000000000000e+00,5.037673785424600092e-01
2.795144943558034001e+00,0.000000000000000000e+00,-2.659477487227488002e+00
1.213023976332678799e+01,0.000000000000000000e+00,4.757609209956226715e-01
3.459999961798501289e+01,0.000000000000000000e+00,-4.520322732524240157e-06
3.459999847412109375e+01,0.000000000000000000e+00,3.415235412711775047e-14
4.204024092054105211e+01,0.000000000000000000e+00,1.202385543900213571e+00
3.459999903699690549e+01,0.000000000000000000e+00,1.860290139200291864e-06
3.460152866047729958e+01,0.000000000000000000e+00,-4.327402016439003268e-02
3.459999847412109375e+01,0.000000000000000000e+00,-1.225331060273802565e-13
5.846202460787500499e+00,0.000000000000000000e+00,-1.258763407806212375e-01
3.459999847412109375e+01,0.000000000000000000e+00,-1.111928768484062219e-14
3.460000150865597135e+01,0.000000000000000000e+00,8.540097284514523892e-07
3.459999623253498413e+01,0.000000000000000000e+00,-1.458471467536955186e-06
3.459999847412109375e+01,0.000000000000000000e+00,7.768255734658439112e-08
3.460839740453365465e+01,0.000000000000000000e+00,2.027221629977035700e-02
3.460009691139545396e+01,0.000000000000000000e+00,2.537222463690430672e-04
3.459583471182124015e+01,0.000000000000000000e+00,8.308880697671496354e-03
3.634602189547391760e+01,0.000000000000000000e+00,1.713707930799713619e+00
3.459984873163757868e+01,0.000000000000000000e+00,-1.768028360981579785e-05
3.459996344932049084e+01,0.000000000000000000e+00,-6.994735184361961602e-06
3.459962778053800747e+01,0.000000000000000000e+00,2.440291694815680391e-04
3.460001181471656651e+01,0.000000000000000000e+00,-7.325123896862370849e-06
3.459999847412109375e+01,0.000000000000000000e+00,-1.953380738194234628e-13
3.663857021270555947e+01,0.000000000000000000e+00,-7.903762663300507862e-02
1.235310510349703783e+01,0.000000000000000000e+00,3.784393198512069900e-01
3.460037750911226340e+01,0.000000000000000000e+00,3.622785283361049850e-05
3.440696389629820828e+01,0.000000000000000000e+00,4.559205579852027707e-02
3.459999847412109375e+01,0.000000000000000000e+00,-4.591889083875665347e-14
3.457029774616031403e+01,0.000000000000000000e+00,1.895540026916568352e-02
3.459999847412109375e+01,0.000000000000000000e+00,-9.713154563601108051e-11
3.535906348039388547e+01,0.000000000000000000e+00,-7.053568582687844923e+00
3.615444254159509541e+01,0.000000000000000000e+00,1.766983050110569609e-01
3.459986372664479859e+01,0.000000000000000000e+00,-2.891919918634150801e-04
3.459975207949533171e+01,0.000000000000000000e+00,7.048450160967485592e-05
2.169319037507936088e+01,0.000000000000000000e+00,1.442562501136080699e-01
3.471321497308241533e+01,0.000000000000000000e+00,-2.296089766484872285e+00
3.460000062018916367e+01,0.000000000000000000e+00,6.395477089432534889e-05
3.627751816696729037e+01,0.000000000000000000e+00,1.297348346811184050e-01
3.459999847412109375e+01,0.000000000000000000e+00,-1.399672855629833602e-07
2.821230302993860306e+01,0.000000000000000000e+00,5.320335147495954820e-01
3.595041920859672047e+01,0.000000000000000000e+00,6.884767396670202211e-02
3.459990775928599760e+01,0.000000000000000000e+00,-2.331649326138920093e-05
5.692676534625625173e+00,0.000000000000000000e+00,-2.592623094103619491e-02
1.222572797215842400e+01,0.000000000000000000e+00,9.996330653279573986e-02
3.459999847412109375e+01,0.000000000000000000e+00,-6.827122775681282725e-14
7.561622117840818724e+00,0.000000000000000000e+00,-5.910195208088261376e-01
3.459999847412109375e+01,0.000000000000000000e+00,-5.500173663588565064e-14
3.459999847412109375e+01,0.000000000000000000e+00,2.222426476786238154e-08
1.763623587956102190e+00,0.000000000000000000e+00,-8.710579540911270735e-01
3.459999847412109375e+01,0.000000000000000000e+00,-2.989888819651657787e-13
3.459999847412109375e+01,0.000000000000000000e+00,-5.544346051838298866e-10
3.459999847412109375e+01,0.000000000000000000e+00,1.777613910815490970e-10
2.012013718128060091e+01,0.000000000000000000e+00,4.564287858725672442e-01
3.459897915832074489e+01,0.000000000000000000e+00,5.376331775967673615e-03
2.108176559051288379e+01,0.000000000000000000e+00,2.740718143912629357e-01
3.460000228881835938e+01,0.000000000000000000e+00,1.042779165129173278e-06
3.459999847412109375e+01,0.000000000000000000e+00,-1.210505121675537272e-10
3.459999847412109375e+01,0.000000000000000000e+00,-2.486311346411225624e-13
3.459999847412109375e+01,0.000000000000000000e+00,1.954185375640011594e-13
3.459999847412109375e+01,0.000000000000000000e+00,2.503016905932757962e-13
6.845244973822904200e+00,0.000000000000000000e+00,-1.024299905777152769e-01
3.459999847412109375e+01,0.000000000000000000e+00,-6.362144622477945027e-08
3.430755178347560985e+01,0.000000000000000000e+00,8.483240232956761051e-02
3.380230638748314220e+01,0.000000000000000000e+00,1.056169237589734022e+00
3.459999847412109375e+01,0.000000000000000000e+00,9.206408166615420881e-08
3.459998062611339265e+01,0.000000000000000000e+00,1.800933053189481957e-04
3.456737187825773816e+01,0.000000000000000000e+00,5.567356435684069765e-02
3.463260537159624164e+01,0.000000000000000000e+00,1.130345867711466876e-02
3.458529668840854043e+01,0.000000000000000000e+00,3.477121529313993709e-02
2.655305534812166357e+01,0.000000000000000000e+00,2.370440233478814662e-01
3.658951996714299781e+01,0.000000000000000000e+00,2.557980670896450176e-02
3.459999847412109375e+01,0.000000000000000000e+00,1.377241922959754517e-08
3.459999847412108664e+01,0.000000000000000000e+00,3.643647721842462506e-13
3.370000470335413922e+01,0.000000000000000000e+00,2.848295437860136337e-02
3.460000190653983054e+01,0.000000000000000000e+00,-3.168989420043150628e-06
3.459999847412109375e+01,0.000000000000000000e+00,1.251926076188661182e-14
3.459999847412109375e+01,0.000000000000000000e+00,1.560403786759404064e-13
4.140516828101960201e+00,0.000000000000000000e+00,-3.270215097014781414e+00
1.854919629809210591e+01,0.000000000000000000e+00,7.587302529291827247e-01
3.459999847412109375e+01,0.000000000000000000e+00,5.565005458438563225e-14
3.598256583387472318e+01,0.000000000000000000e+00,-1.680543873412338740e-01
3.459999847412109375e+01,0.000000000000000000e+00,-2.519960534978783488e-13
3.459935501145488956e+01,0.000000000000000000e+00,-4.662566378957281178e-04
3.460066771482544823e+01,0.000000000000000000e+00,-1.626713618012144507e-05
3.459999847412109375e+01,0.000000000000000000e+00,9.319704525628490859e-14
3.460000672397266896e+01,0.000000000000000000e+00,-2.524195661474194015e-05
3.459999847412109375e+01,0.000000000000000000e+00,3.081713245768073971e-14
3.459999847412109375e+01,0.000000000000000000e+00,-2.189858002697169030e-13
3.459999847412109375e+01,0.000000000000000000e+00,-1.525693633930291782e-13
4.067176616284483259e+01,0.000000000000000000e+00,-5.797460047395797123e-02
3.459999847412109375e+01,0.000000000000000000e+00,-2.761866681589718192e-14
3.555834478007325572e+01,0.000000000000000000e+00,9.600607714221848221e-02
3.751635798438702807e+01,0.000000000000000000e+00,9.649159155558302559e-02
3.459999847412109375e+01,0.000000000000000000e+00,8.490776888779818969e-11
3.461061154367290982e+01,0.000000000000000000e+00,8.509716294405665279e-03
1.903118119966605448e+01,0.000000000000000000e+00,-5.595891524583925802e-01
3.459999847412109375e+01,0.000000000000000000e+00,9.708449607832563923e-15
3.436207397349846815e+01,0.000000000000000000e+00,1.416162207594873212e-01
3.459050064900903720e+01,0.000000000000000000e+00,2.258964955442751762e-02
3.040709641208121639e+01,0.000000000000000000e+00,4.428690328370182283e-01
3.459911323856902499e+01,0.000000000000000000e+00,-1.599343348939970917e-03
3.460000228881835938e+01,0.000000000000000000e+00,1.632078674679456653e-05
4.251682480922320195e+01,0.000000000000000000e+00,-8.388458947026553036e-02
3.459999969636309913e+01,0.000000000000000000e+00,-2.213026546820157309e-07
3.459759651062432795e+01,0.000000000000000000e+00,1.120052252970743815e-03
3.459999847412109375e+01,0.000000000000000000e+00,1.669797481321059505e-10
3.459999847412109375e+01,0.000000000000000000e+00,1.694422407483018766e-13
3.459999847412109375e+01,0.000000000000000000e+00,-4.492055959321391872e-09
3.462179753806210414e+01,0.000000000000000000e+00,9.024964360849256628e-03
3.459999847412109375e+01,0.000000000000000000e+00,5.488610284869302756e-14
3.471049798008017717e+01,0.000000000000000000e+00,2.252331608312255484e-01
3.386426488359093412e+01,0.000000000000000000e+00,-4.604221137216966270e-02
2.678739072464664517e+01,0.000000000000000000e+00,1.514724182072565206e+00
3.459999847412109375e+01,0.000000000000000000e+00,-1.240204345580616066e-13
1.848798688320250516e+00,0.000000000000000000e+00,-2.532813240398758214e+00
3.459999847412109375e+01,0.000000000000000000e+00,5.278616114149602267e-14
2.937538039263847267e+01,0.000000000000000000e+00,4.536717323974802651e-01
3.459999301643286174e+01,0.000000000000000000e+00,-2.082207211667880389e-05
3.460026840679143589e+01,0.000000000000000000e+00,-2.130590284275712585e-04
2.969611105774306736e+01,0.000000000000000000e+00,-7.748085516197374956e-01
3.459999847412109375e+01,0.000000000000000000e+00,5.185185234192556117e-15
3.454607260567955507e+01,0.000000000000000000e+00,5.654481200902476690e-02
3.459999847412109375e+01,0.000000000000000000e+00,-3.868907507587509646e-14
3.460000930650389250e+01,0.000000000000000000e+00,1.736919792295315215e-05
3.458107825813883807e+01,0.000000000000000000e+00,-1.984248640254657886e-02
3.950110814370055579e+01,0.000000000000000000e+00,3.289642467247285484e+00
3.459999847412109375e+01,0.000000000000000000e+00,4.850360396258039202e-14
3.459999847412109375e+01,0.000000000000000000e+00,1.694047937261120101e-13
3.459999847412109375e+01,0.000000000000000000e+00,1.070708802292041775e-13
3.459999847412109375e+01,0.000000000000000000e+00,1.151616598712953619e-07
3.460554846777608873e+01,0.000000000000000000e+00,-2.799118272271122407e-02
3.459999847412109375e+01,0.000000000000000000e+00,-4.698954775241569809e-08
3.459999847412109375e+01,0.000000000000000000e+00,4.321397372212213416e-14
5.837616988491015846e+00,0.000000000000000000e+00,1.793536373558952124e-01
3.460237345749514049e+01,0.000000000000000000e+00,4.646901528246516998e-03
3.459999847412109375e+01,0.000000000000000000e+00,2.266280955032340973e-13
3.460011388472987903e+01,0.000000000000000000e+00,3.958460881635971818e-04
3.460344601380058549e+01,0.000000000000000000e+00,1.071396898240922248e-03
3.951564091434098458e+01,0.000000000000000000e+00,-6.814240905236176316e-01
3.460001140144449039e+01,0.000000000000000000e+00,-1.294852666348167083e-05
2.711701793122272974e+01,0.000000000000000000e+00,1.332535751750972386e+00
3.458189585854778869e+01,0.000000000000000000e+00,3.254642143634274912e-03
3.459999847412109375e+01,0.000000000000000000e+00,-3.280515805970444972e-09
3.401280670459500755e+01,0.000000000000000000e+00,1.161871065516084517e-01
3.463971483643165783e+01,0.000000000000000000e+00,5.784824052360863084e-03
3.459915608263419529e+01,0.000000000000000000e+00,-5.418981623624987386e-04
3.459999847412109375e+01,0.000000000000000000e+00,-6.590668995646985912e-13
5.193127860822047026e+00,0.000000000000000000e+00,-1.594992601047745262e-01
3.459999847412109375e+01,0.000000000000000000e+00,-8.043213269944624685e-14
5.491749377658418751e+00,0.000000000000000000e+00,9.253640640470699452e-01
2.598787578572757084e+01,0.000000000000000000e+00,1.314487289331093926e-02
2.346423850384809029e+01,0.000000000000000000e+00,2.612882892671488100e-01
2.026982251279843084e+01,0.000000000000000000e+00,4.299180858830975449e-01
3.459999847412109375e+01,0.000000000000000000e+00,-2.755138517726271060e-13
3.459999847412109375e+01,0.000000000000000000e+00,9.410887703798925861e-08
3.461620234349185665e+01,0.000000000000000000e+00,-1.939992977529422444e-02
9.608931636064074411e+00,0.000000000000000000e+00,5.405211586816163205e-01
3.459999847412109375e+01,0.000000000000000000e+00,-4.514714424395948717e-14
3.445809049712721617e+01,0.000000000000000000e+00,-1.348939709030129962e-02
3.604990085700657687e+01,0.000000000000000000e+00,-4.352047201744917160e-02
3.460000884853192815e+01,0.000000000000000000e+00,5.333998718140082942e-04
3.541673361906416062e+01,0.000000000000000000e+00,9.341798451494274375e-03
1.537560236271868419e+01,0.000000000000000000e+00,8.894687276832238809e-02
7.037845848942777316e+00,0.000000000000000000e+00,7.676657257483429642e-02
3.459999847412109375e+01,0.000000000000000000e+00,1.605466497226893327e-13
3.467264505676948971e+01,0.000000000000000000e+00,-2.586954716940211285e-01
3.636604922335703094e+01,0.000000000000000000e+00,3.531363210921319856e-02
3.459999847412109375e+01,0.000000000000000000e+00,-4.327471695787784679e-08
3.459999847412109375e+01,0.000000000000000000e+00,3.088749060470859597e-14
1.295035804092102971e+01,0.000000000000000000e+00,-1.173076615475087542e-01
3.459999847412109375e+01,0.000000000000000000e+00,-8.996726363981885889e-08
3.460002187138302077e+01,0.000000000000000000e+00,-2.174985478685523884e-04
1.870607287437367106e+01,0.000000000000000000e+00,5.856690532065979005e-01
1.721198479686600447e+00,0.000000000000000000e+00,-2.123492284465207103e+00
3.459999847412109375e+01,0.000000000000000000e+00,-2.527799148106681126e-13
3.459999849960348683e+01,0.000000000000000000e+00,3.374711021878329881e-07
3.459937424938707551e+01,0.000000000000000000e+00,-1.793639457862420588e-03
3.459999847412109375e+01,0.000000000000000000e+00,2.101451387812046320e-06
3.459945643250539860e+01,0.000000000000000000e+00,-1.652251932804849185e-03
3.459999857403688850e+01,0.000000000000000000e+00,2.519321541589619702e-07
3.499810430526621552e+00,0.000000000000000000e+00,-4.878271249660801057e-01
3.459999847412109375e+01,0.000000000000000000e+00,2.336413818627132802e-14
3.459999847412109375e+01,0.000000000000000000e+00,2.156623548699720002e-11
3.459999847412109375e+01,0.000000000000000000e+00,-1.110556697735851769e-06
8.882405411593737199e+00,0.000000000000000000e+00,1.370577765060986830e-01
7.201791160402722269e+00,0.000000000000000000e+00,-2.028589669537271267e-01
3.459999847412109375e+01,0.000000000000000000e+00,3.993515996131675901e-14
2.926129849845843367e+01,0.000000000000000000e+00,1.434513231395287969e-01
3.459999847412109375e+01,0.000000000000000000e+00,-1.049245418015308477e-09
3.459999847412109375e+01,0.000000000000000000e+00,-6.078026124381126263e-14
3.416536776782194096e+01,0.000000000000000000e+00,2.751815779322242320e-02
3.459999847412109375e+01,0.000000000000000000e+00,-5.085046958404920984e-10
3.459999847412109375e+01,0.000000000000000000e+00,4.604144587195632327e-14
3.176521777366217592e+01,0.000000000000000000e+00,4.277175881229032250e-01
4.777147852233219361e+00,0.000000000000000000e+00,-4.194089112047833662e-02
3.459999847412109375e+01,0.000000000000000000e+00,7.966473551154913278e-14
3.167597358033400567e+01,0.000000000000000000e+00,2.013717588399507319e-01
1.544966658404144866e+01,0.000000000000000000e+00,3.140641234531279524e-01
3.537158861778088692e+01,0.000000000000000000e+00,-5.008439740551059449e-01
3.459999847412109375e+01,0.000000000000000000e+00,-3.225392901124716403e-10
3.460000119008375208e+01,0.000000000000000000e+00,9.755235206648751238e-07
3.459999847412109375e+01,0.000000000000000000e+00,-3.641755030056870583e-14
3.460802710640024316e+01,0.000000000000000000e+00,-1.084428854634216823e-03
2.963151817935927568e+01,0.000000000000000000e+00,6.885825475504508963e-02
1.734144251567428796e+00,0.000000000000000000e+00,-2.214553232536769833e+00
3.460006283402870508e+01,0.000000000000000000e+00,-3.531893378524362021e-06
1.915241286689887579e+00,0.000000000000000000e+00,-2.427218081053579724e+00
3.460001249483973851e+01,0.000000000000000000e+00,-7.807968283238263284e-05
3.087980641202641507e+01,0.000000000000000000e+00,6.099519969674831454e-01
3.459974861081115449e+01,0.000000000000000000e+00,6.053548333594296459e-04
4.066181580014188057e+01,0.000000000000000000e+00,-3.838029327039840788e-02
2.316929003848941804e+01,0.000000000000000000e+00,3.758466273156402804e-01
3.459933493297649676e+01,0.000000000000000000e+00,-6.223433303897962787e-04
1.852423401271498626e+00,0.000000000000000000e+00,-2.453682524742962556e+00
3.459999847412109375e+01,0.000000000000000000e+00,2.224716065913580460e-07
3.462188125273881667e+01,0.000000000000000000e+00,-2.187052550597988476e-02
3.459999847412109375e+01,0.000000000000000000e+00,4.047894574597006655e-14
3.459999847412109375e+01,0.000000000000000000e+00,2.434675108078887649e-07
3.459999847412109375e+01,0.000000000000000000e+00,-8.664233015335910411e-16
3.459999847412109375e+01,0.000000000000000000e+00,1.506125677211821727e-08
4.241051193592281265e+01,0.000000000000000000e+00,4.712976426374033689e-01
3.459998878966221270e+01,0.000000000000000000e+00,1.371376378207915524e-05
3.334883434222614085e+01,0.000000000000000000e+00,-2.282899343405987214e+00
3.449328702334396013e+01,0.000000000000000000e+00,4.430263748169893656e-02
3.459999847412109375e+01,0.000000000000000000e+00,-1.151773267225398910e-10
2.022955490882520735e+01,0.000000000000000000e+00,7.629161859519405231e-02
3.459999847412109375e+01,0.000000000000000000e+00,-2.689609693962374955e-15
3.459999847412109375e+01,0.000000000000000000e+00,-4.734945164441302595e-14
3.459999847412109375e+01,0.000000000000000000e+00,5.865349572059057581e-14
3.459999847412109375e+01,0.000000000000000000e+00,1.568977206080509175e-09
3.459999847412109375e+01,0.000000000000000000e+00,1.127314392913833479e-09
2.321775123953620579e+01,0.000000000000000000e+00,1.934656760080080695e-01
2.207547850334152884e+01,0.000000000000000000e+00,-2.751225597405431156e-01
3.459999847412109375e+01,0.000000000000000000e+00,-1.056182839200365221e-11
3.428429532268935986e+01,0.000000000000000000e+00,1.046994617523965970e-01
3.772766691659582960e+01,0.000000000000000000e+00,-3.068491900508462766e+00
3.459999847412109375e+01,0.000000000000000000e+00,1.449422409876624482e-13
2.610346618286278542e+01,0.000000000000000000e+00,-1.411195336566029468e+00
3.459999847412109375e+01,0.000000000000000000e+00,8.185415459551750298e-11
3.459999847412108664e+01,0.000000000000000000e+00,1.450415084383885460e-13
3.459993023677466795e+01,0.000000000000000000e+00,4.813437675863973999e-04
3.460001662644089038e+01,0.000000000000000000e+00,2.369897409756413628e-04
3.431130139783363830e+01,0.000000000000000000e+00,-2.257354581277545152e-02
3.460165956283613298e+01,0.000000000000000000e+00,1.400413160058285836e-04
3.461824040756155796e+01,0.000000000000000000e+00,-8.423892653963694493e-03
3.459999847412109375e+01,0.000000000000000000e+00,3.635950515777781610e-07
3.636762051655266248e+01,0.000000000000000000e+00,-2.569287059405589990e-01
3.468428043887627155e+01,0.000000000000000000e+00,-3.573350840977488480e-03
3.459999847412109375e+01,0.000000000000000000e+00,-2.945043910992180098e-06
3.105980827724635063e+01,0.000000000000000000e+00,-6.607882820244484812e+00
3.459999847412109375e+01,0.000000000000000000e+00,1.491290376022759213e-13
3.459999847412109375e+01,0.000000000000000000e+00,-1.284916987883991029e-07
5.056866298219165223e+00,0.000000000000000000e+00,2.801099222052420568e-01
8.187833377036163540e+00,0.000000000000000000e+00,1.042510813664059427e-01
3.538863759178832424e+01,0.000000000000000000e+00,6.583564716592307242e-01
3.459999847412109375e+01,0.000000000000000000e+00,-7.733946988883388141e-14
3.462628196744334730e+01,0.000000000000000000e+00,-3.345641884776446445e-02
3.459999970527334057e+01,0.000000000000000000e+00,-6.816354963686539128e-07
3.459999847412109375e+01,0.000000000000000000e+00,-3.403998103939069922e-14
3.459999847412109375e+01,0.000000000000000000e+00,9.375060542273011462e-14
3.459999625161447767e+01,0.000000000000000000e+00,1.511809892954563996e-05
7.316953367286030741e+00,0.000000000000000000e+00,-3.748700511557517601e+00
1.358926001866232980e+01,0.000000000000000000e+00,5.810063702207123315e-01
1.908984298096024546e+01,0.000000000000000000e+00,4.799208376210458149e-01
2.329736966391240927e+01,0.000000000000000000e+00,4.227005184664650028e-01
3.459999847412109375e+01,0.000000000000000000e+00,-2.798361030394430687e-13
2.183755339178941313e+01,0.000000000000000000e+00,2.684087130854123093e-01
3.460107977973311222e+01,0.000000000000000000e+00,-3.555584881274873369e-04
3.460400637634222676e+01,0.000000000000000000e+00,-6.453650645219012778e-03
5.258029222593485486e+00,0.000000000000000000e+00,-2.563014062255762338e-01
3.460000271238562419e+01,0.000000000000000000e+00,7.342973842721590354e-07
3.457228114845124622e+01,0.000000000000000000e+00,3.679668408707909705e-02
3.459999847412109375e+01,0.000000000000000000e+00,-6.357981551566111416e-14
2.742505180779087937e+01,0.000000000000000000e+00,1.161826977155729079e-01
3.382085346038618212e+01,0.000000000000000000e+00,-6.366299057824473251e-02
8.356328296343660256e+00,0.000000000000000000e+00,-8.169666215217864791e-02
3.843831642565563556e+01,0.000000000000000000e+00,7.811288092770071745e-02
3.404463033275685291e+01,0.000000000000000000e+00,7.770913900594391688e-01
2.729668820394056183e+01,0.000000000000000000e+00,5.467619812462563011e-01
3.460099760616520115e+01,0.000000000000000000e+00,-1.250312574837196197e-02
3.252351999934457183e+01,0.000000000000000000e+00,1.753805766014416082e-02
2.975657875321231494e+00,0.000000000000000000e+00,-1.190238400771616023e+00
3.459999847412109375e+01,0.000000000000000000e+00,1.292341511647726582e-13
3.465363811889649526e+01,0.000000000000000000e+00,5.015492141559084460e-02
5.546456691021592000e+00,0.000000000000000000e+00,1.740525508728306137e-01
3.459999847412109375e+01,0.000000000000000000e+00,2.806510891722143397e-09
3.465989001672630820e+01,0.000000000000000000e+00,2.753041413196468182e-02
3.460332167115820567e+01,0.000000000000000000e+00,1.425008817745250685e-02
3.459999847412109375e+01,0.000000000000000000e+00,-5.560179241068317736e-15
3.459999847412109375e+01,0.000000000000000000e+00,3.742670552357704039e-14
1.226638673282050007e+01,0.000000000000000000e+00,3.674871019791234317e-01
3.459999847412109375e+01,0.000000000000000000e+00,4.402482332811879939e-14
3.020167997178869257e+01,0.000000000000000000e+00,2.297591327514412751e-01
3.692339759448727676e+01,0.000000000000000000e+00,2.886476638371120451e-01
3.459999847412109375e+01,0.000000000000000000e+00,6.316837084018574876e-14
3.459849844376022787e+01,0.000000000000000000e+00,-2.492379096469430396e-03
3.417913830879701464e+01,0.000000000000000000e+00,-3.935788792123004476e-02
1.233409834665801519e+01,0.000000000000000000e+00,-1.160728544454687761e-01
3.459984955043233867e+01,0.000000000000000000e+00,7.131578074598229249e-04
3.489820682986798062e+01,0.000000000000000000e+00,-2.084521403838106302e-02
5.659587286061507960e+00,0.000000000000000000e+00,4.355318488159571899e-01
3.380065121508040704e+01,0.000000000000000000e+00,-1.971046991355826505e-02
3.459999847412109375e+01,0.000000000000000000e+00,-1.634972983707633226e-09
3.460000379377692781e+01,0.000000000000000000e+00,5.323479960135518583e-05
9.805980540566118009e+00,0.000000000000000000e+00,4.300978363835807894e-01
3.459999847412109375e+01,0.000000000000000000e+00,1.798658677038562208e-13
3.465759964248984915e+01,0.000000000000000000e+00,-3.662466303220676678e-02
1.604770044012435903e+01,0.000000000000000000e+00,-1.911733304937493216e-01
3.454380843596239714e+01,0.000000000000000000e+00,7.671623822150437817e-03
3.433416192845859172e+01,0.000000000000000000e+00,-1.795323074914495776e-01
4.931981385981942800e+00,0.000000000000000000e+00,-5.941441372773597074e-01
3.459999847412109375e+01,0.000000000000000000e+00,-3.553853065996298982e-12
6.452342783186475472e+00,0.000000000000000000e+00,4.609395986303559400e-01
2.083663286873883802e+00,0.000000000000000000e+00,-2.484658397511352312e+00
3.459999847412109375e+01,0.000000000000000000e+00,-3.938669562425791810e-13
3.459871968322570979e+01,0.000000000000000000e+00,3.072654158947064028e-04
9.550223026541537763e+00,0.000000000000000000e+00,3.881389987359163407e-01
3.459999847412108664e+01,0.000000000000000000e+00,1.655021029669536338e-14
6.553018078519539102e+00,0.000000000000000000e+00,4.250893114840132991e-01
3.459914549915029625e+01,0.000000000000000000e+00,-6.039430714069295375e-04
3.459999847412110086e+01,0.000000000000000000e+00,-8.670745983292474219e-07
9.815309622496597441e+00,0.000000000000000000e+00,-3.118768571678260937e-01
3.459999847412109375e+01,0.000000000000000000e+00,-3.039434043882891222e-14
3.459999847412110086e+01,0.000000000000000000e+00,-1.414948835253511681e-13
3.521381645976710928e+01,0.000000000000000000e+00,-1.090400740900137333e-01
1.106116822055704851e+01,0.000000000000000000e+00,1.384871509159786074e+00
3.419494411805587930e+01,0.000000000000000000e+00,1.075770060396881054e-03
3.459999847412109375e+01,0.000000000000000000e+00,3.426338561635010152e-14
3.460484467690598365e+01,0.000000000000000000e+00,-5.521855704449680005e-03
3.459999987662543930e+01,0.000000000000000000e+00,1.008340127317911687e-07
5.352556152268896028e+00,0.000000000000000000e+00,1.831065946695061702e-02
3.622969201199570222e+01,0.000000000000000000e+00,5.106028521413076282e-01
3.459999847412109375e+01,0.000000000000000000e+00,1.155465545312444036e-13
9.946278744035604191e+00,0.000000000000000000e+00,-4.822179126471223820e-02
3.452044485843794064e+01,0.000000000000000000e+00,-9.929021006613513237e-03
3.459999847412109375e+01,0.000000000000000000e+00,-1.310874448433655661e-15
3.459988726774852097e+01,0.000000000000000000e+00,1.621932185395876414e-04
3.231566760315085052e+00,0.000000000000000000e+00,-1.431878392866590355e+00
3.171405629534088177e+01,0.000000000000000000e+00,9.256564901666635148e-01
3.459999847412109375e+01,0.000000000000000000e+00,-1.983345871364652266e-11
3.459999847412109375e+01,0.000000000000000000e+00,-3.842243029830686636e-13
3.459999847412109375e+01,0.000000000000000000e+00,-1.905729658145807996e-09
3.444344942949761901e+01,0.000000000000000000e+00,-1.096784394657536466e-01
3.460004330363918257e+01,0.000000000000000000e+00,-1.197880449612540046e-06
3.459994592520863677e+01,0.000000000000000000e+00,-3.200699687275162825e-05
3.460001056664679453e+01,0.000000000000000000e+00,-2.494688845434270340e-05
3.431433169400335004e+01,0.000000000000000000e+00,1.808170137395934129e-01
3.459999847412109375e+01,0.000000000000000000e+00,2.164394408212540238e-15
3.459999847412109375e+01,0.000000000000000000e+00,-9.286096487555393167e-11
1.726976181178328318e+01,0.000000000000000000e+00,7.312590870498870688e-01
9.782340268020105256e+00,0.000000000000000000e+00,6.268749158444866798e-02
3.459999847412109375e+01,0.000000000000000000e+00,-1.608047095051727766e-13
3.443798608964827679e+01,0.000000000000000000e+00,2.925575686533968822e-01
3.459999742031585868e+01,0.000000000000000000e+00,-5.199352062753811229e-05
4.417174077021549294e+00,0.000000000000000000e+00,-4.196743969590434331e-02
3.956502815318955157e+01,0.000000000000000000e+00,1.739356794445021948e-01
3.398802632185211081e+01,0.000000000000000000e+00,5.604532931540755908e-02
1.326695477337601226e+01,0.000000000000000000e+00,8.957334603662785166e-02
3.459999847412109375e+01,0.000000000000000000e+00,2.896239514882381627e-08
3.007172935290290638e+01,0.000000000000000000e+00,1.831967879993234016e-01
3.459998523635454148e+01,0.000000000000000000e+00,1.464374786257257167e-04
1.910466675433129069e+01,0.000000000000000000e+00,2.945299609873385238e-01
3.459999847412109375e+01,0.000000000000000000e+00,-1.534180684234907919e-12
7.493052764999078796e+00,0.000000000000000000e+00,9.099286288307750770e-01
3.460000051637005924e+01,0.000000000000000000e+00,1.939828468401410318e-07
1.284972029895271817e+01,0.000000000000000000e+00,3.210159271164561567e-01
3.459999845154163722e+01,0.000000000000000000e+00,1.354247428186287641e-05
9.019564120504668381e+00,0.000000000000000000e+00,3.901856169682542674e-01
3.827972054133982027e+01,0.000000000000000000e+00,-2.029928311477570413e-01
3.459999847412109375e+01,0.000000000000000000e+00,-8.519266279808324593e-14
3.446250393975355308e+01,0.000000000000000000e+00,6.648219412991319965e-02
3.328793950468912044e+01,0.000000000000000000e+00,-8.550928945930019731e-02
5.568564263557512106e+00,0.000000000000000000e+00,5.192617068601748098e-01
4.412212246491801437e+00,0.000000000000000000e+00,-4.314288119064013216e+00
1.915258430043087756e+01,0.000000000000000000e+00,2.994349140752985972e-01
3.462687034284989096e+01,0.000000000000000000e+00,1.682155826380808336e-02
3.459956853332108295e+01,0.000000000000000000e+00,8.129990038981965358e-03
2.021736637891240917e+01,0.000000000000000000e+00,6.747527288225061426e-01
1.570999782999892780e+01,0.000000000000000000e+00,6.565972021966658412e-01
3.459846533588018502e+01,0.000000000000000000e+00,-2.339430984401727649e-03
3.518457391260929512e+01,0.000000000000000000e+00,1.160209978542132564e-01
3.464094764172764940e+01,0.000000000000000000e+00,1.305389906358447698e-02
3.459999847412109375e+01,0.000000000000000000e+00,1.152642031742443161e-13
4.215734099561758086e+01,0.000000000000000000e+00,2.336642148050684098e-01
3.459777111066080124e+01,0.000000000000000000e+00,7.242127148395811377e-03
3.459999847412109375e+01,0.000000000000000000e+00,2.451969763395272972e-10
3.459999847412109375e+01,0.000000000000000000e+00,1.266874074862839846e-13
3.737636569816775278e+01,0.000000000000000000e+00,1.539202891799104300e+00
3.459999847412109375e+01,0.000000000000000000e+00,5.042628949658103434e-14
3.459999847412109375e+01,0.000000000000000000e+00,8.602556046627964348e-14
3.459898127233525145e+01,0.000000000000000000e+00,1.770689958231222438e-03
3.714951671572903535e+01,0.000000000000000000e+00,-2.152785108802428293e-01
3.459999847412109375e+01,0.000000000000000000e+00,4.311474562158493530e-10
1.864906142050379145e+01,0.000000000000000000e+00,1.756332187771541542e-01
3.459999847412109375e+01,0.000000000000000000e+00,1.503969329310162832e-13
3.459999847412109375e+01,0.000000000000000000e+00,-1.340719801864505546e-08
1.065385843898044982e+01,0.000000000000000000e+00,5.711114448379298603e-01
3.459999925188567005e+01,0.000000000000000000e+00,-5.848749760060503234e-07
3.472469327289873320e+01,0.000000000000000000e+00,2.241902368743192708e-02
8.723123321741644176e+00,0.000000000000000000e+00,9.290780151607896942e-02
1.016855192171288103e+01,0.000000000000000000e+00,-3.660839688950058846e-01
3.459999847412109375e+01,0.000000000000000000e+00,1.767292524365783351e-14
3.459999847412109375e+01,0.000000000000000000e+00,3.566803614461499459e-13
3.438401878491078634e+01,0.000000000000000000e+00,-1.273121640619368465e-02
9.836423312033947042e+00,0.000000000000000000e+00,2.329909463102294506e-02
3.455151922395951658e+01,0.000000000000000000e+00,4.797504326552789328e-02
3.459999847412109375e+01,0.000000000000000000e+00,-1.365740576082272091e-11
9.254240934578996658e+00,0.000000000000000000e+00,-1.479000825977878630e+00
3.446316634308893612e+01,0.000000000000000000e+00,2.132750844381297917e+00
3.475508876564411764e+01,0.000000000000000000e+00,-1.847938842823662886e-01
3.460000162028494941e+01,0.000000000000000000e+00,-8.218574301387399225e-06
3.459999847412109375e+01,0.000000000000000000e+00,1.184840650962612635e-09
3.459999847412109375e+01,0.000000000000000000e+00,1.406978629156911305e-14
1.589274931371570254e+01,0.000000000000000000e+00,-7.461818946690504384e-02
3.462285853910446320e+01,0.000000000000000000e+00,-5.231416441736911390e-04
3.454549167035021640e+01,0.000000000000000000e+00,-3.284457407095338344e-02
3.460906089031923472e+01,0.000000000000000000e+00,-3.837116605886472728e-04
1.469594790299780840e+01,0.000000000000000000e+00,2.243883770632614238e-01
3.459999847412109375e+01,0.000000000000000000e+00,2.737651658136131197e-09
3.459999847412109375e+01,0.000000000000000000e+00,3.878531661717907512e-09
3.459999847412109375e+01,0.000000000000000000e+00,-2.556025252237758485e-14
2.649976699029889105e+01,0.000000000000000000e+00,-2.549871954267892149e-01
3.459999847412109375e+01,0.000000000000000000e+00,-1.825537140671035781e-13
3.459987269170400026e+01,0.000000000000000000e+00,6.954953215100070614e-04
2.914015533810814418e+01,0.000000000000000000e+00,5.709425303798050244e-01
9.081953030817716765e+00,0.000000000000000000e+00,4.455443501831858333e-01
3.459999847412109375e+01,0.000000000000000000e+00,-3.944591975955609638e-09
3.459999847412109375e+01,0.000000000000000000e+00,-1.202090818954798942e-13
3.459999847412109375e+01,0.000000000000000000e+00,1.828811148640329761e-13
3.459999847412109375e+01,0.000000000000000000e+00,-4.073386780849764980e-09
4.106943203001218734e+01,0.000000000000000000e+00,8.953991898496487245e-01
7.980446394819879607e+00,0.000000000000000000e+00,1.647734073171691904e-01
3.459999847412109375e+01,0.000000000000000000e+00,-2.652470128009364355e-14
3.460755480511344473e+01,0.000000000000000000e+00,-3.999321482527481639e-03
8.915454103090135973e+00,0.000000000000000000e+00,-4.152075111284829312e+00
3.431401571845189125e+01,0.000000000000000000e+00,6.624121526639409341e-02
3.461839234346581406e+01,0.000000000000000000e+00,-1.447504098335635489e-03
4.139140832897847133e+01,0.000000000000000000e+00,-2.459470883956240694e-01
3.459999847412109375e+01,0.000000000000000000e+00,-4.940395088548350413e-09
1.319152967964886791e+01,0.000000000000000000e+00,7.595391348312240977e-03
3.463376648769251887e+01,0.000000000000000000e+00,3.131420988219948964e-02
3.459999847412109375e+01,0.000000000000000000e+00,-1.158186848057393882e-13
1.891846341838355627e+01,0.000000000000000000e+00,-8.973269657229482332e-02
3.459994939193136076e+01,0.000000000000000000e+00,5.256775358432491278e-05
3.402459995106025303e+01,0.000000000000000000e+00,-2.961207804876665461e-01
3.459999847412109375e+01,0.000000000000000000e+00,-3.529371572800817205e-08
2.522545864888140343e+01,0.000000000000000000e+00,2.681640996989997361e-01
5.512089938667403821e+00,0.000000000000000000e+00,-6.311276686133107140e-03
3.459999847412109375e+01,0.000000000000000000e+00,1.061568637083398100e-10
3.459929215313684381e+01,0.000000000000000000e+00,-2.848057890972321721e-03
1.892090571883321104e+01,0.000000000000000000e+00,3.074870166312539399e-01
2.088594903528468549e+01,0.000000000000000000e+00,2.585056222708223550e-01
3.459732843472979624e+01,0.000000000000000000e+00,4.068636782173644904e-03
3.459999847412110086e+01,0.000000000000000000e+00,2.128928629630171763e-13
3.446958602449522857e+01,0.000000000000000000e+00,-1.638629858649668855e-02
3.460003035692248829e+01,0.000000000000000000e+00,-7.225904421932502020e-05
3.459999847412109375e+01,0.000000000000000000e+00,-8.330810713089266125e-15
3.459999847412109375e+01,0.000000000000000000e+00,3.846912935346078003e-16
2.272709136472753144e+01,0.000000000000000000e+00,-1.344439740391633331e-01
3.459999847412109375e+01,0.000000000000000000e+00,-7.380804791137366195e-14
2.856568725989309954e+01,0.000000000000000000e+00,9.695452374645026350e-02
3.459999847412109375e+01,0.000000000000000000e+00,2.259444936641760620e-14
1.306261895750601099e+01,0.000000000000000000e+00,3.993594784729139757e-01
3.459999847412109375e+01,0.000000000000000000e+00,-1.044025419131791287e-13
3.459999920175071964e+01,0.000000000000000000e+00,1.801710695947492045e-07
3.459999473935901904e+01,0.000000000000000000e+00,3.182221709336670267e-06
3.410327401284719429e+01,0.000000000000000000e+00,-6.288975931124865526e-02
3.459999847412109375e+01,0.000000000000000000e+00,-1.028771321079206886e-13
3.459999847412109375e+01,0.000000000000000000e+00,-3.993950271036140093e-09
3.450707806212928119e+01,0.000000000000000000e+00,6.908002371460382485e-02
3.404178651755481511e+00,0.000000000000000000e+00,-3.878446472539947454e+00
9.450013055078654745e+00,0.000000000000000000e+00,2.566555504618629469e-01
5.371165285014991575e+00,0.000000000000000000e+00,1.577749750529250927e-01
3.459999847412109375e+01,0.000000000000000000e+00,-7.627524340781288696e-14
1.457021288483742261e+01,0.000000000000000000e+00,-3.897935362534902803e-01
3.465354884849648442e+01,0.000000000000000000e+00,2.545957226256956654e-02
4.084372114813389487e+01,0.000000000000000000e+00,-3.438395191908077408e-01
1.199198010111014767e+01,0.000000000000000000e+00,1.083797302394629708e-02
3.460000651015607076e+01,0.000000000000000000e+00,3.056691082728372463e-05
3.654644780533069337e+01,0.000000000000000000e+00,1.586237436017835789e-02
3.459999847412109375e+01,0.000000000000000000e+00,-2.830022985427389178e-14
3.627797919867535370e+01,0.000000000000000000e+00,1.239805487805099443e-01
3.417959711929565003e+01,0.000000000000000000e+00,5.413073000056755069e-01
3.460000090261435446e+01,0.000000000000000000e+00,4.428530712131678795e-08
3.459999847412109375e+01,0.000000000000000000e+00,-3.735441324935605491e-14
3.460832168223306127e+01,0.000000000000000000e+00,6.594486398937268734e-03
3.460003852719450634e+01,0.000000000000000000e+00,-7.860894249661760610e-05
3.459997090629081384e+01,0.000000000000000000e+00,-1.077937932464602470e-04
1.697053754396651826e+01,0.000000000000000000e+00,3.776563721718150801e-01
3.460002793440077795e+01,0.000000000000000000e+00,-3.790626067194309123e-07
3.459970103762476867e+01,0.000000000000000000e+00,7.238992360576510356e-04
2.405357717167105491e+01,0.000000000000000000e+00,3.113917563923754850e-01
3.459999847412109375e+01,0.000000000000000000e+00,-6.330558493257482483e-14
2.004323387771441034e+01,0.000000000000000000e+00,1.528227368575215683e+00
3.460000026334820689e+01,0.000000000000000000e+00,-1.690681538010983979e-05
3.460001223787073599e+01,0.000000000000000000e+00,2.429251420262142037e-04
1.587110262190858379e+01,0.000000000000000000e+00,1.360120283910401184e+00
3.459999847412109375e+01,0.000000000000000000e+00,-1.055805240683909053e-13
3.242935617284918237e+01,0.000000000000000000e+00,4.369321369952573475e-01
3.126528995048747461e+01,0.000000000000000000e+00,1.973349071409819799e-01
3.462465694906861557e+01,0.000000000000000000e+00,-1.156530368612386679e-02
3.459999847412109375e+01,0.000000000000000000e+00,-2.086429716063181727e-13
3.459999847412109375e+01,0.000000000000000000e+00,-1.269211664752977912e-13
3.443524731324106369e+01,0.000000000000000000e+00,3.237666887374811009e-01
1.613745392308190318e+01,0.000000000000000000e+00,5.994717509392687438e-01
3.459804608787226954e+01,0.000000000000000000e+00,-1.101091806317848216e-03
3.459841700014637667e+01,0.000000000000000000e+00,1.629007502009058653e-02
1.778171025166668073e+01,0.000000000000000000e+00,2.270069531465679635e-01
3.454374479687628252e+01,0.000000000000000000e+00,-5.216606167985897435e-02
3.460000077739027091e+01,0.000000000000000000e+00,4.209303962321432015e-07
3.469142351696797277e+01,0.000000000000000000e+00,2.982018983698128678e-01
3.403728786443400622e+01,0.000000000000000000e+00,-2.896579210544272254e-01
1.442483101129490386e+01,0.000000000000000000e+00,1.615318477894361060e-01
1.413713206541108036e+01,0.000000000000000000e+00,1.941764411020314718e-01
3.459996981638489899e+01,0.000000000000000000e+00,-3.398972368586296896e-04
3.459999847412109375e+01,0.000000000000000000e+00,-1.306502695482966262e-14
5.803369191521688286e+00,0.000000000000000000e+00,5.089322314002565628e-01
3.460090172441491063e+01,0.000000000000000000e+00,1.884187979648004147e-05
3.460006188029900187e+01,0.000000000000000000e+00,-9.075376069186474274e-04
9.990350777141658867e+00,0.000000000000000000e+00,7.905570055570877441e-01
3.740180262921032295e+01,0.000000000000000000e+00,1.953446816813185494e-01
3.459999847412109375e+01,0.000000000000000000e+00,1.250142265031137743e-13
2.310991677725709792e+00,0.000000000000000000e+00,-1.330606070691899623e+00
3.459999847412109375e+01,0.000000000000000000e+00,1.765585406957714170e-11
3.459999847412109375e+01,0.000000000000000000e+00,-7.486325111388760673e-14
3.459999847412109375e+01,0.000000000000000000e+00,3.924345943708705994e-08
2.857956482911527729e+01,0.000000000000000000e+00,-6.101825273655376441e-02
2.160175209361162629e+01,0.000000000000000000e+00,5.712076349119235008e-01
8.361664973911640431e+00,0.000000000000000000e+00,4.132529411433760180e-01
1.187096300522296310e+01,0.000000000000000000e+00,4.998894590068562738e-01
3.455096414206581557e+01,0.000000000000000000e+00,-1.064501023526383205e+00
3.459999847412109375e+01,0.000000000000000000e+00,3.207345146167881857e-14
3.459999847412109375e+01,0.000000000000000000e+00,3.909827195037734908e-14
3.460033691460667171e+01,0.000000000000000000e+00,8.370569956140522239e-05
4.497771243849681078e+00,0.000000000000000000e+00,-2.128633956842938546e-01
3.652917086807604363e+01,0.000000000000000000e+00,-3.698471456670601842e+00
1.067909456498720999e+01,0.000000000000000000e+00,-1.371489809182454001e-01
3.335433856699613386e+01,0.000000000000000000e+00,4.746338652244390562e-03
3.459999847412109375e+01,0.000000000000000000e+00,4.820802537352126702e-10
3.628207033789857405e+01,0.000000000000000000e+00,-1.573448530053867325e-02
3.667707739524534816e+01,0.000000000000000000e+00,4.374225340760472536e-01
3.459999847412109375e+01,0.000000000000000000e+00,-5.619451715458410936e-14
3.421301419091484064e+01,0.000000000000000000e+00,-6.104649422797342462e-02
3.544107287516046512e+01,0.000000000000000000e+00,-1.226843987402749109e-01
1.672002948771516628e+01,0.000000000000000000e+00,3.516170019372398814e-01
3.460001156314065440e+01,0.000000000000000000e+00,1.910175429230854066e-05
3.341129358709844155e+01,0.000000000000000000e+00,-1.059082500021608225e-01
2.962894070812017944e+01,0.000000000000000000e+00,2.994943843280226670e-01
2.540304490781106495e+01,0.000000000000000000e+00,-1.070574546363915580e+00
3.460000084542635079e+01,0.000000000000000000e+00,-1.497268866621383769e-06
3.459999847412109375e+01,0.000000000000000000e+00,1.655802823051136091e-09
1.829629330185230440e+00,0.000000000000000000e+00,-1.983409742220117788e+00
3.459999847412109375e+01,0.000000000000000000e+00,-3.546932526173909524e-14
3.459873362407668651e+01,0.000000000000000000e+00,2.082690334074209591e-03
3.731037323651574411e+01,0.000000000000000000e+00,-8.585888235363427212e-02
3.460008004970584494e+01,0.000000000000000000e+00,-2.230641705005688544e-04
2.042082042965504218e+00,0.000000000000000000e+00,-5.051861731928971588e-01
3.459980263232431241e+01,0.000000000000000000e+00,2.616280963348005658e-04
3.570205795366797474e+01,0.000000000000000000e+00,1.445238808459738400e-01
2.864860343286616029e+01,0.000000000000000000e+00,-6.723951409745177799e+00
2.710759306545655178e+01,0.000000000000000000e+00,4.504868122993874180e-01
3.064789580551393655e+01,0.000000000000000000e+00,1.075756545749020354e+00
1.743544425011647903e+01,0.000000000000000000e+00,4.230194764760913939e-03
3.459989233859978697e+01,0.000000000000000000e+00,4.798651892145039833e-04
3.459999847412109375e+01,0.000000000000000000e+00,-8.622092995450237929e-06
3.460010905882921861e+01,0.000000000000000000e+00,1.188876305348156867e-04
3.461014147018511267e+01,0.000000000000000000e+00,-2.683884074255241461e-02
5.172195739652101665e+00,0.000000000000000000e+00,2.845602574570693308e-02
3.461955365564355702e+01,0.000000000000000000e+00,1.989529782848021081e-02
3.382238540470196142e+01,0.000000000000000000e+00,-1.180367242018035556e-01
3.459999847412109375e+01,0.000000000000000000e+00,4.898226549133794980e-14
3.460046683791638600e+01,0.000000000000000000e+00,-8.117831049736105907e-04
3.461257670029699796e+01,0.000000000000000000e+00,1.177424647386229178e-02
5.596238935456582020e+00,0.000000000000000000e+00,-1.541961527850291003e-01
3.459999847412109375e+01,0.000000000000000000e+00,1.056876470652204255e-14
1.120484256180760063e+01,0.000000000000000000e+00,9.544113615301071107e-02
3.198453226005231187e+01,0.000000000000000000e+00,2.785161243979022982e-01
3.615851550845250983e+01,0.000000000000000000e+00,-4.943795409972321586e+00
3.459999847412109375e+01,0.000000000000000000e+00,4.969618197196712257e-08
3.459999939751082110e+01,0.000000000000000000e+00,1.352313628507644046e-06
3.459999847412109375e+01,0.000000000000000000e+00,-1.692137623879554668e-13
3.459980761644773395e+01,0.000000000000000000e+00,1.002334427544543513e-03
3.011768521230581896e+01,0.000000000000000000e+00,-2.592466997371701588e-03
3.459999847412109375e+01,0.000000000000000000e+00,1.823171986257400824e-13
3.459999847412109375e+01,0.000000000000000000e+00,1.408897359425005880e-13
3.459999847412109375e+01,0.000000000000000000e+00,-6.354195635003760289e-14
3.460117160333832942e+01,0.000000000000000000e+00,-1.656846319423884546e-04
3.459999847412109375e+01,0.000000000000000000e+00,-9.534810971970514099e-08
