x_over_c,Cp_exp,Cp_pyfr,cfd_x_over_c,dx_over_c,abs_error
-0.80454,-0.0132,nan,-0.8045376056716556,2.3943283444793906e-06,nan
-0.74239,-0.0102,nan,-0.7424084203583854,-1.8420358385395907e-05,nan
-0.67907,-0.0091,nan,-0.6791220534415472,-5.2053441547239565e-05,nan
-0.61762,-0.0062,nan,-0.6176444036620004,-2.4403662000405113e-05,nan
-0.55646,-0.0012,nan,-0.5564655576433455,-5.557643345532881e-06,nan
-0.49366,0.006,nan,-0.4936725433383669,-1.2543338366921564e-05,nan
-0.46311,0.0088,nan,-0.46311127288000925,-1.2728800092287607e-06,nan
-0.4319,0.0135,nan,-0.43188610247203285,1.3897527967154932e-05,nan
-0.40088,0.0189,nan,-0.40087692794345675,3.0720565432629243e-06,nan
-0.36953,0.0263,nan,-0.36951869371391477,1.1306286085255302e-05,nan
-0.33927,0.0335,nan,-0.33926566441853845,4.335581461567539e-06,nan
-0.30847,0.0426,nan,-0.3084656028520493,4.397147950696567e-06,nan
-0.27634,0.0538,nan,-0.27635195070788976,-1.195070788978514e-05,nan
-0.2462,0.066,nan,-0.2462006573166166,-6.573166166090605e-07,nan
-0.21497,0.0811,nan,-0.21494958727132707,2.0412728672924985e-05,nan
-0.18383,0.0992,nan,-0.18381125160626002,1.874839373997017e-05,nan
-0.15376,0.1191,nan,-0.1538099100192388,-4.991001923879135e-05,nan
-0.12212,0.1447,nan,-0.12215280107089452,-3.280107089451145e-05,nan
-0.09025,0.1739,nan,-0.0902374703732748,1.2529626725196752e-05,nan
-0.04586,0.2257,nan,-0.0458648871807825,-4.88718078250211e-06,nan
-0.03151,0.2442,nan,-0.031520574841470944,-1.0574841470940843e-05,nan
-0.01647,0.2649,nan,-0.016460065463823934,9.93453617606499e-06,nan
-0.00189,0.2868,nan,-0.0018726224966702008,1.7377503329799125e-05,nan
0.01228,0.3039,nan,0.012308848090469837,2.884809046983794e-05,nan
0.02711,0.3084,nan,0.027064202974239986,-4.579702576001238e-05,nan
0.04168,0.2965,nan,0.041687878824415665,7.878824415663566e-06,nan
0.05692,0.2586,nan,0.05692116295297941,1.1629529794096594e-06,nan
0.07094,0.1842,nan,0.07093511078329313,-4.889216706868704e-06,nan
0.08573,0.0728,nan,0.0857700017236528,4.000172365280219e-05,nan
0.10021,-0.0623,nan,0.10020889874015536,-1.1012598446352717e-06,nan
0.11471,-0.1726,nan,0.11473647540523893,2.6475405238923777e-05,nan
0.12876,-0.2504,nan,0.128782984046709,2.2984046708973693e-05,nan
0.15859,-0.3869,nan,0.15859192325955346,1.923259553449075e-06,nan
0.17271,-0.4647,nan,0.17273489918027607,2.4899180276066746e-05,nan
0.18734,-0.5173,nan,0.18733434438232394,-5.655617676070257e-06,nan
0.20189,-0.5604,nan,0.20188860122173555,-1.3987782644386826e-06,nan
0.21721,-0.5963,nan,0.21721315791919119,3.15791919119901e-06,nan
0.23077,-0.6202,nan,0.23078560119583494,1.5601195834935577e-05,nan
0.24591,-0.641,nan,0.24587735533714294,-3.264466285704537e-05,nan
0.26072,-0.6602,nan,0.26075632444449837,3.632444449835903e-05,nan
0.2747,-0.6786,nan,0.274692103266716,-7.896733283996316e-06,nan
0.28942,-0.6915,nan,0.2894214221409389,1.4221409389003625e-06,nan
0.30461,-0.708,nan,0.3046164555209024,6.455520902393097e-06,nan
0.31883,-0.7221,nan,0.318835090313639,5.090313638989041e-06,nan
0.33324,-0.7372,nan,0.3332356814624501,-4.318537549896639e-06,nan
0.34839,-0.7557,nan,0.3483963154611133,6.315461113348686e-06,nan
0.36408,-0.7578,nan,0.3640855352083842,5.535208384199741e-06,nan
0.37742,-0.7796,nan,0.37739826809792293,-2.1731902077049003e-05,nan
0.39194,-0.7905,nan,0.3919954456034161,5.544560341608218e-05,nan
0.40639,-0.8021,nan,0.4063977726868221,7.772686822116182e-06,nan
0.42087,-0.8173,nan,0.42087889852977933,8.898529779310937e-06,nan
0.43579,-0.8296,nan,0.435791803257806,1.8032578059656856e-06,nan
0.45041,-0.8378,nan,0.4504064408441385,-3.559155861476704e-06,nan
0.46499,-0.8453,nan,0.4649961491425832,6.149142583178335e-06,nan
0.47875,-0.8724,nan,0.47873736373961917,-1.2636260380838316e-05,nan
0.49411,-0.862,nan,0.49409402445668266,-1.597554331733697e-05,nan
0.5085,-0.8483,nan,0.5084954911754245,-4.508824575477632e-06,nan
0.523,-0.85,nan,0.5230712926103955,7.129261039551249e-05,nan
0.53709,-0.8491,nan,0.5370904292379107,4.292379107706523e-07,nan
0.55199,-0.8507,nan,0.5518971099739983,-9.289002600165741e-05,nan
0.56632,-0.8448,nan,0.5663499945685977,2.9994568597646598e-05,nan
0.58108,-0.8362,nan,0.5810920681272235,1.2068127223430203e-05,nan
0.59548,-0.8198,nan,0.5954786425545102,-1.3574454897913313e-06,nan
0.61061,-0.7949,nan,0.6105950900486538,-1.490995134623141e-05,nan
0.62486,-0.7727,nan,0.6248891353607178,2.9135360717802428e-05,nan
0.63962,-0.7061,nan,0.6395966760695927,-2.3323930407270765e-05,nan
0.6586,-0.5149,nan,0.6586101793107533,1.0179310753311022e-05,nan
0.67319,-0.4182,nan,0.6731801089786348,-9.891021365171504e-06,nan
0.68732,-0.4138,nan,0.6873409662927901,2.0966292790025598e-05,nan
0.70193,-0.4108,nan,0.7019215112640744,-8.488735925626933e-06,nan
0.71624,-0.4155,nan,0.7162493609246754,9.360924675405613e-06,nan
0.7302,-0.4249,nan,0.7302270758719671,2.7075871967152665e-05,nan
0.74487,-0.4303,nan,0.7448461793717884,-2.382062821160158e-05,nan
0.75879,-0.4284,nan,0.7587601741154989,-2.9825884501066824e-05,nan
0.77255,-0.4303,nan,0.7725343108177185,-1.5689182281453107e-05,nan
0.78691,-0.437,nan,0.7869114478429159,1.4478429158915063e-06,nan
0.80177,-0.438,nan,0.8017582079720876,-1.1792027912349567e-05,nan
0.8159,-0.4473,nan,0.8159034308933076,3.4308933076765413e-06,nan
0.83063,-0.4508,nan,0.8306169084140232,-1.3091585976732212e-05,nan
0.84434,-0.4572,nan,0.8443430775687808,3.0775687808182184e-06,nan
0.85921,-0.457,nan,0.8592193396318527,9.339631852678387e-06,nan
0.87351,-0.4612,nan,0.8734945030439468,-1.5496956053184796e-05,nan
0.88825,-0.4508,nan,0.8882314676330203,-1.853236697968441e-05,nan
0.90239,-0.4482,nan,0.9023786706178367,-1.1329382163305368e-05,nan
0.91668,-0.4318,nan,0.9166886409123739,8.640912373847343e-06,nan
0.93107,-0.4231,nan,0.931079401856377,9.401856377100337e-06,nan
0.94509,-0.4084,nan,0.9450890681370586,-9.318629413668233e-07,nan
0.95991,-0.3837,nan,0.959877385979607,-3.261402039300698e-05,nan
0.97394,-0.3624,nan,0.9739640922773453,2.4092277345233448e-05,nan
0.9884,-0.3371,nan,0.9883912546294077,-8.745370592255775e-06,nan
1.0031,-0.3011,nan,1.0030912580313507,-8.741968649417231e-06,nan
1.0175,-0.2667,nan,1.0175097674604445,9.767460444454201e-06,nan
1.0315,-0.2427,nan,1.0315207261887807,2.0726188780573196e-05,nan
1.0458,-0.2026,nan,1.0458170480671383,1.7048067138203393e-05,nan
1.0944,-0.1318,nan,1.0944043596585593,4.359658559272006e-06,nan
1.1269,-0.0986,nan,1.1269125910032363,1.2591003236250842e-05,nan
1.16,-0.0883,nan,1.1600223562074088,2.235620740886901e-05,nan
1.193,-0.0544,nan,1.192996879013217,-3.120986783011759e-06,nan
1.226,-0.0422,nan,1.2259950240453086,-4.975954691399664e-06,nan
1.26,-0.0401,nan,1.2599946487517584,-5.351248241636242e-06,nan
1.2938,-0.0377,nan,1.2938574666068667,5.746660686667404e-05,nan
1.3267,-0.0407,nan,1.326709134238107,9.134238107000314e-06,nan
1.3596,-0.0432,nan,1.3595962808245705,-3.719175429406363e-06,nan
1.3926,-0.0432,nan,1.3925800366061074,-1.9963393892652448e-05,nan
1.4266,-0.0533,nan,1.4265863668350947,-1.3633164905435535e-05,nan
1.4597,-0.0564,nan,1.4596902188800631,-9.781119936880245e-06,nan
1.4931,-0.0597,nan,1.493096493539356,-3.5064606440649015e-06,nan
1.5268,-0.064,nan,1.526761784845469,-3.821515453084068e-05,nan
1.5593,-0.0662,nan,1.5592854647409349,-1.4535259065029393e-05,nan
1.5933,-0.0684,nan,1.5932896307536535,-1.0369246346453309e-05,nan
1.6265,-0.0736,nan,1.6264740909848896,-2.5909015110459066e-05,nan
1.6594,-0.0763,nan,1.6593320383912042,-6.796160879574131e-05,nan
1.6927,-0.0769,nan,1.6927151452927363,1.514529273616283e-05,nan
1.7258,-0.0797,nan,1.7257911818368095,-8.818163190538186e-06,nan
1.7594,-0.0802,nan,1.7593990479196822,-9.520803179174919e-07,nan
1.7923,-0.0821,nan,1.7922587337948028,-4.126620519717683e-05,nan
1.8259,-0.0788,nan,1.8258670965830486,-3.2903416951501896e-05,nan
1.859,-0.0786,nan,1.8589953581492107,-4.641850789299795e-06,nan
1.8926,-0.0817,nan,1.892604572432382,4.572432381833025e-06,nan
1.9254,-0.0809,nan,1.92539400997616,-5.9900238400523165e-06,nan
1.9588,-0.0816,nan,1.958874577567691,7.457756769091439e-05,nan
1.9918,-0.0796,nan,1.9918081306275868,8.130627586755423e-06,nan
2.0248,-0.0783,nan,1.999999937557039,-0.024800062442960957,nan
2.0582,-0.0769,nan,1.999999937557039,-0.05820006244296083,nan
2.0922,-0.0744,nan,1.999999937557039,-0.09220006244296108,nan
2.125,-0.0701,nan,1.999999937557039,-0.12500006244296102,nan
