3.472229397189920519e+01,0.000000000000000000e+00,3.608734791546991394e-02
1.916788359126891383e-01,0.000000000000000000e+00,7.611525817125568416e-01
3.475000629519999507e+01,0.000000000000000000e+00,5.824017078515774104e-01
3.391506955783378885e+01,0.000000000000000000e+00,8.455605196675694546e-02
3.471881796160432287e+01,0.000000000000000000e+00,7.431698538751828342e-02
4.450954566774682775e+01,0.000000000000000000e+00,-6.122110555253857278e+00
4.498406228625055547e+01,0.000000000000000000e+00,-6.825403942444468797e+00
3.469565687677020094e+01,0.000000000000000000e+00,6.183630393663762381e-02
3.548166511287171687e+01,0.000000000000000000e+00,-4.803072878470391882e-01
3.470712855560000065e+01,0.000000000000000000e+00,1.510460293770000007e-03
3.484059764190122621e+01,0.000000000000000000e+00,9.391096650421014436e-02
2.946308340638571721e+01,0.000000000000000000e+00,2.878401052401183269e-02
3.449462902956849319e+01,0.000000000000000000e+00,6.242619480688745698e-02
3.325565368587765391e+01,0.000000000000000000e+00,7.471063532880671154e+00
3.501617678478862672e+01,0.000000000000000000e+00,-1.710886735751807330e-01
2.988918753199668288e+01,0.000000000000000000e+00,1.021144204969495067e-02
4.182891681565136821e+01,0.000000000000000000e+00,6.330494193045250739e+00
3.455006908927516207e+01,0.000000000000000000e+00,7.222205756916097452e-02
3.470315937067459089e+01,0.000000000000000000e+00,6.333230614220013155e-02
2.468434474203960249e+01,0.000000000000000000e+00,-1.376370358857615661e-01
3.250217018293785998e+01,0.000000000000000000e+00,-3.144474681242704350e-01
3.457338400411301649e+01,0.000000000000000000e+00,-1.773176528031144894e+00
3.289919841705425085e+01,0.000000000000000000e+00,6.718753265193948998e+00
2.844885420978187440e+01,0.000000000000000000e+00,1.549947971637916609e-02
3.032078491373547990e+01,0.000000000000000000e+00,2.613021048176889308e-02
1.244767275562175435e+01,0.000000000000000000e+00,-4.121624465763781053e+00
3.466372482548633371e+01,0.000000000000000000e+00,5.344577306194525645e-02
2.156055697454623399e+01,0.000000000000000000e+00,2.234144315590947446e-03
3.484140765572626464e+01,0.000000000000000000e+00,-1.292277344840742359e-01
2.356089952198148296e+01,0.000000000000000000e+00,1.644272862064061419e-03
2.658743892913052065e+01,0.000000000000000000e+00,2.465480076831291889e+00
3.232242970424716333e+01,0.000000000000000000e+00,3.693306004100737061e-01
3.255965939106376794e+01,0.000000000000000000e+00,-2.266961664242070351e-01
3.367350758524756316e+01,0.000000000000000000e+00,4.893197274977482691e-01
3.478303432336901579e+01,0.000000000000000000e+00,7.010891375527127101e-02
2.383523468083646080e+01,0.000000000000000000e+00,1.455766937425803263e-03
1.186245825612537885e+01,0.000000000000000000e+00,-1.252380056215119664e-01
3.273240754608520575e+01,0.000000000000000000e+00,-1.588407097577592797e+00
2.266207144479749758e+01,0.000000000000000000e+00,-2.317908776416769123e-01
3.241463523058773433e+01,0.000000000000000000e+00,5.553915696150232506e+00
4.607258813657497143e+01,0.000000000000000000e+00,-9.886931345223292089e-01
3.468602151492935803e+01,0.000000000000000000e+00,4.014144131275709099e-02
2.511575249678363875e+01,0.000000000000000000e+00,-9.648630713513415506e-04
3.090900563790306421e+01,0.000000000000000000e+00,9.709161603303810562e-03
3.182470754358153542e+01,0.000000000000000000e+00,4.864456239505177138e+00
2.820392629195987411e+01,0.000000000000000000e+00,2.163099578702268211e+00
3.491247601801075007e+01,0.000000000000000000e+00,-9.487105626480731857e+00
3.466668255571281776e+01,0.000000000000000000e+00,5.445463909456689511e-02
3.539200660606188364e+01,0.000000000000000000e+00,-1.733852463436689195e-01
3.809549029810037268e+01,0.000000000000000000e+00,1.133411855473635832e+01
2.259802799192757305e+01,0.000000000000000000e+00,5.471328480705601321e-03
2.176696291801488670e+01,0.000000000000000000e+00,1.678947521480035230e-03
1.669233342049934876e+01,0.000000000000000000e+00,3.511475782054545441e-02
3.469094238554872334e+01,0.000000000000000000e+00,6.081415523149549113e-02
3.471784674285259342e+01,0.000000000000000000e+00,6.058742022689574125e-02
3.057255339867040789e+01,0.000000000000000000e+00,3.203010797280794048e-02
4.529646691006237802e+01,0.000000000000000000e+00,-8.534981581141510842e-01
3.471339327616048820e+01,0.000000000000000000e+00,4.462232135173590380e-02
3.910634072920498028e+01,0.000000000000000000e+00,2.874717804702582757e+00
3.470112035951931517e+01,0.000000000000000000e+00,5.218845212590270122e-02
1.823473248350000020e+01,0.000000000000000000e+00,2.729119141469999897e-04
3.480349657375445105e+01,0.000000000000000000e+00,7.904460457054524047e-02
1.630550015517473028e+00,0.000000000000000000e+00,-5.668932031221151080e-01
3.010702954441399015e+01,0.000000000000000000e+00,7.621519807212928654e-03
4.387237986472489837e+01,0.000000000000000000e+00,-7.133582588644745037e+00
4.029401744628130189e+01,0.000000000000000000e+00,-2.529070899310010834e+00
2.603532582606423418e+01,0.000000000000000000e+00,6.413475382701145158e-03
3.894200839408120629e+01,0.000000000000000000e+00,1.200611631262658241e+00
1.966284261239999864e+01,0.000000000000000000e+00,1.967444746099999975e-03
3.294967613941385309e+01,0.000000000000000000e+00,7.395407847971406656e-02
3.190926939225855463e+01,0.000000000000000000e+00,-7.473313442105062876e-01
3.467178623018072869e+01,0.000000000000000000e+00,5.842100239149761870e-02
-5.047396818184426426e-01,0.000000000000000000e+00,3.712144851619842423e-01
3.031329541686396922e+01,0.000000000000000000e+00,6.864995977993165965e+00
3.469147569479932969e+01,0.000000000000000000e+00,2.396569157394543362e-02
3.537431677728416446e+01,0.000000000000000000e+00,-3.353460997080489059e-01
2.877674183848312239e+01,0.000000000000000000e+00,2.139235316698582037e-02
3.373958036175395137e+01,0.000000000000000000e+00,8.565259587292628041e+00
4.460246955563795268e+01,0.000000000000000000e+00,5.650406825899679575e+00
3.455370079893802426e+01,0.000000000000000000e+00,2.908831814418335465e-02
3.872137468638743485e+01,0.000000000000000000e+00,2.243536393066401791e-01
3.455244304477719197e+01,0.000000000000000000e+00,4.187640115860470635e-02
2.942673527769202479e+01,0.000000000000000000e+00,5.499420219470338544e+00
3.006329638090288370e+01,0.000000000000000000e+00,5.720894058235196589e+00
3.157152469687187946e+01,0.000000000000000000e+00,-8.500974562782845911e-01
3.482968491352799134e+01,0.000000000000000000e+00,1.271333720906939191e-01
3.480584424050299930e+01,0.000000000000000000e+00,8.690281913366930400e-02
2.213366564479916576e+01,0.000000000000000000e+00,1.042140232000013161e-03
3.587967359712671822e+01,0.000000000000000000e+00,5.410196219859454703e-02
3.214688673170935829e+01,0.000000000000000000e+00,-1.569405533260284979e+00
3.469894444490386576e+01,0.000000000000000000e+00,4.499872974544699700e-02
3.413473330993740262e+01,0.000000000000000000e+00,1.681748893597669395e-02
3.454577362713910560e+01,0.000000000000000000e+00,7.968853520896922171e-02
3.081980034674991487e+01,0.000000000000000000e+00,4.423693988277064421e-02
3.451189983244299953e+01,0.000000000000000000e+00,8.228398195383457292e-02
3.675277362917039170e+01,0.000000000000000000e+00,-1.142955475672936316e+00
2.788688308090274504e+01,0.000000000000000000e+00,1.846687457297098781e-02
3.476217956751975180e+01,0.000000000000000000e+00,6.218560689658497731e-02
3.511847966580693736e+01,0.000000000000000000e+00,2.284734223959336286e-01
2.983421028815856957e+01,0.000000000000000000e+00,-3.868440367254398549e+00
3.186160012776690209e+01,0.000000000000000000e+00,-5.398167777029135861e-01
3.858362806847793536e+01,0.000000000000000000e+00,-6.064533820409475640e-01
3.241141258940194092e+01,0.000000000000000000e+00,4.108336554327798318e+00
2.175489989079154540e+01,0.000000000000000000e+00,4.599396875319326089e-03
2.340144987838602475e+01,0.000000000000000000e+00,-7.792912806097211487e+00
3.264861108193288430e+01,0.000000000000000000e+00,-9.101851390784500284e-02
2.531245641850336270e+01,0.000000000000000000e+00,-3.851757231514126023e-02
4.586060427380893856e+01,0.000000000000000000e+00,4.382066051052664335e+00
2.370576264893040275e+01,0.000000000000000000e+00,4.006275545740362737e-03
3.364291397137316864e+01,0.000000000000000000e+00,9.949079961205661848e-02
4.840638414127383271e+01,0.000000000000000000e+00,6.986696552034272756e+00
3.620535743601008960e+01,0.000000000000000000e+00,6.379511101710810372e+00
3.276870287955170369e+01,0.000000000000000000e+00,9.273386703179639312e+00
3.472141202009605365e+01,0.000000000000000000e+00,7.066714176886781940e-02
3.472585171617136979e+01,0.000000000000000000e+00,6.294519643786955498e-02
3.529667793502105866e+01,0.000000000000000000e+00,-5.952269288768723410e-01
3.524689329216700884e+01,0.000000000000000000e+00,-2.468511085378190806e-01
3.825858962985290646e+01,0.000000000000000000e+00,-1.145888049841908440e+01
-1.008322083306534722e+00,0.000000000000000000e+00,1.360383711531778728e+00
4.279149838791756366e+01,0.000000000000000000e+00,-5.202532061455781509e+00
3.478937611659560503e+01,0.000000000000000000e+00,4.542050822948993233e-02
3.476086942905713073e+01,0.000000000000000000e+00,8.252255074125115775e-02
3.081029816275786715e+01,0.000000000000000000e+00,7.101688694979374494e-01
3.456687951211689835e+01,0.000000000000000000e+00,8.705912158128320533e-02
1.752473370498797678e+01,0.000000000000000000e+00,1.177967261631683929e-02
4.827141579602612609e+01,0.000000000000000000e+00,-8.103452902970436966e+00
3.436389990277051965e+01,0.000000000000000000e+00,4.064442115137869432e-02
2.451249197716617090e+01,0.000000000000000000e+00,6.358515912688779935e-03
3.472787907059209545e+01,0.000000000000000000e+00,7.043043519050867785e-02
3.429884808822050957e+01,0.000000000000000000e+00,1.575982735847196448e-01
3.478746209315850990e+01,0.000000000000000000e+00,5.760500387087946761e-02
3.343736686976714623e+01,0.000000000000000000e+00,5.529315417847116554e-02
3.477791205765902305e+01,0.000000000000000000e+00,7.815401701013521829e-02
4.449786031304630995e+01,0.000000000000000000e+00,7.314326980737772210e+00
3.241463046558123295e+01,0.000000000000000000e+00,3.725726751086909649e-01
4.929934087141145227e+01,0.000000000000000000e+00,1.482497347606454241e+00
3.013859358875136607e+01,0.000000000000000000e+00,3.399933137577689640e-02
3.463587290528579388e+01,0.000000000000000000e+00,3.895308555498133707e-02
3.469158161519352745e+01,0.000000000000000000e+00,4.851380228461825428e-02
3.468760198039750975e+01,0.000000000000000000e+00,5.683138867315435522e-02
3.464446239614736101e+01,0.000000000000000000e+00,3.822177870061991278e-01
3.191860739087515952e+01,0.000000000000000000e+00,1.581289335464322252e-02
2.511534597486861387e+01,0.000000000000000000e+00,2.619001872845302253e-02
1.922027759939999925e+01,0.000000000000000000e+00,4.715578574339999930e-04
3.467003261128618163e+01,0.000000000000000000e+00,4.706809509345694781e-02
1.863411374457551517e+01,0.000000000000000000e+00,-1.702747482898879158e-02
3.050744860185200480e+01,0.000000000000000000e+00,4.902888883737432479e+00
3.356499188310522896e+01,0.000000000000000000e+00,8.749044127611128874e-02
3.477336788902226772e+01,0.000000000000000000e+00,9.151898014959358729e-02
3.308556154841864583e+01,0.000000000000000000e+00,3.912160634089647537e+00
3.466219623701159236e+01,0.000000000000000000e+00,2.249786578068191378e-02
3.459346133655444078e+01,0.000000000000000000e+00,1.982872538357804970e-02
3.233103427869281177e+01,0.000000000000000000e+00,1.119283788134384672e+00
3.483574232770828161e+01,0.000000000000000000e+00,7.980450156413006202e-02
3.334324527481911105e+01,0.000000000000000000e+00,-4.115416258689059137e-01
2.926622285624933184e+01,0.000000000000000000e+00,3.884625519515900294e+00
3.454821648225598807e+01,0.000000000000000000e+00,1.404695412429629864e-01
3.313953780617026013e+01,0.000000000000000000e+00,-4.104105330304538946e+00
4.139837569620286928e+01,0.000000000000000000e+00,-1.161103996503029201e+01
3.467316813720725577e+01,0.000000000000000000e+00,3.133727256520497245e-02
3.186112718493327378e+01,0.000000000000000000e+00,5.855571364459585815e-02
4.452684408822041462e+01,0.000000000000000000e+00,-1.835500621409762445e+00
3.478324060725581290e+01,0.000000000000000000e+00,-8.023991107491289590e-03
2.519737747207680556e+01,0.000000000000000000e+00,3.545353239824728872e-03
3.459193913639192886e+01,0.000000000000000000e+00,4.855104768550966288e-02
1.932983982070952678e+01,0.000000000000000000e+00,2.763223897305142496e-03
2.562349210215030482e+01,0.000000000000000000e+00,6.279269489304974972e-01
3.318442903079873929e+01,0.000000000000000000e+00,-6.994651447845274816e-01
3.747471967040808494e+01,0.000000000000000000e+00,-4.950279633507869148e-01
3.439980357903517927e+01,0.000000000000000000e+00,3.643559243538936898e-01
3.470495965231572200e+01,0.000000000000000000e+00,6.310087349394928602e-02
3.264408609158164154e+01,0.000000000000000000e+00,-5.393999495004755396e-01
3.464207428002320910e+01,0.000000000000000000e+00,6.406009788647656911e-02
3.257649886970867925e+01,0.000000000000000000e+00,1.160184207797683165e+00
3.459990173752542120e+01,0.000000000000000000e+00,3.609494217847924319e-02
3.417025561510909171e+01,0.000000000000000000e+00,3.696035583773407684e-02
3.411650455182719099e+01,0.000000000000000000e+00,7.319155232223517604e-02
3.483842621059999800e+01,0.000000000000000000e+00,4.111015784150000123e-03
3.482696254294380367e+01,0.000000000000000000e+00,7.395268443545220671e-02
3.175032383726682284e+01,0.000000000000000000e+00,-1.552666390125814866e+00
3.261630612573377874e+01,0.000000000000000000e+00,-1.740864899945542554e-01
3.480372814541585313e+01,0.000000000000000000e+00,1.251834446341505147e-01
3.787686799612232136e+01,0.000000000000000000e+00,-2.313432118424582296e+00
2.221143388996359747e+01,0.000000000000000000e+00,-1.028252218092518960e-01
3.731087418656623100e+01,0.000000000000000000e+00,1.130702554905883339e+01
2.462633490549999848e+01,0.000000000000000000e+00,3.575664704630000107e-02
2.046827876335792595e+01,0.000000000000000000e+00,7.686694914508356838e-04
2.443266709030639916e+01,0.000000000000000000e+00,9.101354809006640956e-01
3.353771205935839106e+01,0.000000000000000000e+00,6.646674604431322686e-02
3.083703875585377929e+01,0.000000000000000000e+00,7.514957865159615835e+00
3.205215153493230673e+01,0.000000000000000000e+00,6.216172311986848387e-01
3.468457893086155508e+01,0.000000000000000000e+00,7.972381462334167390e-02
3.392438881734356926e+01,0.000000000000000000e+00,1.983355682989758895e-01
3.421562806185342964e+01,0.000000000000000000e+00,-5.248936464360837384e+00
3.648910736201004568e+01,0.000000000000000000e+00,-1.098065911511712933e+01
3.454933672560646585e+01,0.000000000000000000e+00,3.688805252310898425e-02
1.807721950046264681e+01,0.000000000000000000e+00,2.121061139335058288e-03
3.407624503386397663e+01,0.000000000000000000e+00,1.439420714119226119e-01
-3.429790197541367824e+00,0.000000000000000000e+00,1.747885268346279330e+00
3.555948615425775472e+01,0.000000000000000000e+00,-2.666141163008591275e-01
3.471744993883563524e+01,0.000000000000000000e+00,5.004379615772695800e-02
3.938448393230556377e+01,0.000000000000000000e+00,3.452838871795490316e+00
3.036941769915638645e+01,0.000000000000000000e+00,7.141979681878654618e-02
2.439300072208279602e+01,0.000000000000000000e+00,5.284763939989408840e-03
3.469069472066246362e+01,0.000000000000000000e+00,2.828070889744468616e-02
3.742669420979228789e+01,0.000000000000000000e+00,1.192434084070612066e+01
4.036975745363927359e+01,0.000000000000000000e+00,-2.437127290538429136e+00
6.047422521679437502e+00,0.000000000000000000e+00,-1.211458383049136334e+00
3.130643839705141218e+01,0.000000000000000000e+00,-5.558928185404389488e+00
3.764413023329306895e+01,0.000000000000000000e+00,3.808866313210184096e-01
1.665311520191758632e+01,0.000000000000000000e+00,-4.814618040047809799e+00
2.344843232129475297e+01,0.000000000000000000e+00,1.220628704627007233e+00
2.598217113748404117e+01,0.000000000000000000e+00,1.990560432212948871e-01
3.466052737541018303e+01,0.000000000000000000e+00,2.926888294674871369e-02
3.478828627621275871e+01,0.000000000000000000e+00,7.022819562436471985e-02
-1.990427769192557594e+00,0.000000000000000000e+00,1.055675165076412902e+00
4.062957829380700758e+01,0.000000000000000000e+00,3.046050303721734576e-01
3.482620500856206291e+01,0.000000000000000000e+00,6.315383190019288606e-02
3.475570644310968760e+01,0.000000000000000000e+00,7.156001243384763066e-02
3.466713597677409098e+01,0.000000000000000000e+00,5.214960663193321522e-02
3.150843174002902103e+01,0.000000000000000000e+00,-2.542408995395078808e+00
4.296853638109917739e+01,0.000000000000000000e+00,-7.661732283603523541e+00
3.424789687579434627e+01,0.000000000000000000e+00,4.613789241383073336e-02
3.708658976286320552e+01,0.000000000000000000e+00,1.175265981277297733e+01
2.028228056481412267e+01,0.000000000000000000e+00,1.718684508565454993e-03
3.017259403003678031e+01,0.000000000000000000e+00,1.784900009218698846e+00
2.941232253918144934e+01,0.000000000000000000e+00,2.795154437772411765e-02
3.269047197657306469e+01,0.000000000000000000e+00,-1.744840558101818262e+00
3.279749394472190005e+01,0.000000000000000000e+00,6.061275356015891624e-01
3.551257636148540797e+01,0.000000000000000000e+00,4.150259534418732077e-02
2.648818372231014351e+01,0.000000000000000000e+00,4.601904099858626640e-02
3.459904518955505637e+01,0.000000000000000000e+00,3.195734450334546811e-02
3.481696596576293246e+01,0.000000000000000000e+00,8.513919276836856564e-02
3.451145988979253332e+01,0.000000000000000000e+00,4.760083663097458562e-02
3.442715876597233660e+01,0.000000000000000000e+00,2.117748872803219828e-01
3.475790979874545883e+01,0.000000000000000000e+00,9.129372434969498795e-02
3.482045029909230038e+01,0.000000000000000000e+00,8.862224207108237994e-02
3.237327954860911206e+01,0.000000000000000000e+00,-9.702548838920115326e-01
3.270850292036377027e+01,0.000000000000000000e+00,1.253151241706086313e-02
3.504739281111211113e+01,0.000000000000000000e+00,4.272090279831735060e-01
2.457120144187205923e+01,0.000000000000000000e+00,2.880836922297441878e-03
3.486378057386361462e+01,0.000000000000000000e+00,8.559974780092322044e-02
3.471665644868134137e+01,0.000000000000000000e+00,7.762405477239815721e-02
3.141072542190192962e+01,0.000000000000000000e+00,1.947520472302632574e-02
3.128288451188880614e+01,0.000000000000000000e+00,9.373309971588771050e-03
2.448133781833347911e+01,0.000000000000000000e+00,3.277126753508032876e-03
3.470036662738424127e+01,0.000000000000000000e+00,2.449031514750262331e-02
2.521372564839625596e+01,0.000000000000000000e+00,-1.805115575448378029e-02
3.324637378563607371e+01,0.000000000000000000e+00,1.525290412016065744e+00
3.047658408742248781e+01,0.000000000000000000e+00,-1.998255959289005235e+00
3.282143330248980106e+01,0.000000000000000000e+00,9.656700408854949902e-02
2.093300685865403921e+01,0.000000000000000000e+00,3.925181221310003986e-03
3.754864058629112833e+01,0.000000000000000000e+00,-2.440247785408937789e-02
9.785855929542931264e+00,0.000000000000000000e+00,-3.307890323403503974e+00
3.327116680771315771e+01,0.000000000000000000e+00,8.002325032785382319e+00
3.463610491294404881e+01,0.000000000000000000e+00,5.491148347449111011e-02
2.098575346249999996e+01,0.000000000000000000e+00,1.473283394210000074e-03
3.185395987691671493e+01,0.000000000000000000e+00,-1.379574968051581640e+00
3.269372034805497407e+01,0.000000000000000000e+00,-4.657637941997916919e-01
3.648620809319299241e+01,0.000000000000000000e+00,1.002697714443335641e+01
4.669417472681676884e+01,0.000000000000000000e+00,1.035148609175235634e+01
1.729779440649999955e+01,0.000000000000000000e+00,3.943028854520000230e-03
-4.335398752457603422e+00,0.000000000000000000e+00,1.330011023182266605e+00
3.343930103921886854e+01,0.000000000000000000e+00,1.674739807242333067e-01
4.068666176410785340e+01,0.000000000000000000e+00,4.851319620144386668e+00
3.205769757714501367e+01,0.000000000000000000e+00,4.693030014287392221e-02
1.789430118023656036e+01,0.000000000000000000e+00,9.188182079875069075e-01
2.000503036739999985e+01,0.000000000000000000e+00,2.495724056129999899e-03
3.232562009151389049e+01,0.000000000000000000e+00,4.489180435862733659e-02
3.456225516067041070e+01,0.000000000000000000e+00,5.265697901346969023e-02
3.456491475933493263e+01,0.000000000000000000e+00,1.688908426995245904e-01
3.456276482980989329e+01,0.000000000000000000e+00,4.177900215271709849e-02
3.716121376058567449e+01,0.000000000000000000e+00,5.857204467414586446e+00
3.438386520774301403e+01,0.000000000000000000e+00,8.983906096622541748e-02
3.463059606942497481e+01,0.000000000000000000e+00,4.008326779309610149e-02
3.250098388434008001e+01,0.000000000000000000e+00,7.825495297304144171e-02
2.929025496791498995e+01,0.000000000000000000e+00,6.044108825230203041e-03
4.077253411195891886e+01,0.000000000000000000e+00,-8.801877488220959833e+00
3.560760442415179483e+01,0.000000000000000000e+00,-6.126229736010773141e-01
3.467596777371711170e+01,0.000000000000000000e+00,5.595705505344707870e-02
4.849423826814293648e+01,0.000000000000000000e+00,8.114380408876129991e+00
3.466484808880239399e+01,0.000000000000000000e+00,4.248075291392409969e-02
1.999449061094423641e+01,0.000000000000000000e+00,2.521854810267438671e-03
1.891403133449561125e+01,0.000000000000000000e+00,1.515870950163352923e-02
1.723085884900000053e+01,0.000000000000000000e+00,-1.585932352269999943e-02
3.392437850410843225e+01,0.000000000000000000e+00,3.086078658706890576e-01
3.471760253103094840e+01,0.000000000000000000e+00,6.577366270509438229e-02
1.835653036369999924e+01,0.000000000000000000e+00,1.305585278849999897e-03
3.396941108434391765e+01,0.000000000000000000e+00,7.294279162581243647e-02
4.697453514938229802e+01,0.000000000000000000e+00,5.018458033101799387e+00
4.531166793250839220e+01,0.000000000000000000e+00,9.884489429587855369e+00
3.465247223318978342e+01,0.000000000000000000e+00,2.130597501345936340e-02
3.635072929466649327e+01,0.000000000000000000e+00,9.119352803920637740e+00
2.293626660078409785e+01,0.000000000000000000e+00,1.337124394836480866e-03
-3.529502475993433475e+00,0.000000000000000000e+00,1.711527226673754010e+00
2.801740243979287115e+01,0.000000000000000000e+00,3.888982664999295569e+00
3.061073783321479169e+01,0.000000000000000000e+00,3.026870769491353474e+00
3.306808702124900634e+01,0.000000000000000000e+00,-7.853897767799264962e+00
1.425790169721972056e+01,0.000000000000000000e+00,-2.422096146476696354e+00
3.466837108859103012e+01,0.000000000000000000e+00,2.037718305798822196e-02
2.214927821663998131e+01,0.000000000000000000e+00,6.557101460496640027e-03
3.024203029041332158e+01,0.000000000000000000e+00,2.565817492307623238e-02
3.467957182295764085e+01,0.000000000000000000e+00,6.258103203697817918e-02
3.474816250917956495e+01,0.000000000000000000e+00,6.420728240925288599e-02
2.288450048576428841e+01,0.000000000000000000e+00,5.893672998480840516e-03
3.387678984935016047e+01,0.000000000000000000e+00,1.867080926301843691e-01
3.468915678782392575e+01,0.000000000000000000e+00,6.619398381272371956e-02
2.731427445110496066e+01,0.000000000000000000e+00,6.961696555669041886e-03
3.457354474533129007e+01,0.000000000000000000e+00,4.336856520508596685e-02
2.422824328571382679e+01,0.000000000000000000e+00,1.800276322362789633e-03
3.456344230148199159e+01,0.000000000000000000e+00,2.920374208322163920e-02
3.479002808547502923e+01,0.000000000000000000e+00,1.015397651582389121e-01
3.476768174975165948e+01,0.000000000000000000e+00,7.882038698931545517e-02
6.602591218526419503e+00,0.000000000000000000e+00,-6.548924501289191680e-01
3.451034876339021906e+01,0.000000000000000000e+00,3.732235311063290817e-02
3.195518942406313556e+01,0.000000000000000000e+00,-2.526022618707457479e+00
3.196029324576111819e+01,0.000000000000000000e+00,1.738735538722952390e+00
2.961018075701564811e+01,0.000000000000000000e+00,5.278852241198536355e+00
3.454828903378441396e+01,0.000000000000000000e+00,9.213551152039398118e-02
1.670971710751161154e+01,0.000000000000000000e+00,-4.896001861813979728e-02
3.467696433667282463e+01,0.000000000000000000e+00,7.682824944920121912e-02
4.219647660178448945e+01,0.000000000000000000e+00,-1.164172581145759366e+01
2.067794370451305142e+01,0.000000000000000000e+00,1.966324040208028510e-03
3.467064449861950237e+01,0.000000000000000000e+00,2.160501666568276358e-02
3.454989027652972311e+01,0.000000000000000000e+00,4.898301098679920251e-01
3.266394613728022733e+01,0.000000000000000000e+00,8.988844606378264268e-02
3.286888105077331090e+01,0.000000000000000000e+00,-3.027407248814373286e+00
3.445178838528528331e+01,0.000000000000000000e+00,9.887731821350630446e-01
3.345475348842079910e+01,0.000000000000000000e+00,-3.483587112037949129e+00
3.471284839546467538e+01,0.000000000000000000e+00,6.707885817616610069e-02
3.199027274488731720e+01,0.000000000000000000e+00,7.266418259140489111e-01
3.466243633400372204e+01,0.000000000000000000e+00,2.831617417516816074e-02
2.111120892020027640e+01,0.000000000000000000e+00,5.212443976108449908e-03
1.973225262900000132e+01,0.000000000000000000e+00,2.155610357139999943e-03
2.410630693012809544e+01,0.000000000000000000e+00,7.458746664990414769e-03
3.279742625100220721e+01,0.000000000000000000e+00,-2.591621485190023083e-02
1.812912878880757717e+01,0.000000000000000000e+00,-2.979865055980564746e-03
3.466726247148908158e+01,0.000000000000000000e+00,7.490388967957191391e-02
3.038183931821902206e+01,0.000000000000000000e+00,8.006891047008829476e-03
4.002949105376620764e+01,0.000000000000000000e+00,-9.076446703957826045e+00
3.425873837784995857e+01,0.000000000000000000e+00,3.396986205814257059e-02
3.792517017954636316e+01,0.000000000000000000e+00,1.078704266109889609e+01
1.886900520020000016e+01,0.000000000000000000e+00,5.700774548650000464e-04
3.359202817541442698e+01,0.000000000000000000e+00,3.215186396599086782e-01
4.171888600181333828e+01,0.000000000000000000e+00,2.730100378469800582e+00
1.827150524619654703e+01,0.000000000000000000e+00,1.278370864074825780e-02
3.106493559245631531e+01,0.000000000000000000e+00,5.452152817750756109e-01
4.240146235496595750e+01,0.000000000000000000e+00,9.638859384743801995e-01
3.271226530967502555e+01,0.000000000000000000e+00,-3.131554417865971274e-02
1.035150028601750094e+00,0.000000000000000000e+00,2.044058583937328477e-01
3.446238592825551450e+01,0.000000000000000000e+00,1.036603801534460301e-01
2.202407570790325764e+01,0.000000000000000000e+00,3.865977500107078187e-03
3.701152189847161367e+01,0.000000000000000000e+00,3.678618514899448938e-02
3.821167818635956337e+01,0.000000000000000000e+00,1.210430631768421605e+01
3.471998254087729663e+01,0.000000000000000000e+00,3.616478394659969342e-01
3.294590773364197389e+01,0.000000000000000000e+00,-3.491407322892672305e+00
4.924382601739424103e+01,0.000000000000000000e+00,4.536679498671548849e+00
2.601975598831244341e+01,0.000000000000000000e+00,9.165146633856653680e-03
4.533969055599089160e+01,0.000000000000000000e+00,8.796186968271038964e+00
3.464109223749999700e+01,0.000000000000000000e+00,7.450704245529999811e-04
1.845278127536417045e+01,0.000000000000000000e+00,2.221962949760488207e-03
3.480405380835944840e+01,0.000000000000000000e+00,6.793365346139113026e-02
3.782425094856949244e+01,0.000000000000000000e+00,2.062438289983901996e+00
-3.606419415545677687e+00,0.000000000000000000e+00,1.445078692055884462e+00
3.475573364432337087e+01,0.000000000000000000e+00,6.442544760338227150e-02
3.469643744769999927e+01,0.000000000000000000e+00,1.360292159629999898e-03
3.225222823031424468e+01,0.000000000000000000e+00,3.422307473838025887e-02
3.439709975854039214e+01,0.000000000000000000e+00,7.299273440424902670e-02
4.175007876630849779e+01,0.000000000000000000e+00,-7.904977402754097326e+00
3.557502415759356751e+01,0.000000000000000000e+00,-7.675763379975355072e+00
3.467638912876938662e+01,0.000000000000000000e+00,7.271268004411469976e-02
2.415668524082642321e+01,0.000000000000000000e+00,1.242836781380684749e-02
3.464109593931190290e+01,0.000000000000000000e+00,7.216576327934988433e-02
3.471814062175649696e+01,0.000000000000000000e+00,6.388744758707187721e-02
4.242387395627478952e+01,0.000000000000000000e+00,-3.319790242241148270e+00
3.337942649800914552e+01,0.000000000000000000e+00,3.465190394052361511e-01
2.523178429713708226e+01,0.000000000000000000e+00,1.199296731258841023e-02
3.452683716868288144e+01,0.000000000000000000e+00,1.041318811297044233e-01
1.125150495494625247e+01,0.000000000000000000e+00,-3.429536353112645930e+00
3.462395136921524852e+01,0.000000000000000000e+00,2.004594696351316707e-02
1.865628107502043065e+01,0.000000000000000000e+00,2.075108914901559014e-03
3.436321349005006454e+01,0.000000000000000000e+00,2.596723834231596806e-01
3.466734903901885190e+01,0.000000000000000000e+00,6.207303353029603593e-02
3.210018459429899451e+01,0.000000000000000000e+00,2.765204436278883016e+00
3.331542320783547950e+01,0.000000000000000000e+00,8.567577062948176447e+00
3.157430470553731183e+01,0.000000000000000000e+00,5.343753962229463861e-02
3.379623939610086580e+01,0.000000000000000000e+00,3.587765774189067419e-02
3.467412801524724841e+01,0.000000000000000000e+00,2.321772220730784764e-02
2.381512353319074649e+01,0.000000000000000000e+00,1.000800785979880612e-02
3.464504171272508870e+01,0.000000000000000000e+00,4.565438032533696011e-02
3.619242870602158035e+01,0.000000000000000000e+00,-7.702287464433215547e+00
2.878846193870428749e+01,0.000000000000000000e+00,2.072215134454106350e-02
3.470550949573023303e+01,0.000000000000000000e+00,6.214379245975986538e-02
3.194078406597602182e+01,0.000000000000000000e+00,1.478164413151770162e-01
3.466818738201532568e+01,0.000000000000000000e+00,7.376291686831820682e-02
1.281552467228545034e+01,0.000000000000000000e+00,-1.910794411334883147e+00
-3.441811204253256484e+00,0.000000000000000000e+00,1.750001902622994487e+00
3.428687162420366263e+01,0.000000000000000000e+00,4.700852874953782845e-02
2.542757585180055102e+01,0.000000000000000000e+00,4.601730509231066225e-03
3.465638462288318777e+01,0.000000000000000000e+00,2.360149302182945955e-02
3.709967509734453728e+01,0.000000000000000000e+00,-2.452095799848994506e+00
3.473504017839999847e+01,0.000000000000000000e+00,1.973103005369999940e-03
3.464018896425874772e+01,0.000000000000000000e+00,3.867558626943654737e-02
3.461938415587564322e+01,0.000000000000000000e+00,2.143619189032122674e-02
3.477425930100183393e+01,0.000000000000000000e+00,8.854817209449789006e-02
2.507851659943702316e+01,0.000000000000000000e+00,4.192054514067417720e-03
3.350647995573558546e+01,0.000000000000000000e+00,6.046760511677141958e-02
1.843659575949202178e+01,0.000000000000000000e+00,2.396095047710788874e-03
3.419694658886844252e+01,0.000000000000000000e+00,2.669641013993122314e-02
3.746456927790568869e+01,0.000000000000000000e+00,2.818160031307924918e+00
2.106434015552283867e+01,0.000000000000000000e+00,1.154310646396873065e-03
-3.483193725099519522e+00,0.000000000000000000e+00,1.268687075946951293e+00
1.782715582760998174e+01,0.000000000000000000e+00,2.418414310558137173e-03
2.077588814124924355e+00,0.000000000000000000e+00,-3.091867653077958744e-01
2.270838568011300751e+01,0.000000000000000000e+00,1.644880109737643231e-02
3.830154804750360142e+01,0.000000000000000000e+00,9.689776216225958194e+00
3.461248339945056074e+01,0.000000000000000000e+00,1.485265821311955170e-01
3.414345170201029589e+01,0.000000000000000000e+00,4.595980130095528998e-02
3.428608392680025219e+01,0.000000000000000000e+00,1.544365155782993493e-01
3.485009660603233783e+01,0.000000000000000000e+00,8.548605759181428232e-02
3.286974626603782212e+01,0.000000000000000000e+00,-1.181049384117657475e+00
1.495627190429999942e+01,0.000000000000000000e+00,1.500320551850000024e-02
3.351476152280772425e+01,0.000000000000000000e+00,1.955535011133572532e+00
4.125922022970495107e+01,0.000000000000000000e+00,-8.254330007210196385e+00
3.469253154685738849e+01,0.000000000000000000e+00,3.751425888364651878e-02
3.938207161453795635e+01,0.000000000000000000e+00,8.927962615295507831e+00
3.465624970795761328e+01,0.000000000000000000e+00,2.428778739980562082e-02
3.477695229055017734e+01,0.000000000000000000e+00,7.844476106005918159e-02
4.177823162656886780e+01,0.000000000000000000e+00,1.130957098187332832e+01
5.123250384382204459e+01,0.000000000000000000e+00,3.246085877581111223e+00
3.337209970769851708e+01,0.000000000000000000e+00,9.544109794455579276e+00
3.206980899772800342e+01,0.000000000000000000e+00,-6.840745839112690740e-01
4.688139145581107670e+01,0.000000000000000000e+00,-5.816691118051177334e+00
3.387047801649150358e+01,0.000000000000000000e+00,2.973366271957065265e-01
3.569706305359525089e+01,0.000000000000000000e+00,4.670003678600108010e+00
3.481180344867623688e+01,0.000000000000000000e+00,1.020526794707229262e-01
2.449824309185045124e+01,0.000000000000000000e+00,1.886931335388376471e-03
3.423238317925075336e+01,0.000000000000000000e+00,1.039976768781463434e+01
5.047108430529585377e+01,0.000000000000000000e+00,2.250863464674428105e+00
3.416352744739189262e+01,0.000000000000000000e+00,9.872287540596144106e-01
3.448529648873329734e+01,0.000000000000000000e+00,4.283789204348171370e-02
3.255021722944152174e+01,0.000000000000000000e+00,6.050513064967788068e+00
3.079210883747937544e+01,0.000000000000000000e+00,-9.853562637761360321e+00
3.348660881207739237e+01,0.000000000000000000e+00,1.402720954958333599e-01
3.049479441063031615e+01,0.000000000000000000e+00,-6.142529546266782603e+00
3.457629710614576624e+01,0.000000000000000000e+00,4.274780750795359463e-02
1.960283271500490798e+01,0.000000000000000000e+00,3.720758672880206674e-01
4.983637628069831749e+01,0.000000000000000000e+00,-5.430599522684279812e+00
4.686401080225381577e+01,0.000000000000000000e+00,5.078346223746224908e+00
2.582000467580818892e+01,0.000000000000000000e+00,-6.615664192478949435e-01
3.314084820133791709e+01,0.000000000000000000e+00,7.768271053121705849e-02
3.078230494408275320e+01,0.000000000000000000e+00,1.026203724852476837e-02
3.458688899733871835e+01,0.000000000000000000e+00,2.122750176753073620e-02
3.476821056139046107e+01,0.000000000000000000e+00,7.673895223381542452e-02
1.735979263309999965e+01,0.000000000000000000e+00,3.751921550659999879e-03
1.786101552722596253e+01,0.000000000000000000e+00,-9.738986156236861813e-02
3.738256655537944795e+01,0.000000000000000000e+00,6.250249504515687171e+00
2.078870982125127043e+01,0.000000000000000000e+00,1.181872117573564427e-03
3.465731990274262131e+01,0.000000000000000000e+00,4.936711922119776941e-02
3.461989266753823102e+01,0.000000000000000000e+00,4.737772928981371506e-02
-3.485209328178515698e+00,0.000000000000000000e+00,1.328757566839614546e+00
3.469626082564272451e+01,0.000000000000000000e+00,5.145245891846000202e-02
3.383108968282517992e+01,0.000000000000000000e+00,4.285676846026772457e-01
3.472901281737759405e+01,0.000000000000000000e+00,6.351971488224901485e-02
1.959339821522104330e+01,0.000000000000000000e+00,-2.100045438986740953e-01
2.932096247338127881e+01,0.000000000000000000e+00,4.582065230450099058e+00
2.848664652208038817e+01,0.000000000000000000e+00,9.020597624719791513e-03
3.123449631016165640e+01,0.000000000000000000e+00,-1.898825883640649526e+00
4.428853167970577687e+01,0.000000000000000000e+00,4.458366612692556963e+00
3.388616608540500863e+01,0.000000000000000000e+00,-1.279262748220081125e+00
4.047539791664988229e+01,0.000000000000000000e+00,-9.251386868200425218e-01
3.410688996404896045e+01,0.000000000000000000e+00,4.464473371886676034e+00
1.958418901644315469e+01,0.000000000000000000e+00,1.205142452133869816e-03
3.467603493468200071e+01,0.000000000000000000e+00,7.455491607716284441e-02
3.261700300124876151e+01,0.000000000000000000e+00,3.766451798485516422e-02
4.463386689522528172e+01,0.000000000000000000e+00,-1.080838629291554653e+01
3.469237802305670471e+01,0.000000000000000000e+00,7.583150745413499982e-02
3.469539017106151846e+01,0.000000000000000000e+00,8.424106334069329793e-02
3.458501641955432149e+01,0.000000000000000000e+00,2.784306140442389249e-02
3.257780709066450697e+01,0.000000000000000000e+00,6.451600680993548054e-02
3.229441541099717483e+01,0.000000000000000000e+00,7.583791735215678065e-02
2.981549609822253899e+01,0.000000000000000000e+00,1.087494003297478050e-02
3.101825471946654034e+01,0.000000000000000000e+00,2.301422899536709199e-02
3.372531037035732027e+01,0.000000000000000000e+00,5.154551436598080461e-01
3.466357111531660706e+01,0.000000000000000000e+00,6.381111348603839273e-02
3.269552844186487306e+01,0.000000000000000000e+00,1.788843405388622701e-02
3.475407271449149960e+01,0.000000000000000000e+00,5.910857490757193827e-02
3.467869469100994451e+01,0.000000000000000000e+00,6.389817045330288547e-02
3.455558010405404445e+01,0.000000000000000000e+00,1.608659324442240912e-01
-4.969853040147805601e+00,0.000000000000000000e+00,1.420251988237373197e+00
3.050251268177581210e+01,0.000000000000000000e+00,3.605481012912604283e-02
3.570380297404922487e+01,0.000000000000000000e+00,-6.962987987895291608e-01
5.140140734083092156e+01,0.000000000000000000e+00,-2.095657642194107773e+00
3.883961867624281439e+01,0.000000000000000000e+00,-6.300773020109609490e+00
3.296051758035201829e+01,0.000000000000000000e+00,5.412756095619661867e-01
3.312827031707290359e+01,0.000000000000000000e+00,9.730982229352376223e+00
3.452941209544493972e+01,0.000000000000000000e+00,5.617197045306207004e-01
3.474981190051517643e+01,0.000000000000000000e+00,7.597633167045918234e-02
3.462766480149474546e+01,0.000000000000000000e+00,6.860635181991657505e-02
3.458786021379432185e+01,0.000000000000000000e+00,3.576701118749072150e-01
3.467926875690000088e+01,0.000000000000000000e+00,1.153062843929999939e-03
3.372154476353697561e+01,0.000000000000000000e+00,4.933857559945607762e-02
3.467552901162252255e+01,0.000000000000000000e+00,6.344373083094899390e-02
3.460244915143507427e+01,0.000000000000000000e+00,2.036767720483304706e-02
3.126385280899076946e+01,0.000000000000000000e+00,2.906287358848906946e-02
3.462229778300631722e+01,0.000000000000000000e+00,5.142876191060244406e-02
3.183935345128976735e+01,0.000000000000000000e+00,8.930468518973887493e-01
2.570720594197375064e+01,0.000000000000000000e+00,7.903059056436036872e-03
3.461190978499337945e+01,0.000000000000000000e+00,2.079384730637129017e-02
2.292587153175787051e+01,0.000000000000000000e+00,-5.458597636272665810e+00
3.472564574641733515e+01,0.000000000000000000e+00,3.249494752038151885e-02
3.293564501105293374e+01,0.000000000000000000e+00,1.331113730676259169e-02
3.250903104450526371e+01,0.000000000000000000e+00,9.117652869273974725e-02
3.474823536626231402e+01,0.000000000000000000e+00,5.380045627681917519e-02
3.443094529503962775e+01,0.000000000000000000e+00,2.526144848753920577e-02
3.472639620451962372e+01,0.000000000000000000e+00,7.674565221041057539e-02
3.205630702921614272e+01,0.000000000000000000e+00,-5.984714543808594689e-01
3.461635110451071284e+01,0.000000000000000000e+00,5.350913440245501362e-02
3.936223956408181834e+01,0.000000000000000000e+00,-2.751552626561103665e+00
3.466694300218559022e+01,0.000000000000000000e+00,7.082696032429521005e-02
3.231254860213834235e+01,0.000000000000000000e+00,7.668524186934122522e-02
3.636953652724699992e+01,0.000000000000000000e+00,1.152438238813103588e+00
3.456514824535952357e+01,0.000000000000000000e+00,2.574701930989026916e-02
3.474568119659847554e+01,0.000000000000000000e+00,3.374686169747616316e-02
2.659326838397233317e+01,0.000000000000000000e+00,1.578570855287488722e-02
3.782926997830084304e+01,0.000000000000000000e+00,7.736042191147038949e-01
4.215145196002592076e-01,0.000000000000000000e+00,6.138433429432179622e-01
3.459905821115005153e+01,0.000000000000000000e+00,2.280637280477767259e+00
3.297261877751050463e+01,0.000000000000000000e+00,1.354592271912429154e-02
3.527056443945902231e+01,0.000000000000000000e+00,-8.433955441203318415e+00
3.259653887005520545e+01,0.000000000000000000e+00,-1.585335435858239161e-01
2.661849302204317880e+01,0.000000000000000000e+00,1.544398934310023223e-02
4.155995243706629338e+01,0.000000000000000000e+00,1.879364865931167028e+00
3.919724740794053019e+01,0.000000000000000000e+00,-1.106348816064314988e+01
3.467738687591086233e+01,0.000000000000000000e+00,6.071784017446722748e-02
4.302330675467254650e+01,0.000000000000000000e+00,8.651914776242746186e+00
3.998358166692176496e+01,0.000000000000000000e+00,1.194196992048327211e+01
4.619500146419881759e+01,0.000000000000000000e+00,1.102838954314696984e+01
4.232170036553611681e+01,0.000000000000000000e+00,-2.273809026154511415e+00
3.461590498294374640e+01,0.000000000000000000e+00,-1.925360625876950005e+00
3.432198795576172756e+01,0.000000000000000000e+00,6.422037010069521212e-01
3.458741872282071483e+01,0.000000000000000000e+00,5.608720183400608267e-02
3.793453084731618219e+01,0.000000000000000000e+00,1.173466519970423505e+01
3.457426057034826528e+01,0.000000000000000000e+00,6.773606398760143033e-02
3.467192757068069398e+01,0.000000000000000000e+00,6.280963271180928231e-02
2.014739716089999888e+01,0.000000000000000000e+00,2.474989367299999798e-03
3.405287375268717653e+01,0.000000000000000000e+00,-8.726966818595784048e+00
3.823197215331181553e+01,0.000000000000000000e+00,2.966801322324881252e-01
3.079085445806000720e+01,0.000000000000000000e+00,7.265257207582706656e+00
3.231522668139056265e+01,0.000000000000000000e+00,7.720767621083707288e-01
2.916111909755343135e+01,0.000000000000000000e+00,2.057841538354666933e-02
3.474890524615966569e+01,0.000000000000000000e+00,5.224268183494294726e-02
2.698720669046203824e+01,0.000000000000000000e+00,-3.322602730608503405e-03
4.956038793966876455e+01,0.000000000000000000e+00,9.856326268963483406e-01
3.443549720741594200e+01,0.000000000000000000e+00,1.191365443028170046e-01
3.411598490586163024e+01,0.000000000000000000e+00,7.465798011836115300e-02
3.003518710807454184e+01,0.000000000000000000e+00,-2.486240859542883097e+00
3.453054860068203880e+01,0.000000000000000000e+00,5.095787006449205986e-02
3.470210556223302234e+01,0.000000000000000000e+00,6.484718857931577596e-02
1.906000023189999837e+01,0.000000000000000000e+00,4.491045306630000078e-04
3.434060682461371528e+01,0.000000000000000000e+00,2.970271008697761839e-01
1.915063464880000055e+01,0.000000000000000000e+00,4.396512629539999872e-04
3.250199363184975709e+01,0.000000000000000000e+00,5.264174440807083827e-02
2.604039589271846111e+01,0.000000000000000000e+00,1.411084126091685653e-02
2.763202314806320103e+01,0.000000000000000000e+00,4.496540861994971321e-03
3.380469373234267039e+01,0.000000000000000000e+00,-1.003420479930880876e-01
3.346490426195592249e+01,0.000000000000000000e+00,6.070456095499942029e-01
3.459506788548304712e+01,0.000000000000000000e+00,2.772602650481726522e-02
1.858125019787807375e+01,0.000000000000000000e+00,2.701658067548869460e-02
4.194622878042213898e+01,0.000000000000000000e+00,5.433518507363952033e+00
3.471916738119729473e+01,0.000000000000000000e+00,2.972910759904456857e-02
3.485650645287263671e+01,0.000000000000000000e+00,7.502538337379603683e-02
3.119454813761049294e+01,0.000000000000000000e+00,1.755336246546267853e+00
3.473936592092766062e+01,0.000000000000000000e+00,2.946410253521397973e-02
3.102887700101220858e+01,0.000000000000000000e+00,4.515478050029576168e-02
1.882278652346947112e+01,0.000000000000000000e+00,-1.356393171289376441e-02
3.431938443142884410e+01,0.000000000000000000e+00,5.298172305891902800e-01
4.273163048871276715e+01,0.000000000000000000e+00,1.206880443075582043e+01
2.693313552794934651e+01,0.000000000000000000e+00,-7.989047166521708737e-03
3.123148562806587236e+01,0.000000000000000000e+00,-2.764983191401311213e+00
3.782941871128722511e+01,0.000000000000000000e+00,-4.624562488135179450e+00
2.462063472891903615e+01,0.000000000000000000e+00,2.694071372744786998e-03
3.472673088122076024e+01,0.000000000000000000e+00,6.927526099706536600e-02
3.467711313947076945e+01,0.000000000000000000e+00,8.532688155546329367e-02
2.412398613052399199e+01,0.000000000000000000e+00,7.803820280296264872e-03
-2.368957863851859802e+00,0.000000000000000000e+00,6.246217955603818872e-01
3.430804212588993352e+01,0.000000000000000000e+00,-2.167061143193629580e-01
3.459873946475868678e+01,0.000000000000000000e+00,5.039417433023526266e-02
3.414596583899645310e+01,0.000000000000000000e+00,1.048334945945476271e+01
3.094297770582879892e+01,0.000000000000000000e+00,5.274086116191218920e+00
3.415345315464629294e+01,0.000000000000000000e+00,1.047638400371407208e+01
3.467517450689273062e+01,0.000000000000000000e+00,3.628917961897064337e-02
9.461072328920000274e+00,0.000000000000000000e+00,-2.204985159700000030e-01
3.462284245515447623e+01,0.000000000000000000e+00,3.473072451516191067e-02
3.274250821995851624e+01,0.000000000000000000e+00,2.099545118163502533e+00
3.473960966799769068e+01,0.000000000000000000e+00,7.637649984325964314e-02
2.253176240316714285e+01,0.000000000000000000e+00,2.036627035109042898e-03
1.798304690158309427e+01,0.000000000000000000e+00,-2.752945520852263447e-02
3.465429264992769731e+01,0.000000000000000000e+00,4.765263819666537559e-02
3.112220138165316641e+01,0.000000000000000000e+00,1.296054113141731010e-02
3.319042136414746835e+01,0.000000000000000000e+00,8.259606584459801004e-01
3.725694346894280784e+01,0.000000000000000000e+00,4.028095896746425097e+00
3.361282630857800768e+01,0.000000000000000000e+00,1.828800834390499341e-01
3.216794854259902081e+01,0.000000000000000000e+00,-1.088302093250920866e+00
3.472522006658820715e+01,0.000000000000000000e+00,3.745838935319354551e-02
3.268496453014296321e+01,0.000000000000000000e+00,1.250654100828597730e-02
1.936824461169999978e+01,0.000000000000000000e+00,8.060343853969999727e-04
3.995483787488042537e+01,0.000000000000000000e+00,1.691380863477217333e-01
3.478159645744194961e+01,0.000000000000000000e+00,9.805104777306783426e-02
1.768195605917097168e+01,0.000000000000000000e+00,-1.591380179308334031e-01
4.268486952500293796e+01,0.000000000000000000e+00,-1.153179411013094402e+01
3.283519643696902079e+01,0.000000000000000000e+00,6.327224452806070154e+00
3.466357747655985833e+01,0.000000000000000000e+00,7.617022891078585600e-02
3.467589912885346592e+01,0.000000000000000000e+00,5.740551301494215691e-02
4.004752302207365489e+01,0.000000000000000000e+00,1.160854000635328553e+01
3.406823845298741560e+01,0.000000000000000000e+00,7.189010626562805650e-02
7.253538325304992318e-01,0.000000000000000000e+00,4.716453097677665296e-01
3.394100145580427608e+01,0.000000000000000000e+00,2.437616849357377435e-01
4.227093612976188020e+00,0.000000000000000000e+00,-1.392101087965635031e+00
3.118419827182180981e+01,0.000000000000000000e+00,-1.850997888931106727e+00
3.035170552957482570e+01,0.000000000000000000e+00,3.359958318073080069e-02
3.134206134388274378e+01,0.000000000000000000e+00,7.886399346810622824e+00
3.482273610840084643e+01,0.000000000000000000e+00,4.652459324204381852e-02
2.602207015425173964e+01,0.000000000000000000e+00,6.966086309189816785e-03
3.361150291566320192e+01,0.000000000000000000e+00,1.011988598845596243e+01
-6.383843956068631087e-01,0.000000000000000000e+00,4.653212986562568210e-01
4.424588015812022945e+01,0.000000000000000000e+00,-5.755903354507285741e+00
3.242246148136992190e+01,0.000000000000000000e+00,8.602797607073127406e-02
4.030651700869952236e+01,0.000000000000000000e+00,-6.761605692688416269e+00
3.769639188197050572e+01,0.000000000000000000e+00,-3.655142766852053082e-01
3.478779547692431606e+01,0.000000000000000000e+00,6.406453984407341207e-02
4.211896958605392172e+01,0.000000000000000000e+00,-6.993053118660038869e+00
3.486970804477607544e+01,0.000000000000000000e+00,6.896172124762062206e-02
3.474413038136236764e+01,0.000000000000000000e+00,5.186935373740240995e-02
4.962490776439295104e+01,0.000000000000000000e+00,-5.427548572523401837e+00
3.299707270158949513e+01,0.000000000000000000e+00,3.234031342752048399e-01
3.303983567969540047e+01,0.000000000000000000e+00,-5.245908017108888433e-02
1.218218405960258366e+01,0.000000000000000000e+00,-7.662572846638064927e-01
3.827565908223985502e+01,0.000000000000000000e+00,-6.772366783202828699e+00
3.461718012681964751e+01,0.000000000000000000e+00,3.963432793690876282e-02
3.466630635756509093e+01,0.000000000000000000e+00,5.417353482379356350e-02
3.168646051073824665e+01,0.000000000000000000e+00,4.877654912534095111e+00
3.471996815980666895e+01,0.000000000000000000e+00,5.577665856564990865e-02
2.501786872672365902e+01,0.000000000000000000e+00,1.214988205363588952e-01
2.696086925179061211e+01,0.000000000000000000e+00,3.591412180563150619e-02
3.468410171171468903e+01,0.000000000000000000e+00,4.732247476949956455e-02
2.510291726823835745e+01,0.000000000000000000e+00,-4.993942842645439306e+00
4.907404840763081921e+01,0.000000000000000000e+00,-7.103520229377781270e+00
3.466121632556243526e+01,0.000000000000000000e+00,5.789969012377547963e-02
4.869383057076858989e+01,0.000000000000000000e+00,-3.521204734596736774e+00
3.469995122815906541e+01,0.000000000000000000e+00,7.006460675545204964e-02
3.992169919414351398e+01,0.000000000000000000e+00,4.910965912229930397e-01
3.268937320378013567e+01,0.000000000000000000e+00,8.364997536080086282e-02
4.073682476500484029e+01,0.000000000000000000e+00,-9.354562565495740500e+00
3.439398151182411567e+01,0.000000000000000000e+00,4.282324511821610641e-02
3.196429368053145836e+01,0.000000000000000000e+00,-7.252005226530444659e-01
3.479129288122098984e+01,0.000000000000000000e+00,8.231419056288589997e-02
3.411760408245896059e+01,0.000000000000000000e+00,2.106370658885629299e-01
3.475961821633897841e+01,0.000000000000000000e+00,3.294878547909565331e-02
3.093023281552683557e+01,0.000000000000000000e+00,-1.385216787844304687e+00
3.452155599803515429e+01,0.000000000000000000e+00,7.696779720220485455e-02
1.746430064242622393e+01,0.000000000000000000e+00,-5.479325804640850173e+00
3.400115535360853158e+01,0.000000000000000000e+00,6.943944088331499565e-01
3.472302178251934635e+01,0.000000000000000000e+00,7.157483780364835846e-02
1.952228455159999854e+01,0.000000000000000000e+00,1.453013951179999959e-03
2.157010528749249900e+01,0.000000000000000000e+00,1.307485361599135124e-03
3.181118431473577957e+01,0.000000000000000000e+00,1.788317876185695210e-02
3.468595696959533115e+01,0.000000000000000000e+00,5.477801284934039755e-02
4.477507778556019247e+01,0.000000000000000000e+00,-9.413537022429883550e+00
3.431127629593826356e+01,0.000000000000000000e+00,1.605614053337587610e-01
3.370401326566900480e+01,0.000000000000000000e+00,3.282032545061323692e+00
3.420614180797338832e+01,0.000000000000000000e+00,1.498171926799109155e+00
3.286638278127278312e+01,0.000000000000000000e+00,-7.735073393330475611e+00
9.696865827309549601e+00,0.000000000000000000e+00,-3.634842311476534249e+00
2.550615596000044505e+01,0.000000000000000000e+00,5.632927900769250235e-03
3.469809876787086722e+01,0.000000000000000000e+00,1.174171602927591707e-01
2.857328349559450942e+01,0.000000000000000000e+00,8.173505135188698090e-03
3.387542502777368725e+01,0.000000000000000000e+00,7.088338618142790704e-02
2.723180364730585623e+01,0.000000000000000000e+00,7.712738067897681633e-03
3.077771752485210044e+01,0.000000000000000000e+00,-2.098236385117403291e+00
3.649176403296079485e+01,0.000000000000000000e+00,1.131577075102862118e+01
1.880938304860000088e+01,0.000000000000000000e+00,6.293713622839999886e-04
3.282189108333218286e+01,0.000000000000000000e+00,8.961989093187384958e-02
3.252694375002737104e+01,0.000000000000000000e+00,5.721397468041262285e-02
3.386210026212716429e+01,0.000000000000000000e+00,7.212554062094499174e-02
2.848007391408740574e+01,0.000000000000000000e+00,5.340337196150161947e-02
2.881110250339975920e+01,0.000000000000000000e+00,1.235326372498415752e-02
1.924619212918052114e+01,0.000000000000000000e+00,2.662317951786784785e-03
3.458957339097219119e+01,0.000000000000000000e+00,1.876946188791206449e-02
4.463683465866989764e+01,0.000000000000000000e+00,-1.085681748267142410e+01
3.011637488013128916e+01,0.000000000000000000e+00,8.740431512401300104e-03
3.141412137251176873e+01,0.000000000000000000e+00,1.120033719545409534e+00
3.329801574272535447e+01,0.000000000000000000e+00,6.137103535014788031e-02
1.887595088650000008e+01,0.000000000000000000e+00,5.636368914109999824e-04
3.356143705564394253e+01,0.000000000000000000e+00,-4.655301271923483752e-01
3.272841260489882131e+01,0.000000000000000000e+00,9.506258607016622800e-03
1.809784026200642515e+01,0.000000000000000000e+00,-3.557091511332858939e-03
3.272962945031464699e+01,0.000000000000000000e+00,-2.102190396358567526e-01
2.931379614966535385e+01,0.000000000000000000e+00,3.663489802992818678e+00
2.930633770167660046e+01,0.000000000000000000e+00,5.263323759630199383e+00
4.088886934659655026e+01,0.000000000000000000e+00,-5.940998719925808302e+00
3.978433077265079731e+01,0.000000000000000000e+00,3.182729031603732217e+00
2.251289328956999825e+01,0.000000000000000000e+00,5.365985444505905373e-03
3.461468997621713584e+01,0.000000000000000000e+00,2.266083544155733653e-02
3.175531782894490718e+01,0.000000000000000000e+00,1.260677139971399727e-02
4.894855854256265104e+01,0.000000000000000000e+00,8.372075563425518396e+00
3.295189227164171797e+01,0.000000000000000000e+00,-7.798313660979357964e-01
3.459227993495414211e+01,0.000000000000000000e+00,3.304187217715038455e-02
3.467107463157579872e+01,0.000000000000000000e+00,2.350619425878074098e-02
2.501568412689999121e+01,0.000000000000000000e+00,2.045701997021349191e-03
3.457953359484967137e+01,0.000000000000000000e+00,3.843217353452704071e-02
3.106142319267228302e+01,0.000000000000000000e+00,-7.305681486451259810e-02
1.655338863309999908e+01,0.000000000000000000e+00,6.613512511800000160e-03
3.067940624009195361e+01,0.000000000000000000e+00,-3.853684589759404089e-01
3.452497773905462708e+01,0.000000000000000000e+00,-7.354860421926550984e+00
3.063937770855245901e+01,0.000000000000000000e+00,-6.089299515821939401e+00
2.096893973758087881e+01,0.000000000000000000e+00,1.353725946099866052e-03
3.303444260784086595e+01,0.000000000000000000e+00,-4.746542995208722360e-01
2.861651696703934888e+01,0.000000000000000000e+00,-7.820607155540121980e+00
2.441389007793204868e+01,0.000000000000000000e+00,6.650645697032693884e-03
4.807736337526112891e+01,0.000000000000000000e+00,7.418636941451676847e+00
2.878919753721872254e+01,0.000000000000000000e+00,4.254489093927680265e+00
1.857729618180000131e+01,0.000000000000000000e+00,9.318766884660000232e-04
3.445427058794527397e+01,0.000000000000000000e+00,1.515891093035171000e-01
1.569406296646591059e+01,0.000000000000000000e+00,1.646432923859371053e-02
8.859049966518729446e-01,0.000000000000000000e+00,5.817137882201594418e-02
3.484752727845847176e+01,0.000000000000000000e+00,-2.469145386184813606e+00
3.366157611170692832e+01,0.000000000000000000e+00,1.007687459791836027e+01
1.833701193959999998e+01,0.000000000000000000e+00,1.341967544570000104e-03
3.904754617953046392e+01,0.000000000000000000e+00,6.392960680132792284e+00
1.872208059480000131e+01,0.000000000000000000e+00,7.305064408879999522e-04
3.448739990084550300e+01,0.000000000000000000e+00,5.798276970730364965e-02
3.440283000364483001e+01,0.000000000000000000e+00,1.153923420915216047e-01
2.260286965884760946e+01,0.000000000000000000e+00,2.197987638090825608e-03
3.470501684127625452e+01,0.000000000000000000e+00,6.081251826530303939e-02
3.466193069047456277e+01,0.000000000000000000e+00,8.363703974223465898e-02
3.482576361768232687e+01,0.000000000000000000e+00,8.920185442173445001e-02
2.046498145166074778e+01,0.000000000000000000e+00,3.382456827606687005e-03
3.222759823092366105e+01,0.000000000000000000e+00,6.328140889286720805e-02
3.460347793163094110e+01,0.000000000000000000e+00,5.035309425720950645e-03
3.466325834989824273e+01,0.000000000000000000e+00,2.580171318349812684e-02
3.465677610945048315e+01,0.000000000000000000e+00,3.574381315863572189e-02
1.948850981900000079e+01,0.000000000000000000e+00,1.308131885829999985e-03
3.351497996216374275e+01,0.000000000000000000e+00,1.826430203942422392e-02
3.462852245157296949e+01,0.000000000000000000e+00,3.745750895941790670e-02
2.302624827176372335e+01,0.000000000000000000e+00,1.236658069105767404e-03
3.461391822068058843e+01,0.000000000000000000e+00,2.472844723899427985e-02
4.180923515405361002e+01,0.000000000000000000e+00,2.584829710643688383e+00
3.184871280491692147e+01,0.000000000000000000e+00,1.306398845379784568e+00
-1.592768255106419506e+00,0.000000000000000000e+00,2.278447461840696076e-01
2.137302333478645622e+01,0.000000000000000000e+00,-3.722844684844229257e-01
3.434270244726371146e+01,0.000000000000000000e+00,2.159404920504557346e-01
3.383807634283378718e+01,0.000000000000000000e+00,8.921166279790965215e-01
3.458223292984310859e+01,0.000000000000000000e+00,6.953198149744893586e-02
3.229622413854632867e+01,0.000000000000000000e+00,3.796347956377636029e-02
3.477318205569034859e+01,0.000000000000000000e+00,6.538178889748584577e-02
3.476068666834122212e+01,0.000000000000000000e+00,5.373826987814306344e-02
3.202296445021997329e+01,0.000000000000000000e+00,-7.634925389760459646e-01
3.434371141823671536e+01,0.000000000000000000e+00,5.047617473838469232e-02
3.449261863800569472e+01,0.000000000000000000e+00,1.900699679574142376e-01
3.403454921489988294e+01,0.000000000000000000e+00,3.786912606819735627e-01
2.454940440807218138e+01,0.000000000000000000e+00,9.144197057808856402e-03
2.357081515384422943e+01,0.000000000000000000e+00,3.211967776237046896e-03
3.432833545877152659e+01,0.000000000000000000e+00,5.173813050907214439e-01
3.780974166149999860e+01,0.000000000000000000e+00,-5.607551040029999830e-03
3.466497641950846997e+01,0.000000000000000000e+00,3.214868327485322086e-02
1.716363785580000112e+01,0.000000000000000000e+00,4.372449840099999589e-03
2.887132050410193429e+01,0.000000000000000000e+00,-4.922712378159065788e-02
3.205694394142327042e+01,0.000000000000000000e+00,5.004174280641171535e-02
2.135928520227014005e+01,0.000000000000000000e+00,1.385190648270093715e-02
3.486577641160000240e+01,0.000000000000000000e+00,4.714578959639999928e-03
2.737907822778462830e+01,0.000000000000000000e+00,1.577769921455108096e-02
3.372322440892380513e+01,0.000000000000000000e+00,3.337552258735253519e-01
3.471815466810618744e+01,0.000000000000000000e+00,1.260596132261944946e-01
3.464144022841189496e+01,0.000000000000000000e+00,5.976767482479238003e-02
1.863704456493516659e+01,0.000000000000000000e+00,3.947999159756120438e-03
3.472908616977054663e+01,0.000000000000000000e+00,7.291403787112342438e-02
2.520201506485789622e+01,0.000000000000000000e+00,2.483581013700487256e-03
3.475687632565099250e+01,0.000000000000000000e+00,6.109269611444610726e-02
2.534025624900872842e+01,0.000000000000000000e+00,1.055179296900995121e-02
3.462812150723632243e+01,0.000000000000000000e+00,1.938361228458121768e-02
3.462997078299999743e+01,0.000000000000000000e+00,-1.918058582290000161e-02
4.581122230187978772e+01,0.000000000000000000e+00,-9.384898149666867084e+00
3.478248621096471282e+01,0.000000000000000000e+00,9.402159052351656554e-02
1.107174121574932002e+01,0.000000000000000000e+00,4.451227289088646732e-02
-7.753326973895255381e-02,0.000000000000000000e+00,8.584785195559124782e-01
2.641253116636629983e+01,0.000000000000000000e+00,2.063086777144183120e-02
2.939251964208237666e+01,0.000000000000000000e+00,5.498574269470206666e+00
3.565783140236388959e+01,0.000000000000000000e+00,1.129424103663092360e+01
2.697196413610130961e+01,0.000000000000000000e+00,1.512413821681284597e-02
2.608859435473618404e+01,0.000000000000000000e+00,4.815193540763096358e-03
4.053084240412767514e+01,0.000000000000000000e+00,1.107771982147893119e+01
3.482384171091742076e+01,0.000000000000000000e+00,8.795172241982485151e-02
3.273738302584470006e+01,0.000000000000000000e+00,-1.105285965373840884e-01
4.270155530465258664e+01,0.000000000000000000e+00,2.706720949559421996e+00
3.479807434312282766e+01,0.000000000000000000e+00,3.924827749188104092e-02
3.147374712657693863e+01,0.000000000000000000e+00,-1.017658202547144564e+00
3.459016647866011596e+01,0.000000000000000000e+00,7.164342039533522222e-02
3.462217235665934822e+01,0.000000000000000000e+00,3.849233881792511747e-02
3.099874187616209653e+01,0.000000000000000000e+00,2.486996294250468434e-02
3.296699359556672704e+01,0.000000000000000000e+00,3.042425312951392513e+00
3.463183527243944582e+01,0.000000000000000000e+00,4.526304508616024042e-02
3.532559392029514811e+01,0.000000000000000000e+00,1.061707869426254724e+01
3.380376230939393167e+01,0.000000000000000000e+00,9.534906998405498491e-02
3.283508526156739293e+01,0.000000000000000000e+00,-1.198194030297124596e-01
2.924419763315945531e+01,0.000000000000000000e+00,2.673268120531434311e-02
3.461860118537904896e+01,0.000000000000000000e+00,7.818986941728948981e-02
3.470706143069950400e+01,0.000000000000000000e+00,7.334524841517123250e-02
2.400052002637949400e+01,0.000000000000000000e+00,1.827787020963407647e-03
3.471261602663839341e+01,0.000000000000000000e+00,7.684178740782827977e-02
2.465495466870993724e+01,0.000000000000000000e+00,-2.374370246727959266e+00
1.921723816026949194e+01,0.000000000000000000e+00,2.329134909535980017e-03
2.190508724105696459e+01,0.000000000000000000e+00,3.531477724208719783e-03
3.464304174539785919e+01,0.000000000000000000e+00,5.087128826045866220e-02
4.269724999937163545e+01,0.000000000000000000e+00,4.801679176248242698e+00
3.288564944874548956e+01,0.000000000000000000e+00,3.291094669119140059e-01
2.275024819456595893e+01,0.000000000000000000e+00,1.729569147315744484e-03
3.278032081543140208e+01,0.000000000000000000e+00,-8.564281300551460432e-03
3.799082410322344572e+01,0.000000000000000000e+00,7.797486686541862611e+00
4.499395090758686599e+00,0.000000000000000000e+00,-7.438839891670828708e-01
3.598859827039014903e+01,0.000000000000000000e+00,-4.748026854460535295e-02
4.527307353562841286e+01,0.000000000000000000e+00,-9.377675820749873381e+00
3.445135073416069105e+01,0.000000000000000000e+00,9.443648029655589415e-02
3.359909743563051876e+01,0.000000000000000000e+00,-6.767818457385057940e+00
3.463828754513664876e+01,0.000000000000000000e+00,5.306965959321022913e-02
2.729154502449416242e+01,0.000000000000000000e+00,1.544082726352304959e-02
3.476382317273301226e+01,0.000000000000000000e+00,8.701289596646079316e-02
3.136914441589438240e+01,0.000000000000000000e+00,7.527226671257365442e-01
3.675928956196471376e+01,0.000000000000000000e+00,1.157259748640952779e+01
2.375386601609998394e+01,0.000000000000000000e+00,9.390232321689446007e-03
3.464181581930387210e+01,0.000000000000000000e+00,4.549528103923601574e-02
3.464916577958652510e+01,0.000000000000000000e+00,4.251818040037284169e-02
3.560412493518762034e+01,0.000000000000000000e+00,-3.356202939189016465e+00
3.387879662776315115e+01,0.000000000000000000e+00,7.562605853539237921e-02
3.463988892550346321e+01,0.000000000000000000e+00,2.641910902237872352e-02
3.092313743385700775e+01,0.000000000000000000e+00,7.489675591951048261e+00
3.238522001154293406e+01,0.000000000000000000e+00,1.271762245503626348e-02
1.917374658510000174e+01,0.000000000000000000e+00,4.446013497710000128e-04
3.328890854845172242e+01,0.000000000000000000e+00,6.067295198368483772e-02
3.542692941361590897e+01,0.000000000000000000e+00,3.692981527832722044e+00
4.267199677092488486e+01,0.000000000000000000e+00,1.805310462516794612e+00
3.305971028940590628e+01,0.000000000000000000e+00,6.859104248179122010e+00
2.696577452960944754e+01,0.000000000000000000e+00,-1.163706189386442130e-01
1.998875101971083623e+01,0.000000000000000000e+00,6.218439592917232757e-04
3.471357973003207320e+01,0.000000000000000000e+00,3.329447804819388179e-02
3.456448278797820706e+01,0.000000000000000000e+00,3.451899919877014777e-02
3.722065624462098654e+00,0.000000000000000000e+00,-1.397845974910192357e+00
5.065630025391797631e+01,0.000000000000000000e+00,-1.310695052542042438e+00
3.306407698892424207e+01,0.000000000000000000e+00,3.703221470077782129e-01
2.954527368788685138e+01,0.000000000000000000e+00,1.597847004860669315e-02
3.228522310878277324e+01,0.000000000000000000e+00,-8.192303092151091981e-01
2.479540443630046198e+01,0.000000000000000000e+00,2.215558950922384956e-03
4.915192927847188997e+01,0.000000000000000000e+00,5.439232302903215022e+00
3.469161658553250049e+01,0.000000000000000000e+00,5.656009031976493712e-02
1.520893920835079705e+01,0.000000000000000000e+00,-4.171428747133659742e-01
4.135236144094578492e+01,0.000000000000000000e+00,1.017927551385355045e+01
2.861306628146274278e+01,0.000000000000000000e+00,3.733786217053705947e+00
3.284365226955208072e+01,0.000000000000000000e+00,3.028143835024332126e-02
3.456792004854668221e+01,0.000000000000000000e+00,8.854238917143510135e-02
1.557848117730000048e+01,0.000000000000000000e+00,1.126480285740000080e-02
3.370644503769245404e+01,0.000000000000000000e+00,5.923558121383105668e-01
3.468933668443293783e+01,0.000000000000000000e+00,3.042538366876593181e-02
1.273036912611581073e+01,0.000000000000000000e+00,-5.899175977475270560e-01
2.451677338867171230e+01,0.000000000000000000e+00,-3.091489757666476476e-02
3.244460887476916611e+01,0.000000000000000000e+00,8.772557270412975616e-02
3.355109385386636234e+01,0.000000000000000000e+00,-8.456586109268625640e-01
3.148326173335843592e+01,0.000000000000000000e+00,-6.000774690391028621e-01
3.044581141089265941e+01,0.000000000000000000e+00,5.492710608551556462e+00
4.078839122449402765e+01,0.000000000000000000e+00,5.620468889381359467e+00
3.457723127154171294e+01,0.000000000000000000e+00,1.077176551910956209e-01
2.667883377761633312e+01,0.000000000000000000e+00,4.187858184416554802e-02
3.554709885430058591e+01,0.000000000000000000e+00,5.460269307206621292e+00
2.737121013073246800e+01,0.000000000000000000e+00,1.615022111171318317e-02
3.454097504285235232e+01,0.000000000000000000e+00,1.600793184922114920e-01
2.788227400455357241e+01,0.000000000000000000e+00,1.868413227209285432e-02
3.563331416066076685e+01,0.000000000000000000e+00,-6.361734724327811064e-01
3.307921147344139712e+01,0.000000000000000000e+00,7.280039515833318375e-02
3.373825760717036104e+01,0.000000000000000000e+00,3.667763823240515197e-01
3.383991744319211392e+01,0.000000000000000000e+00,1.354419522761969863e-01
3.466835221054300575e+01,0.000000000000000000e+00,8.429961088675184955e-02
3.473093148276254993e+01,0.000000000000000000e+00,6.151446648785712651e-02
3.482042474021973533e+01,0.000000000000000000e+00,7.548907171048582776e-02
1.519324064264444829e-01,0.000000000000000000e+00,5.296973161329487922e-01
2.109772376501713254e+01,0.000000000000000000e+00,9.252128601801374447e-03
1.736057112929999846e+01,0.000000000000000000e+00,1.444874099350000086e-03
3.467876252149206096e+01,0.000000000000000000e+00,5.886047710387725534e-02
2.370181889663498609e+01,0.000000000000000000e+00,4.709525657309870592e-03
2.923824829648795642e+01,0.000000000000000000e+00,3.144135618110730945e+00
3.418881908117402446e+01,0.000000000000000000e+00,3.643356076758860057e-02
2.333962154253370969e+01,0.000000000000000000e+00,7.284078360832217658e-03
4.486156604558922112e+01,0.000000000000000000e+00,-7.396218084965535233e+00
3.485150819060774552e+01,0.000000000000000000e+00,8.746720073215800972e-02
3.564734206787371562e+01,0.000000000000000000e+00,6.901731086874649534e+00
3.393483438294899912e+01,0.000000000000000000e+00,1.605388877811750326e-02
3.763708838522092037e+01,0.000000000000000000e+00,-1.103299205499920355e+01
3.872185118947346183e+01,0.000000000000000000e+00,9.267048190989802592e+00
3.462433815095236156e+01,0.000000000000000000e+00,4.708075858647482043e-02
4.644745071893292021e+01,0.000000000000000000e+00,-7.461275402769212306e+00
3.098741062861148876e+01,0.000000000000000000e+00,6.725481055539634490e+00
3.464360017046099216e+01,0.000000000000000000e+00,3.038915580098018945e-02
2.747793325753988114e+01,0.000000000000000000e+00,1.088099279420423442e-02
3.464718077150146769e+01,0.000000000000000000e+00,3.222714147263352341e-02
3.264529457418820613e+01,0.000000000000000000e+00,8.099436966988463049e-02
2.835938384919083077e+01,0.000000000000000000e+00,5.263559782073594373e-03
3.732261414294639223e+01,0.000000000000000000e+00,5.873103220346121311e+00
1.721767749519861823e+01,0.000000000000000000e+00,1.046130882501872694e+00
3.475505412193242449e+01,0.000000000000000000e+00,6.318120937389669345e-02
3.017774294161577231e+01,0.000000000000000000e+00,5.292676616744965479e+00
4.621965200086543035e+01,0.000000000000000000e+00,3.683590984325310291e+00
4.077223930490347215e+01,0.000000000000000000e+00,2.064175456388661622e+00
3.409854320799354355e+01,0.000000000000000000e+00,5.767012706341949346e-02
5.089068987605359240e+01,0.000000000000000000e+00,-1.906974564118003590e-01
4.844943476104685942e+01,0.000000000000000000e+00,-5.228925273060979428e+00
3.460718232459999655e+01,0.000000000000000000e+00,3.292834589820000150e-04
3.467017722892748566e+01,0.000000000000000000e+00,7.054788127094753503e-02
3.783121439370000161e+01,0.000000000000000000e+00,-3.723824147979999926e-03
2.588886199495459550e+01,0.000000000000000000e+00,7.025499537285054275e-03
3.171724969726264476e+01,0.000000000000000000e+00,-8.535238804030895743e-01
3.742189453737820060e+01,0.000000000000000000e+00,1.193499936535827288e+01
2.725405703639182065e+01,0.000000000000000000e+00,6.753107652771297466e-03
4.082623283827344096e+01,0.000000000000000000e+00,1.223909723308610964e+01
3.456610056255083663e+01,0.000000000000000000e+00,6.606332304889095397e-02
4.176624590486034805e+01,0.000000000000000000e+00,1.203938136192787489e+01
4.709082672998725627e+01,0.000000000000000000e+00,9.870088201961891627e+00
2.625514128036623518e+01,0.000000000000000000e+00,2.823497720319700487e-03
2.728678729360326116e+01,0.000000000000000000e+00,1.668795049302187680e-02
3.397434026065990054e+01,0.000000000000000000e+00,2.207164638528692213e-01
3.461442052245449474e+01,0.000000000000000000e+00,2.643706372143890884e-02
2.111464165339999965e+01,0.000000000000000000e+00,1.402264700920000063e-03
3.014584817887379842e+01,0.000000000000000000e+00,6.643075032013706860e+00
3.155625564450234322e+01,0.000000000000000000e+00,-1.095122104761003579e+00
2.096992228144527104e+01,0.000000000000000000e+00,5.560422407531274980e-03
3.448736561973905168e+01,0.000000000000000000e+00,1.874670053960859201e-02
3.468277915598783778e+01,0.000000000000000000e+00,4.372826203124487859e-02
2.646879452376453834e+00,0.000000000000000000e+00,-4.189461635624367464e-01
3.404091776767216970e+01,0.000000000000000000e+00,4.209135009578895970e-01
3.459696595467598712e+01,0.000000000000000000e+00,1.749610731219979343e-01
3.330784917347153140e+01,0.000000000000000000e+00,7.450793037402458907e-01
3.091636207989192897e+01,0.000000000000000000e+00,9.825708379614720572e-03
2.917728660382909567e+01,0.000000000000000000e+00,1.115396259149926787e-02
2.128196961590903769e+01,0.000000000000000000e+00,8.874783410210739312e-04
2.326005154529821795e+01,0.000000000000000000e+00,7.623792831523370887e-03
3.519671225612388099e+01,0.000000000000000000e+00,1.764516544719734251e-02
3.416162410025579987e+01,0.000000000000000000e+00,5.209999509921281469e-01
3.463980146110910852e+01,0.000000000000000000e+00,1.506914907149871537e-02
4.176435913533963884e+01,0.000000000000000000e+00,1.063044028186814138e+01
1.846194429810000059e+01,0.000000000000000000e+00,1.118183366899999989e-03
5.985601083122459976e+00,0.000000000000000000e+00,-2.205903923504600961e+00
2.237798726699219287e+01,0.000000000000000000e+00,1.210035665934590388e-03
3.249899198535040767e+01,0.000000000000000000e+00,4.372261800563097961e-02
4.077420193287409944e+01,0.000000000000000000e+00,7.500584212160821274e+00
3.482351864960898524e+01,0.000000000000000000e+00,4.995084581542429125e-02
3.473720505610119602e+01,0.000000000000000000e+00,5.864314838571010879e-02
3.472425879206618049e+01,0.000000000000000000e+00,7.403106018949248690e-02
3.116870449212431637e+01,0.000000000000000000e+00,-5.732670878031014272e-01
3.458261861182710817e+01,0.000000000000000000e+00,2.148432026059964028e-02
2.396930429768168835e+01,0.000000000000000000e+00,3.269645053269236434e-02
4.750771091488817177e+01,0.000000000000000000e+00,-1.683285706915268021e+00
2.770128411774617305e+01,0.000000000000000000e+00,1.801892384035684580e-02
2.938152108354543657e+01,0.000000000000000000e+00,5.116131704278695930e-02
4.920120698472214826e+01,0.000000000000000000e+00,-2.222701667962921679e+00
3.469304006395986306e+01,0.000000000000000000e+00,7.693911709739681415e-02
3.468775923197335942e+01,0.000000000000000000e+00,7.123859738292004362e-02
-3.181005295211827733e+00,0.000000000000000000e+00,9.252282564147601418e-01
3.499492205232564146e+01,0.000000000000000000e+00,-1.987074316855121092e-01
3.463395011651962108e+01,0.000000000000000000e+00,2.825180892819511777e-02
3.429282965952842233e+01,0.000000000000000000e+00,2.358827214329190652e-02
3.692479372368310209e+01,0.000000000000000000e+00,1.054359754633355450e+01
4.196316138190636202e+00,0.000000000000000000e+00,-4.924292218345296401e-01
3.464569787376473897e+01,0.000000000000000000e+00,2.912516067356108948e-02
3.321111925433942247e+01,0.000000000000000000e+00,2.245029062749981028e-02
2.520482293234876181e+01,0.000000000000000000e+00,-8.260659641121010921e+00
2.664381755512697580e+01,0.000000000000000000e+00,-3.284449191300356681e-03
3.076055792404285683e+01,0.000000000000000000e+00,4.141354273991758317e-02
2.515927281955949013e+01,0.000000000000000000e+00,2.753230038859005163e-02
3.263707875248712043e+01,0.000000000000000000e+00,9.998702808933762620e-02
3.467262772498020240e+01,0.000000000000000000e+00,7.893649587147187618e-02
3.371018185098267139e+01,0.000000000000000000e+00,3.020706317796557627e-01
3.457351885315112838e+01,0.000000000000000000e+00,3.043469699374319604e-02
1.985015016779999897e+01,0.000000000000000000e+00,2.374854471719999895e-03
3.479303963081257933e+01,0.000000000000000000e+00,8.600976548876940186e-02
3.470232118677417787e+01,0.000000000000000000e+00,2.562519821622722196e-02
3.494487471905517140e+01,0.000000000000000000e+00,-2.801714054765009343e-01
3.040080749800279492e+01,0.000000000000000000e+00,-2.776600804206335038e+00
3.252282544595415459e+01,0.000000000000000000e+00,6.293679258090201234e-02
1.906000023189999837e+01,0.000000000000000000e+00,4.491045306630000078e-04
3.475192755943692902e+01,0.000000000000000000e+00,1.992509692796054499e-01
2.231383658601180286e+01,0.000000000000000000e+00,5.460205171392619808e-03
3.259155629547439048e+01,0.000000000000000000e+00,1.577874119634849193e-02
4.284175709438108548e+00,0.000000000000000000e+00,-1.547930530792100079e+00
3.225664394493731635e+01,0.000000000000000000e+00,6.566633893618708306e+00
3.299830298743044921e+01,0.000000000000000000e+00,9.373089521053223905e-02
3.893649221430322882e+01,0.000000000000000000e+00,-2.278011823064947095e+00
3.455686183056051419e+01,0.000000000000000000e+00,4.944888177755862868e-02
2.897722592877854098e+01,0.000000000000000000e+00,6.059751216638265860e-03
3.379133210888041816e+01,0.000000000000000000e+00,6.902176782846466407e-01
3.496330448550848047e+01,0.000000000000000000e+00,2.051375210047241548e+00
3.779415860460334642e+01,0.000000000000000000e+00,6.837697780703135386e+00
3.028016262176802798e+01,0.000000000000000000e+00,6.871410515186847867e+00
3.271538647204799588e+01,0.000000000000000000e+00,1.201590106597193230e+00
