x_m,Cp_near_wall,Cf,tau_x_Pa
-0.8990426829268293,0.0,-0.0051593407182440616,-3.78314075473
-0.8971280487804878,0.0,-0.005637056143471522,-4.13343060629
-0.8952134146341464,-4.717952522405636e-05,-0.005679932031985904,-4.16486980174
-0.893298780487805,-4.717952522405636e-05,-0.00540829701156683,-3.96569057085
-0.8913841463414635,-4.717952522405636e-05,-0.005042493885910941,-3.69746158803
-0.8894695121951219,-9.431217838377631e-05,-0.004684322504089611,-3.43482866151
-0.8875548780487805,-9.431217838377631e-05,-0.00436759794945998,-3.20258705622
-0.8856402439024391,-0.00014133731428932005,-0.004106238500478343,-3.01094249598
-0.8837256097560976,2.170039769858998e-05,-0.0039003360222458457,-2.85996234184
-0.8818109756097561,2.170039769858998e-05,-0.003742947101555313,-2.74455526316
-0.8798963414634147,-0.00018814691530348555,-0.0036247829462244317,-2.65791015554
-0.8779817073170733,-0.00018814691530348555,-0.0035360957045142884,-2.59287930434
-0.8760670731707317,-0.00018814691530348555,-0.0034681489022386994,-2.54305659813
-0.8741524390243902,-0.0002347911292098795,-0.0034144320749583536,-2.5036681705
-0.8722378048780488,-0.0002347911292098795,-0.003370184489059481,-2.47122316354
-0.8703231707317074,-0.0002814477456662579,-0.0033321275545593956,-2.44331751672
-0.8684085365853659,-0.0002814477456662579,-0.003298206943726001,-2.41844487266
-0.8664939024390244,-0.0002814477456662579,-0.003267025359827783,-2.39558064886
-0.864579268292683,-0.00032810095422356047,-0.003237674791564525,-2.3740590365
-0.8626646341463415,-0.00032810095422356047,-0.0032096753208989163,-2.35352813064
-0.86075,-0.000374688226974663,-0.0031827590225029165,-2.33379147222
-0.8588353658536585,-0.000374688226974663,-0.0031567577270969864,-2.31472574935
-0.8569207317073171,-0.000374688226974663,-0.0031316039142978516,-2.296281452
-0.8550060975609757,-0.00042121566390419585,-0.003107269952533922,-2.27843831903
-0.8530914634146342,-0.00042121566390419585,-0.0030836971765013928,-2.26115333349
-0.8511768292682926,-0.00046766101449924595,-0.0030608147482102197,-2.24437455268
-0.8492621951219512,-0.00046766101449924595,-0.0030471179403363468,-2.23433122449
-0.8473475609756098,-0.00046766101449924595,-0.003034274489257228,-2.22491362913
-0.8454329268292683,-0.0005139640471261966,-0.003021250932022112,-2.21536396904
-0.8435182926829268,-0.0005139640471261966,-0.003008217524167741,-2.20580708588
-0.8416036585365854,-0.0005602518564987798,-0.002995315372994999,-2.19634644806
-0.839689024390244,-0.0005602518564987798,-0.002982630220501445,-2.1870449268
-0.8377743902439024,-0.0005602518564987798,-0.0029702229139166774,-2.17794713897
-0.8358597560975609,-0.00060664175501067,-0.00295813757258164,-2.16908543554
-0.8339451219512195,-0.00060664175501067,-0.0029463839380956696,-2.16046695964
-0.8320304878048781,-0.000653028184920488,-0.0029349496125728844,-2.15208262039
-0.8301158536585367,-0.000653028184920488,-0.0029238264637465126,-2.14392645472
-0.828201219512195,-0.000653028184920488,-0.0029130107488539196,-2.13599571821
-0.8262865853658536,-0.0006993856282999015,-0.0029024946533735283,-2.12828468078
-0.8243719512195122,-0.0006993856282999015,-0.0028922729593643727,-2.12078951632
-0.8224573170731708,-0.0007457054695053432,-0.002882343629255905,-2.11350873076
-0.8205426829268293,-0.0007457054695053432,-0.0028726997462975297,-2.10643725232
-0.8186280487804878,-0.0007457054695053432,-0.002863327155751605,-2.09956470189
-0.8167134146341464,-0.0007919819227045976,-0.002854213658147411,-2.09288213408
-0.814798780487805,-0.0007919819227045976,-0.0028453531824638033,-2.08638509725
-0.8128841463414634,-0.0008382058367160573,-0.0028367380822368034,-2.08006798455
-0.8109695121951219,-0.0008382058367160573,-0.0028283557949596353,-2.07392158439
-0.8090548780487805,-0.0008382058367160573,-0.002820190970903246,-2.06793464142
-0.8071402439024391,-0.0008844187264810949,-0.0028122273467342095,-2.06209523038
-0.8052256097560976,-0.0008844187264810949,-0.002804450440573302,-2.05639273228
-0.8033109756097561,-0.0009306920599159507,-0.002796849516072391,-2.05081927458
-0.8013963414634147,-0.0009306920599159507,-0.0027894162008454022,-2.04536871814
-0.7994817073170732,-0.0009306920599159507,-0.0027821442495811516,-2.04003648352
-0.7975670731707317,-0.000976948486929271,-0.002775027790410093,-2.03481826511
-0.7956524390243902,-0.000976948486929271,-0.002768061934128458,-2.02971047785
-0.7937378048780488,-0.001023186460821984,-0.002761245011274983,-2.02471189759
-0.7918231707317074,-0.001023186460821984,-0.0027545751336530465,-2.01982113979
-0.7899085365853659,-0.001023186460821984,-0.0027480478191447646,-2.01503491789
-0.7879939024390243,-0.0010694827457939204,-0.0027416580300452563,-2.01034953794
-0.7860792682926829,-0.0010694827457939204,-0.0027354013449653975,-2.00576175791
-0.7841646341463415,-0.0011157959036083064,-0.0027292740046136396,-2.00126882126
-0.78225,-0.0011157959036083064,-0.0027232716500752456,-1.99686753177
-0.7803353658536585,-0.0011157959036083064,-0.0027173874938715504,-1.99255291245
-0.7784207317073171,-0.0011620608119018512,-0.002711613952831224,-1.98831940286
-0.7765060975609757,-0.0011620608119018512,-0.0027059446026071222,-1.98416229228
-0.7745914634146341,-0.001208359653307993,-0.0027003742006421996,-1.98007773655
-0.7726768292682926,-0.001208359653307993,-0.0026949002598121675,-1.97606391196
-0.7707621951219512,-0.001208359653307993,-0.0026895221178694336,-1.97212033291
-0.7688475609756098,-0.0012547632392580837,-0.002684237761368572,-1.96824552302
-0.7669329268292684,-0.0012547632392580837,-0.002679044691975089,-1.96443765036
-0.7650182926829268,-0.0013012395667615186,-0.002673941042208055,-1.96069534558
-0.7631036585365853,-0.0010016928538129817,-0.0026689244379862267,-1.95701686786
-0.7611890243902439,-0.0010016928538129817,-0.0026639931043742297,-1.95340091571
-0.7592743902439025,-0.0013477992979954302,-0.0026591466990244254,-1.9498472381
-0.7573597560975609,-0.0013477992979954302,-0.002654383526741178,-1.94635459201
-0.7554451219512195,-0.0013944242685678871,-0.0026496999422306257,-1.94292030449
-0.7535304878048781,-0.001202670988057224,-0.002645091626986589,-1.93954120895
-0.7516158536585367,-0.001202670988057224,-0.0026405539310790636,-1.93621389578
-0.749701219512195,-0.0014410732451185107,-0.0026360838329488627,-1.93293614939
-0.7477865853658536,-0.0014410732451185107,-0.0026316805662516935,-1.92970740785
-0.7458719512195122,-0.0014410732451185107,-0.0026273427577511673,-1.92652666422
-0.7439573170731708,-0.001487717721010019,-0.0026230680041540487,-1.92339215626
-0.7420426829268293,-0.001487717721010019,-0.002618854608028115,-1.92030263931
-0.7401280487804878,-0.0015344197902731115,-0.002614701426941721,-1.91725727567
-0.7382134146341464,-0.0015344197902731115,-0.002610607690732011,-1.91425550061
-0.736298780487805,-0.0015344197902731115,-0.002606573120957695,-1.91129710996
-0.7343841463414634,-0.0015812651267152367,-0.0026025970676451272,-1.90838162712
-0.7324695121951219,-0.0015812651267152367,-0.002598678555615637,-1.90550833703
-0.7305548780487805,-0.001628234656226843,-0.002594816244090606,-1.90267625655
-0.7286402439024391,-0.001628234656226843,-0.002591008198737011,-1.89988396731
-0.7267256097560976,-0.001628234656226843,-0.00258725183370712,-1.89712957321
-0.724810975609756,-0.0016752882249335527,-0.0025835451165445293,-1.89441158393
-0.7228963414634146,-0.0016752882249335527,-0.0025798869145412847,-1.8917291689
-0.7209817073170732,-0.0017224231999481182,-0.0025762758570385285,-1.88908132307
-0.7190670731707317,-0.0017224231999481182,-0.002572710527622857,-1.88646700784
-0.7171524390243902,-0.0017224231999481182,-0.0025691896682147747,-1.88388530071
-0.7152378048780488,-0.001769665476136306,-0.002565711907023493,-1.8813351958
-0.7133231707317074,-0.001769665476136306,-0.002562276464176101,-1.87881612126
-0.7114085365853658,-0.0018169566768548027,-0.0025588836635684043,-1.87632831459
-0.7094939024390243,-0.0018169566768548027,-0.002555533517910756,-1.87387178511
-0.7075792682926829,-0.0018169566768548027,-0.002552225236651913,-1.87144595314
-0.7056646341463415,-0.001864348600714814,-0.0025489580238946454,-1.86905023508
-0.7037500000000001,-0.001864348600714814,-0.002545731013043795,-1.86668399549
-0.7018353658536585,-0.0019119684052211572,-0.0025425428647936166,-1.86434625231
-0.6999207317073171,-0.0019119684052211572,-0.0025393926520247577,-1.86203632572
-0.6980060975609756,-0.0019119684052211572,-0.0025362799390939504,-1.85975389628
-0.6960914634146342,-0.001959774376044467,-0.0025332034554841013,-1.85749803237
-0.6941768292682926,-0.001959774376044467,-0.002530161651459474,-1.85526759763
-0.6922621951219512,-0.002007723611423832,-0.0025271534253242874,-1.85306178423
-0.6903475609756098,-0.002007723611423832,-0.0025241780064383665,-1.85088002709
-0.6884329268292684,-0.002007723611423832,-0.0025212347947693894,-1.84872188623
-0.6865182926829267,-0.002055821667498949,-0.002518323487028143,-1.84658713926
-0.6846036585365853,-0.002055821667498949,-0.002515444146480002,-1.84447583257
-0.6826890243902439,-0.0021040690522626916,-0.002512596361320431,-1.8423876642
-0.6807743902439025,-0.0021040690522626916,-0.0025097795330581694,-1.8403221953
-0.6788597560975609,-0.0021040690522626916,-0.0025069935646608536,-1.83827935472
-0.6769451219512195,-0.0021524501629563357,-0.002504238116958434,-1.83625889376
-0.6750304878048781,-0.0021524501629563357,-0.0025015122522214135,-1.83426012482
-0.6731158536585367,-0.0022010032154632935,-0.002498815358839048,-1.83228259943
-0.6712012195121951,-0.0022010032154632935,-0.002496147169239308,-1.83032612139
-0.6692865853658536,-0.0022010032154632935,-0.0024935069672647027,-1.82839016557
-0.6673719512195122,-0.002249789743538922,-0.002490893891652421,-1.82647410044
-0.6654573170731708,-0.002249789743538922,-0.0024883071608111985,-1.82457735289
-0.6635426829268293,-0.0022988045569950167,-0.0024857459605556274,-1.82269932591
-0.6616280487804878,-0.0022988045569950167,-0.0024832095651818142,-1.82083948737
-0.6597134146341463,-0.0022988045569950167,-0.0024806977572772566,-1.81899767785
-0.6577987804878049,-0.002348014765230092,-0.002478210801440961,-1.81717409137
-0.6558841463414634,-0.002348014765230092,-0.0024757486684745733,-1.81536870652
-0.6539695121951219,-0.00239743089021493,-0.002473310894518387,-1.81358118317
-0.6520548780487805,-0.00239743089021493,-0.002470897048879627,-1.81181120551
-0.6501402439024391,-0.00239743089021493,-0.002468506952126836,-1.81005864197
-0.6482256097560977,-0.002447079949264658,-0.0024661401419004566,-1.80832315352
-0.646310975609756,-0.002447079949264658,-0.002463796244908869,-1.80660446644
-0.6443963414634146,-0.002496986065316033,-0.0024614754565805736,-1.80490272403
-0.6424817073170732,-0.002496986065316033,-0.0024591774877823092,-1.80321771428
-0.6405670731707318,-0.002496986065316033,-0.0024569014599586363,-1.80154879298
-0.6386524390243902,-0.0025471247807536046,-0.002454646646219181,-1.79989542713
-0.6367378048780488,-0.0025471247807536046,-0.002452412552483053,-1.79825725444
-0.6348231707317074,-0.0025975140545367813,-0.0024501987097218514,-1.79663393099
-0.6329085365853659,-0.0020554543330144393,-0.0024480048891083045,-1.79502528899
-0.6309939024390243,-0.0020554543330144393,-0.0024458311979848905,-1.79343140715
-0.6290792682926829,-0.002648221919961901,-0.0024436776023255033,-1.79185226052
-0.6271646341463415,-0.002648221919961901,-0.002441543745872033,-1.79028758787
-0.6252500000000001,-0.002699241351947909,-0.0024394293460645975,-1.78873718201
-0.6233353658536585,-0.0023950625196820672,-0.0024373343387377334,-1.78720099589
-0.621420731707317,-0.0023950625196820672,-0.0024352587248869942,-1.78567903024
-0.6195060975609756,-0.0027505638354748704,-0.0024332022558695033,-1.78417110274
-0.6175914634146342,-0.0027505638354748704,-0.0024311646268140715,-1.78267698984
-0.6156768292682926,-0.0028022095730128945,-0.002429145813895607,-1.78119667407
-0.6137621951219512,-0.002751340469878488,-0.002427145615780476,-1.7797300078
-0.6118475609756098,-0.002751340469878488,-0.002425163560576357,-1.77827664501
-0.6099329268292684,-0.002854196926073494,-0.002423199266208939,-1.77683630554
-0.6080182926829267,-0.002854196926073494,-0.0024212524876357036,-1.77540880971
-0.6061036585365853,-0.002854196926073494,-0.0024193228772448534,-1.77399390263
-0.6041890243902439,-0.0029065057010707667,-0.002417410043606603,-1.77259129728
-0.6022743902439025,-0.0029065057010707667,-0.002415513949353606,-1.77120096626
-0.6003597560975609,-0.002959125760320593,-0.0024136347669348065,-1.76982303602
-0.5984451219512195,-0.002959125760320593,-0.002411772362400538,-1.76845740834
-0.596530487804878,-0.002959125760320593,-0.002409926617470871,-1.76710399649
-0.5946158536585366,-0.003012115019237137,-0.0024080976111081937,-1.76576285837
-0.592701219512195,-0.003012115019237137,-0.0024062852081081685,-1.76443389484
-0.5907865853658536,-0.0030655142553567285,-0.002404489059045182,-1.76311684968
-0.5888719512195122,-0.0030655142553567285,-0.0024027089664041632,-1.76181157806
-0.5869573170731708,-0.0030655142553567285,-0.0024009450051243725,-1.76051813493
-0.5850426829268293,-0.003119297602257314,-0.00239919718207922,-1.75923652533
-0.5831280487804877,-0.003119297602257314,-0.002397465330984009,-1.75796662733
-0.5812134146341463,-0.0031734986172005414,-0.0023957491878125164,-1.75670824733
-0.5792987804878049,-0.0031734986172005414,-0.0023940483841827015,-1.75546111521
-0.5773841463414635,-0.0031734986172005414,-0.0023923625920801678,-1.75422499045
-0.5754695121951219,-0.0032281537651853136,-0.002390691579131836,-1.75299970266
-0.5735548780487805,-0.0032281537651853136,-0.002389035208974164,-1.75178515185
-0.5716402439024391,-0.0032832407386173,-0.002387393589317848,-1.750581417
-0.5697256097560977,-0.0032832407386173,-0.0023857668572901444,-1.74938859866
-0.567810975609756,-0.0032832407386173,-0.0023841549388246056,-1.74820664252
-0.5658963414634146,-0.003338739096179932,-0.002382557692143515,-1.74703544462
-0.5639817073170732,-0.003338739096179932,-0.0023809749470072366,-1.74587488013
-0.5620670731707318,-0.003394675800505641,-0.0023794065328488303,-1.74472482398
-0.5601524390243902,-0.003394675800505641,-0.002377852258958446,-1.74358513633
-0.5582378048780487,-0.003394675800505641,-0.0023763119431225326,-1.74245568357
-0.5563231707317073,-0.0034511098431715447,-0.0023747856253405167,-1.74133649503
-0.5544085365853659,-0.0034511098431715447,-0.0023732733196865233,-1.74022758103
-0.5524939024390243,-0.003508063519340445,-0.0023717747063287872,-1.73912870705
-0.5505792682926829,-0.003508063519340445,-0.002370289358434008,-1.73803956011
-0.5486646341463415,-0.003508063519340445,-0.0023688169468422202,-1.73695989885
-0.5467500000000001,-0.003565553506961186,-0.0023673571951987045,-1.73588952063
-0.5448353658536584,-0.003565553506961186,-0.0023659098139337926,-1.73482821312
-0.542920731707317,-0.003623584072157472,-0.0023644745309340945,-1.73377577679
-0.5410060975609756,-0.003623584072157472,-0.002363051229447106,-1.73273212603
-0.5390914634146342,-0.003623584072157472,-0.002361639793197642,-1.73169717558
-0.5371768292682926,-0.003682141642082789,-0.0023602399464446805,-1.73067072325
-0.5352621951219512,-0.003682141642082789,-0.002358851340389943,-1.72965251328
-0.5333475609756098,-0.003741228172548046,-0.002357473600446226,-1.728642271
-0.5314329268292683,-0.003741228172548046,-0.002356106266872414,-1.7276396593
-0.5295182926829267,-0.003741228172548046,-0.002354748856047748,-1.72664432356
-0.5276036585365853,-0.00380084588662556,-0.0023534008903929775,-1.72565591359
-0.5256890243902439,-0.00380084588662556,-0.0023520618355277554,-1.72467403755
-0.5237743902439025,-0.003861008830816453,-0.0023507311714186154,-1.72369831412
-0.5218597560975609,-0.003861008830816453,-0.0023494082657663953,-1.72272827966
-0.5199451219512194,-0.003861008830816453,-0.002348092343062254,-1.72176336552
-0.518030487804878,-0.003921771140074595,-0.002346782564681992,-1.72080295677
-0.5161158536585366,-0.003921771140074595,-0.00234547803558217,-1.71984639711
-0.5142012195121951,-0.0039831569660668574,-0.0023441778483363003,-1.71889302116
-0.5122865853658536,-0.0039831569660668574,-0.00234288102359257,-1.7179421108
-0.5103719512195122,-0.0039831569660668574,-0.0023415863973308255,-1.7169928125
-0.5084573170731708,-0.004045161695869948,-0.0023402928430209997,-1.71604430022
-0.5065426829268294,-0.004045161695869948,-0.0023389993874209777,-1.71509586032
-0.5046280487804877,-0.004107790720420794,-0.0023377048115642393,-1.71414659898
-0.5027134146341463,-0.0028151180114343185,-0.0023364075886400533,-1.71319539665
-0.5007987804878049,-0.0028151180114343185,-0.0023351061355002755,-1.71224109247
-0.4988841463414634,-0.004171036386998738,-0.002333798716267956,-1.71128241359
-0.496969512195122,-0.004171036386998738,-0.0023324833438457407,-1.71031790295
-0.49505487804878046,-0.004234898830799029,-0.002331157917097675,-1.70934601987
-0.49314024390243905,-0.0036450280318908942,-0.0023298202237267652,-1.70836514216
-0.4912256097560975,-0.0036450280318908942,-0.002328468066110202,-1.70737365839
-0.4893109756097561,-0.0042993698161976545,-0.0023270989200291025,-1.70636971765
-0.4873963414634146,-0.0042993698161976545,-0.002325710321134167,-1.70535151293
-0.4854817073170732,-0.004364454255978,-0.0023242984368720254,-1.70431623397
-0.48356707317073166,-0.004267650168264438,-0.002322862213606215,-1.70326310818
-0.48165243902439026,-0.004267650168264438,-0.002321392735992188,-1.70218559829
-0.47973780487804873,-0.0044302037140885745,-0.002319907875700382,-1.70109680889
-0.4778231707317073,-0.0044302037140885745,-0.0023183825037759427,-1.69997831391
-0.4759085365853658,-0.0044302037140885745,-0.0023168391734997313,-1.69884665078
-0.4739939024390244,-0.004496629614133648,-0.0023151794767889444,-1.69762966074
-0.4720792682926829,-0.004496629614133648,-0.002313487835973709,-1.69638924735
-0.47016463414634146,-0.004563697916099093,-0.0023117540642786562,-1.69511794105
-0.46824999999999994,-0.004563697916099093,-0.002309956888459149,-1.69380014301
-0.46633536585365853,-0.004563697916099093,-0.0023080940395398355,-1.69243418948
-0.464420731707317,-0.004631389694700739,-0.0023061569280630823,-1.69101378215
-0.4625060975609756,-0.004631389694700739,-0.0023041517307423485,-1.68954345016
-0.4605914634146341,-0.004699693904841611,-0.0023020785745038767,-1.68802328658
-0.4586768292682927,-0.004699693904841611,-0.0022999397798326784,-1.68645499293
-0.45676219512195115,-0.004699693904841611,-0.0022977263621455127,-1.68483198117
-0.45484756097560974,-0.004768593813093105,-0.0022954281097645377,-1.68314676348
-0.4529329268292682,-0.004768593813093105,-0.0022930323278971113,-1.68139003127
-0.4510182926829268,-0.004838063723484961,-0.0022905274010668786,-1.67955326737
-0.4491036585365853,-0.004838063723484961,-0.002287900995539784,-1.67762742794
-0.4471890243902439,-0.004838063723484961,-0.002285139976952256,-1.67560288207
-0.4452743902439024,-0.004908082641824502,-0.0022822302990819767,-1.67346933022
-0.44335975609756095,-0.004908082641824502,-0.0022791567880037175,-1.67121564595
-0.44144512195121954,-0.004978655239948454,-0.0022759033675071815,-1.66883004121
-0.439530487804878,-0.004978655239948454,-0.0022724522604858706,-1.66629948075
-0.4376158536585366,-0.004978655239948454,-0.0022687844450369273,-1.66361001656
-0.4357012195121951,-0.005049759651829057,-0.0022648789308029,-1.66074625724
-0.4337865853658537,-0.005049759651829057,-0.002260713210352937,-1.65769169898
-0.43187195121951216,-0.005121352591523294,-0.002256262791422693,-1.65442838257
-0.42995731707317075,-0.005121352591523294,-0.0022515010299750224,-1.65093677099
-0.42804268292682923,-0.005121352591523294,-0.0022463993826068633,-1.64719593449
-0.4261280487804878,-0.005193390962272087,-0.0022409262281412948,-1.64318268651
-0.4242134146341463,-0.005193390962272087,-0.0022350474775608394,-1.63887203092
-0.4222987804878049,-0.005265822390961708,-0.0022287254325577335,-1.63423632504
-0.42038414634146337,-0.005265822390961708,-0.002221919240870059,-1.62924561352
-0.41846951219512196,-0.005265822390961708,-0.0022145840560210185,-1.62386701221
-0.41655487804878044,-0.0053385782798412796,-0.002206670680883533,-1.6180644468
-0.41464024390243903,-0.0053385782798412796,-0.0021981253175372187,-1.6117984694
-0.4127256097560975,-0.005411595331360562,-0.0021888878159126257,-1.60502497434
-0.4108109756097561,-0.005411595331360562,-0.0021788924399309653,-1.59769575995
-0.4088963414634146,-0.005411595331360562,-0.0021680657285371293,-1.58975696014
-0.40698170731707317,-0.005484806011869816,-0.002156326639263945,-1.58114914967
-0.40506707317073165,-0.005484806011869816,-0.0021435845201125655,-1.57180585701
-0.40315243902439024,-0.005558130863218309,-0.0021297375530524277,-1.56165242302
-0.4012378048780487,-0.005558130863218309,-0.0021146718462129077,-1.55060533529
-0.3993231707317073,-0.005558130863218309,-0.002098258387162543,-1.5385699941
-0.39740853658536585,-0.005631499845322516,-0.002080352304740266,-1.52544017115
-0.3954939024390244,-0.005631499845322516,-0.0020607874782836385,-1.51109405672
-0.3935792682926829,-0.005704805831639795,-0.002039374783218242,-1.49539297323
-0.39166463414634145,-0.005704805831639795,-0.002015896635179448,-1.47817737466
-0.38975,-0.005704805831639795,-0.0019901016237339935,-1.45926291167
-0.3878353658536585,-0.005777929988199587,-0.001961695937801095,-1.4384341442
-0.38592073170731706,-0.005777929988199587,-0.001930337290349064,-1.41544008669
-0.3840060975609756,-0.005850740708030927,-0.001895613004396118,-1.38997813941
-0.3820914634146341,-0.005850740708030927,-0.0018570452946258525,-1.36169796126
-0.38017682926829266,-0.005850740708030927,-0.0018140125949099941,-1.33014378235
-0.3782621951219512,-0.005923091384060947,-0.0017658413311776645,-1.29482169742
-0.37634756097560973,-0.005923091384060947,-0.0017114559115484877,-1.25494301743
-0.37443292682926826,-0.0059948300865305644,-0.001649975282549653,-1.20986170067
-0.3725182926829268,-0.002913520993130455,-0.0015789643252432115,-1.15779217061
-0.37060365853658533,-0.002913520993130455,-0.0014979261129980407,-1.09837005058
-0.36868902439024387,-0.006065777839071745,-0.0013986268127357193,-1.02555779602
-0.3667743902439024,-0.006065777839071745,-0.0012863539855385636,-0.943232566613
-0.36485975609756094,-0.006135719648789361,-0.0011172238236779426,-0.819216099562
-0.3629451219512195,-0.005621983255791541,-0.001012258556345255,-0.742249215155
-0.361030487804878,-0.005621983255791541,-0.0009682494536375543,-0.709979078499
-0.35911585365853654,-0.006204464864933178,-0.000947755511240548,-0.69495168005
-0.3572012195121951,-0.006204464864933178,-0.000947833958743175,-0.695009202505
-0.3552865853658536,-0.006271824123883819,-0.0009560497722201044,-0.701033534003
-0.35337195121951215,-0.006351371805208836,-0.0009685423483714177,-0.710193846638
-0.3514573170731707,-0.006351371805208836,-0.0009840715623001648,-0.721580805808
-0.3495426829268292,-0.006337533814862977,-0.0010004029586224812,-0.733555973641
-0.34762804878048775,-0.006337533814862977,-0.001016995621776981,-0.745722718122
-0.3457134146341463,-0.006337533814862977,-0.0010338024401478055,-0.758046494164
-0.3437987804878048,-0.006401304879617968,-0.0010510654866735627,-0.770704804291
-0.34188414634146336,-0.006401304879617968,-0.0010689072938812332,-0.783787496765
-0.33996951219512195,-0.006462846562230537,-0.0010875217213105028,-0.797436721129
-0.3380548780487805,-0.006462846562230537,-0.0011069102650326861,-0.811653574393
-0.336140243902439,-0.006462846562230537,-0.0011271504369224851,-0.826494892953
-0.33422560975609755,-0.006521817309488844,-0.0011482328227826262,-0.84195377375
-0.3323109756097561,-0.006521817309488844,-0.0011697661970582077,-0.857743346538
-0.3303963414634146,-0.006577839824453776,-0.0011928736577887394,-0.874687134747
-0.32848170731707316,-0.006577839824453776,-0.001216445581560714,-0.891971495358
-0.3265670731707317,-0.006577839824453776,-0.0012407236294331959,-0.90977362888
-0.3246524390243902,-0.006630521324827034,-0.001265627732198857,-0.928034823726
-0.32273780487804876,-0.006630521324827034,-0.001291169700062938,-0.946763739853
-0.3208231707317073,-0.006679437449383041,-0.0013175043169405686,-0.966073874192
-0.31890853658536583,-0.006679437449383041,-0.0013444982977877573,-0.985867494085
-0.31699390243902437,-0.006679437449383041,-0.0013721957339035717,-1.00617692994
-0.3150792682926829,-0.006724163924468559,-0.0014004781243773527,-1.02691528972
-0.31316463414634144,-0.006724163924468559,-0.001429417672846144,-1.0481355175
-0.31124999999999997,-0.006764184843428012,-0.001458914297974594,-1.06976422759
-0.3093353658536585,-0.006764184843428012,-0.001489043778957137,-1.09185698588
-0.30742073170731704,-0.006764184843428012,-0.001519705438531054,-1.11433996971
-0.3055060975609756,-0.006799023010739931,-0.0015509702624374282,-1.13726523012
-0.3035914634146341,-0.006799023010739931,-0.0015827383012176435,-1.16055947812
-0.30167682926829265,-0.006827878655904386,-0.0016150845661262265,-1.1842777165
-0.2997621951219512,-0.006827878655904386,-0.0016479226086363575,-1.20835655597
-0.2978475609756097,-0.006827878655904386,-0.0016813287674707692,-1.2328519727
-0.29593292682926825,-0.006850654155587726,-0.00171520776538488,-1.25769410365
-0.2940182926829268,-0.006850654155587726,-0.0017496345977316382,-1.28293793995
-0.2921036585365853,-0.0068653970708454455,-0.0017845168362812395,-1.30851570763
-0.29018902439024385,-0.0068653970708454455,-0.0018199380643304796,-1.33448869502
-0.2882743902439024,-0.0068653970708454455,-0.0018558023497651924,-1.36078655889
-0.2863597560975609,-0.006875243092378342,-0.0018922015152050328,-1.38747662914
-0.28444512195121946,-0.006875243092378342,-0.0019290283606576376,-1.41448030025
-0.282530487804878,-0.006875531368839739,-0.0019663851370011064,-1.44187254875
-0.28061585365853653,-0.006875531368839739,-0.00200414847850116,-1.46956291542
-0.27870121951219506,-0.006875531368839739,-0.0020424399973542826,-1.49764057368
-0.2767865853658536,-0.006860831202830828,-0.002081124264009857,-1.52600621839
-0.27487195121951213,-0.006860831202830828,-0.0021203469054722024,-1.55476663208
-0.27295731707317067,-0.006838491403496211,-0.002159940998103675,-1.58379941624
-0.2710426829268292,-0.006838491403496211,-0.002200077368029506,-1.61322983092
-0.2691280487804878,-0.006838491403496211,-0.0022405621722839286,-1.64291573873
-0.26721341463414633,-0.006806449503316579,-0.0022816010387167996,-1.67300791845
-0.26529878048780486,-0.006806449503316579,-0.002322966242597276,-1.70333938853
-0.2633841463414634,-0.00676125581735883,-0.0023649010397941792,-1.73408851889
-0.26146951219512193,-0.00676125581735883,-0.0024071370774506468,-1.76505853698
-0.25955487804878047,-0.00676125581735883,-0.0024499535632561686,-1.79645417477
-0.257640243902439,-0.0067016948568088845,-0.002493038806426911,-1.82804688172
-0.25572560975609754,-0.0067016948568088845,-0.002536659852235324,-1.86003247158
-0.2538109756097561,-0.0066280272785228895,-0.002580443027423405,-1.89213694451
-0.2518963414634146,-0.0066280272785228895,-0.002624758124404628,-1.92463145468
-0.24998170731707314,-0.0066280272785228895,-0.0026692276847177774,-1.95723922671
-0.24806707317073168,-0.006537058520983409,-0.002714260679322014,-1.99026014285
-0.2461524390243902,-0.006537058520983409,-0.0027594443396991926,-2.02339153625
-0.24423780487804875,-0.006430276338837895,-0.0028052203300736912,-2.05695726184
-0.24232317073170728,-0.006100928133744192,-0.0028511446845970834,-2.090631777
-0.24040853658536582,-0.006100928133744192,-0.0028976808293369135,-2.12475489376
-0.23849390243902435,-0.00630246959774717,-0.0029443662073983254,-2.15898743742
-0.2365792682926829,-0.00630246959774717,-0.002991675271243985,-2.19367730523
-0.23466463414634142,-0.006153925824102682,-0.0030391337372325383,-2.22847672373
-0.23274999999999996,-0.013337677157685888,-0.003087210920866458,-2.26372982344
-0.2308353658536585,-0.013337677157685888,-0.0031354468845110296,-2.29909935026
-0.22892073170731703,-0.005982935067731349,-0.0031842924438313528,-2.33491586951
-0.22700609756097556,-0.005982935067731349,-0.003233312014161406,-2.37085998416
-0.2250914634146341,-0.0057874002528736,-0.003282908567159965,-2.40722717741
-0.22317682926829263,-0.009388319542486378,-0.003332703257914479,-2.44373965725
-0.22126219512195117,-0.009388319542486378,-0.003383036388009445,-2.48064695339
-0.2193475609756097,-0.005565233330549722,-0.0034336042834845182,-2.51772639371
-0.21743292682926824,-0.005565233330549722,-0.003484650948687403,-2.55515689696
-0.21551829268292677,-0.005565233330549722,-0.0035359788939674235,-2.59279365178
-0.2136036585365853,-0.0053143009333487595,-0.0035877119199929624,-2.63072743631
-0.21168902439024384,-0.0053143009333487595,-0.003639785819487071,-2.66891116989
-0.20977439024390238,-0.005032175739952657,-0.0036921762314211654,-2.70732698954
-0.2078597560975609,-0.005032175739952657,-0.0037449694821144732,-2.74603819494
-0.20594512195121945,-0.005032175739952657,-0.0037979905984026137,-2.78491648518
-0.20403048780487798,-0.004716329459500108,-0.0038514680267244723,-2.82412937101
-0.20211585365853652,-0.004716329459500108,-0.0039050911426703055,-2.86344908382
-0.20020121951219505,-0.00436402934602217,-0.003959211737683947,-2.90313357838
-0.19828658536585364,-0.00436402934602217,-0.004013399853612733,-2.94286758336
-0.19637195121951218,-0.00436402934602217,-0.004068122339005033,-2.98299342036
-0.1944573170731707,-0.003972310289047647,-0.004122809467440289,-3.0230933315
-0.19254268292682925,-0.003972310289047647,-0.00417798323531678,-3.06355007612
-0.19062804878048778,-0.0035381098723335338,-0.004233047569110841,-3.10392657705
-0.18871341463414631,-0.0035381098723335338,-0.004288605312641278,-3.14466487585
-0.18679878048780485,-0.0035381098723335338,-0.00434401774201665,-3.18529662152
-0.18488414634146338,-0.0030579470841202504,-0.004399926208271139,-3.22629209144
-0.18296951219512192,-0.0030579470841202504,-0.00445565313789574,-3.26715444772
-0.18105487804878045,-0.002528270500183767,-0.004511849512335657,-3.30836102934
-0.179140243902439,-0.002528270500183767,-0.0045678303880408114,-3.34940959425
-0.17722560975609752,-0.002528270500183767,-0.00462424464642511,-3.39077594156
-0.17531097560975606,-0.0019450664766190056,-0.004680409249018595,-3.43195922614
-0.1733963414634146,-0.0019450664766190056,-0.004736947959695087,-3.4734168294
-0.17148170731707313,-0.0013041642884410742,-0.004793197560007663,-3.51466243945
-0.16956707317073166,-0.0013041642884410742,-0.004849748218920833,-3.55612880388
-0.1676524390243902,-0.0013041642884410742,-0.004905955377618185,-3.59734329317
-0.16573780487804873,-0.0006010122460950497,-0.0049623411326261265,-3.63868874008
-0.16382317073170727,-0.0006010122460950497,-0.0050210870201108605,-3.68176477891
-0.1619085365853658,0.00016932917860251021,-0.005104526289756505,-3.74294749949
-0.15999390243902434,0.00016932917860251021,-0.00519083515562341,-3.80623438163
-0.15807926829268287,0.00016932917860251021,-0.005279179066443644,-3.87101348185
-0.1561646341463414,0.0010120085729423594,-0.0053686149453161585,-3.93659327911
-0.15424999999999994,0.0010120085729423594,-0.0054588325150338795,-4.00274625939
-0.15233536585365848,0.0019328688528080298,-0.005549251862455429,-4.06904719529
-0.150420731707317,0.0019328688528080298,-0.005639796856983295,-4.13544026325
-0.14850609756097555,0.0019328688528080298,-0.005730054949884794,-4.20162295758
-0.14659146341463408,0.0029379251242149843,-0.00582006390229666,-4.26762296703
-0.14467682926829262,0.0029379251242149843,-0.005909491608262002,-4.33319677142
-0.14276219512195115,0.00403395929938193,-0.005998419780855507,-4.39840428772
-0.1408475609756097,0.00403395929938193,-0.00608654938752326,-4.46302624717
-0.13893292682926822,0.00403395929938193,-0.006173991264891534,-4.52714392189
-0.13701829268292676,0.005228098359708303,-0.006260456311010888,-4.59054532484
-0.1351036585365853,0.005228098359708303,-0.006346047398421161,-4.65330588839
-0.13318902439024383,0.0065281524515351476,-0.006430469942510199,-4.71520960528
-0.13127439024390236,0.0065281524515351476,-0.0065138305916519436,-4.77633467655
-0.1293597560975609,0.0065281524515351476,-0.006595826803393882,-4.83645925977
-0.1274451219512195,0.007942618125572926,-0.006676550840062977,-4.89565100726
-0.12553048780487802,0.007942618125572926,-0.006755687518187601,-4.95367880743
-0.12361585365853656,0.009480555194246941,-0.006833330145807662,-5.01061107938
-0.12170121951219509,0.009480555194246941,-0.006909153000768485,-5.06620898392
-0.11978658536585363,0.009480555194246941,-0.006983226353021879,-5.12052404723
-0.11787195121951216,0.011152156140249989,-0.007055213427179016,-5.17330932522
-0.1159573170731707,0.011152156140249989,-0.007125191889376286,-5.2246217674
-0.11404268292682923,0.01296810935755816,-0.007192819396080928,-5.27421034678
-0.11212804878048777,-0.02425451753430511,-0.007258145212144932,-5.32211118733
-0.1102134146341463,-0.02425451753430511,-0.007320822797600579,-5.36807018498
-0.10829878048780484,0.014940455220863218,-0.007380908912889757,-5.41212895992
-0.10638414634146337,0.014940455220863218,-0.007438058818905422,-5.45403472858
-0.1044695121951219,0.01708201487034053,-0.007492308308738844,-5.49381373662
-0.10255487804878044,-0.056201916287913135,-0.007543321452526079,-5.53121965994
-0.10064024390243897,-0.056201916287913135,-0.00759112940736614,-5.56627534481
-0.09872560975609751,0.019407012611646502,-0.007635407497117326,-5.59874271904
-0.09681097560975604,0.019407012611646502,-0.007676179524411855,-5.62863923616
-0.09489634146341458,0.021931075169086864,-0.007713132241215774,-5.65573520376
-0.09298170731707311,-0.040024878594896805,-0.007746265223764269,-5.68003031111
-0.09106707317073165,-0.040024878594896805,-0.007775294002363416,-5.70131596782
-0.08915243902439018,0.024671150172233015,-0.0078002275651968146,-5.71959876457
-0.08723780487804872,0.024671150172233015,-0.007820800013992298,-5.73468372866
-0.08532317073170725,0.027646199803632,-0.007837009645371595,-5.74656961107
-0.08340853658536579,0.02428822292697707,-0.007848295371208458,-5.75484498804
-0.08149390243902432,0.02428822292697707,-0.007854668952180023,-5.75951848321
-0.07957926829268286,0.03087668648805952,-0.007855797425362472,-5.76034594802
-0.0776646341463414,0.03087668648805952,-0.007851771635305597,-5.75739399519
-0.07574999999999993,0.03087668648805952,-0.007842351178905723,-5.75048634662
-0.07383536585365846,0.03438571746736361,-0.007827618547214803,-5.73968348974
-0.071920731707317,0.03438571746736361,-0.0078074110368688875,-5.7248661206
-0.07000609756097553,0.038198467215251435,-0.007781761277376866,-5.70605816513
-0.06809146341463407,0.038198467215251435,-0.007750289695640225,-5.68298129737
-0.0661768292682926,0.038198467215251435,-0.007713234976696548,-5.65581053563
-0.06426219512195114,0.04234307353792486,-0.007670856034015196,-5.62473573093
-0.06234756097560967,0.04234307353792486,-0.0076234584673796,-5.58998096752
-0.06043292682926826,0.046850765992576975,-0.007572315121542753,-5.55247957218
-0.0585182926829268,0.046850765992576975,-0.007519326222508917,-5.51362490558
-0.05660365853658533,0.046850765992576975,-0.007455292879570083,-5.46667178452
-0.05468902439024387,0.05175647037420156,-0.0073812192515620295,-5.41235651901
-0.0527743902439024,0.05175647037420156,-0.00730461700391607,-5.3561871166
-0.05085975609756094,0.057098799453415394,-0.007224513657110944,-5.29745049647
-0.04894512195121947,0.057098799453415394,-0.007140933379051509,-5.23616437999
-0.04703048780487801,0.057098799453415394,-0.007053197724969502,-5.17183129041
-0.04511585365853654,0.06292244649570877,-0.006960843695016982,-5.10411172823
-0.04320121951219508,0.06292244649570877,-0.006864071447732422,-5.0331524618
-0.04128658536585361,0.06927425359748984,-0.006762887719153015,-4.95895843039
-0.03937195121951215,0.06927425359748984,-0.006657652408005066,-4.88179353352
-0.03745731707317068,0.06927425359748984,-0.006548354523324247,-4.80164971195
-0.03554268292682922,0.07621559245840248,-0.0064354067419696,-4.71882956532
-0.03362804878048775,0.07621559245840248,-0.006318762144790289,-4.63329868967
-0.031713414634146286,0.08379740530893635,-0.006198893429892923,-4.54540369585
-0.02979878048780482,0.08379740530893635,-0.006075722357770532,-4.45508721392
-0.027884146341463356,0.08379740530893635,-0.005949749820384433,-4.36271652817
-0.02596951219512189,0.09212123849658096,-0.005820856818361278,-4.26820438106
-0.024054878048780426,0.09212123849658096,-0.005689575898456278,-4.17194126809
-0.02214024390243896,0.10120912877913858,-0.005555744381280594,-4.07380790289
-0.020225609756097496,0.10120912877913858,-0.005419886881565282,-3.97418896472
-0.01831097560975603,0.10120912877913858,-0.005281804862882972,-3.87293887466
-0.016396341463414565,0.11129115316140262,-0.005142040718325888,-3.77045534814
-0.0144817073170731,0.11129115316140262,-0.005000378951641333,-3.66658037027
-0.012567073170731635,0.12218664981281094,-0.0048573384999464715,-3.56169445714
-0.01065243902439017,0.12218664981281094,-0.004712674578775209,-3.45561811797
-0.008737804878048705,0.12218664981281094,-0.00456682705746457,-3.34867389157
-0.00682317073170724,0.13477068917372018,-0.0044196672173531775,-3.24076739363
-0.004908536585365775,0.13477068917372018,-0.004319681536943554,-3.16745184362
-0.0029939024390243096,0.14749804506388473,-0.004221431317301286,-3.09540883844
-0.0010792682926828445,0.14749804506388473,-0.004119594194259747,-3.02073569868
0.0008353658536586206,0.1583420533779832,-0.004014014602695767,-2.94331835458
0.0027500000000000857,0.16473177857907584,-0.0039049773338806597,-2.86336563233
0.004664634146341551,0.17006011771091806,-0.003792371373325032,-2.78079612939
0.006579268292683016,0.1744511042887333,-0.0036764365702639103,-2.69578571773
0.008493902439024481,0.17829177429953838,-0.0035569929918630554,-2.60820245971
0.01040853658536589,0.18045062777984994,-0.003434256245099797,-2.51820445141
0.012323170731707356,0.18319839199904264,-0.0033080260564833366,-2.42564484019
0.014237804878048821,0.18535976419630765,-0.003178482671206208,-2.33065579273
0.016152439024390286,0.18707120631020563,-0.0030453753588390482,-2.23305345831
0.01806707317073175,0.1882248396449374,-0.002908859534817435,-2.13295179693
0.019981707317073216,0.18877333612061012,-0.002768635499430284,-2.03013105063
0.02189634146341468,0.18930054920618725,-0.0026248415774203023,-1.92469264748
0.023810975609756146,0.18926003793026716,-0.0024771422817811673,-1.81639058811
0.02572560975609761,0.18897354746088238,-0.0023257562371080944,-1.7053851813
0.027640243902439077,0.18808939946535594,-0.002170326468956121,-1.59141467179
0.029554878048780542,0.18701438800146858,-0.002011416451602125,-1.47489223301
0.03146951219512201,0.18530979982457343,-0.0018526400289801508,-1.35846775397
0.03338414634146347,0.18403269902778982,-0.0016990663555721327,-1.24585824542
0.03529878048780494,0.1819282621444232,-0.0015505475680198237,-1.136955285
0.0372134146341464,0.17913880253616093,-0.0014072431527540348,-1.03187581781
0.03912804878048787,0.17626882633143814,-0.0012684819614257141,-0.930127717276
0.04104268292682933,0.17266440242296793,-0.0011340971844740033,-0.831588668536
0.0429573170731708,0.16902046962514944,-0.0010012085419779189,-0.734146676095
0.04487195121951226,0.16459086872273448,-0.000869664439977334,-0.63769058209
0.04678658536585373,0.16154384954455697,-0.0007398266935297891,-0.542485691211
0.04870121951219519,0.15685661049631758,-0.0006067847204792838,-0.444931267531
0.05061585365853666,0.15131044505652036,-0.00047282794034862096,-0.346706051954
0.05253048780487812,0.1458295647247262,-0.00034460710841644946,-0.252686780621
0.05444512195121959,0.13943243979017914,-0.00022800474472305543,-0.167186873118
0.05635975609756105,0.13342470939033413,-0.00012464867410558729,-0.091399949099
0.05827439024390252,0.12587194647422933,-2.6526372420306287e-05,-0.0194507411041
0.060189024390243984,0.11906798156632827,6.316727804416029e-05,0.0463180698823
0.06210365853658545,0.11061068659144555,0.00013644514999239696,0.100049838906
0.06401829268292691,0.10298781512266103,0.00019600349958439053,0.143721624107
0.06593292682926838,0.09360319958929555,0.00024611823507334705,0.180468780109
0.06784756097560984,0.08515509627846372,0.00028478681707524127,0.208822923882
0.06976219512195131,0.07483987718492495,0.0003177433317177183,0.232988634287
0.07167682926829277,0.06553919920601962,0.0003448813834551295,0.252887895673
0.07359146341463424,0.0542654675930132,0.0003677029112409573,0.269622020548
0.0755060975609757,0.0441120958019088,0.00038717824952114557,0.283902516833
0.07742073170731717,0.03188491906346608,0.00040405750154140306,0.296279405609
0.07933536585365863,0.020843460655796942,0.0004188681068051531,0.30713943743
0.08125000000000004,0.007630406907404211,0.00043212048283113567,0.316856881301
0.08316463414634151,-0.004286960619745642,0.0004442154643540733,0.3257256535
0.08507926829268297,-0.01846702434371609,0.00045522311327556844,0.333797127652
0.08699390243902444,-0.031300751560662574,0.0004656214543385331,0.341421820419
0.0889085365853659,-0.04648275504191666,0.0004755907043117691,0.348731877639
0.09082317073170737,-0.06021141665894998,0.00048528680240787547,0.355841643377
0.09273780487804884,-0.07636864167010678,0.0004947303788094408,0.362766244931
0.0946524390243903,-0.09103459989730038,0.0005041860895070715,0.369699744085
0.09656707317073177,-0.10819476059642288,0.0005139738859777663,0.376876748619
0.09848170731707323,-0.12377122226243834,0.0005237665397754276,0.384057314839
0.1003963414634147,-0.14190808640296773,0.0005338112152243301,0.391422678581
0.1023109756097561,-0.15897391378662643,0.000544060573020093,0.398938127803
0.10422560975609763,-0.17754314020942533,0.0005545421308334487,0.406623840126
0.10614024390243915,-0.19554221803460697,0.0005652901760806698,0.414504957158
0.10805487804878056,-0.2150668731665395,0.0005762742503816855,0.422559144972
0.10996951219512197,-0.23399439411979878,0.0005875335806892638,0.430815167143
0.11188414634146349,-0.2548736300530757,0.0005990837762895996,0.439284469344
0.113798780487805,-0.2742093054486548,0.000610867549986669,0.447925045137
0.11571341463414642,-0.29605988718642356,0.0006228429088379913,0.456706102756
0.11762804878048783,-0.3162718978000769,0.0006350603076150971,0.465664638692
0.11954268292682935,-0.3389656948200868,0.0006475075576224275,0.474791715456
0.12145731707317087,-0.36006430393227684,0.0006602165680491448,0.484110730796
0.12337195121951228,-0.3835963204551162,0.0006731539454750391,0.493597198636
0.1252865853658537,-0.405496487423069,0.0006863356868152586,0.503262848882
0.1272012195121952,-0.42975262933071057,0.0006996847314903774,0.513051176055
0.12911585365853673,-0.45245589111629936,0.0007133482719661019,0.523070110576
0.13103048780487814,-0.47740649986686073,0.0007272293006809993,0.533248520632
0.13294512195121955,-0.5007900277687579,0.0007414234594663151,0.5436565366
0.13485975609756107,-0.5262792434227754,0.0007558849087820766,0.554260546156
0.1367743902439026,-0.5503136260672481,0.00077068227684295,0.565110871659
0.138689024390244,-0.5763152652138652,0.0007857563827398311,0.576164118086
0.1406036585365854,-0.6009126374117838,0.0008011540244442458,0.587454600541
0.14251829268292693,-0.6272814536676649,0.0008168144797653766,0.59893779384
0.14443292682926845,-0.6523579143037614,0.0008327638031545405,0.610632802683
0.14634756097560986,-0.6789564864094084,0.0008489234074166,0.622482002184
0.14826219512195127,-0.7043358840908972,0.0008652986733514214,0.634489337871
0.15017682926829268,-0.7309574707720908,0.0008818003669118955,0.646589377942
0.1520914634146342,-0.7565020517364337,0.0008983980790428503,0.658759824638
0.15400609756097572,-0.7829601165464347,0.000914989273818786,0.670925492415
0.15592073170731713,-0.8002103101385544,0.0009315145763408774,0.683042844005
0.15783536585365854,-0.8258568449323065,0.0009478602109618613,0.69502845222
0.15975000000000006,-0.8515406582349863,0.0009639379071435048,0.706817591761
0.16166463414634158,-0.8767927631111933,0.000979630997710909,0.718324715197
0.163579268292683,-0.9018092410920894,0.0009948560188336886,0.729488621798
0.1654939024390244,-0.9264379178752329,0.001009520819060893,0.740241740545
0.16740853658536592,-0.9505378331165907,0.0010235235383850622,0.750509381518
0.16932317073170744,-0.9742608657597,0.0010367657127760188,0.760219344933
0.17123780487804885,-0.9971405276716885,0.0010491489405593235,0.769299476729
0.17315243902439026,-1.012124216942108,0.00106058738591401,0.777686836889
0.17506707317073178,-1.0342114708443413,0.001070985212594978,0.78531115248
0.1769817073170733,-1.0550163281672456,0.00108024931861869,0.792104155495
0.1788963414634147,-1.075550273621604,0.001088279409921849,0.797992304259
0.18081097560975612,-1.0944660569840725,0.0010950052263881663,0.802924079804
0.18272560975609764,-1.1131183894929826,0.001100308014361881,0.806812404765
0.18464024390243916,-1.1298164575863392,0.001104033818510611,0.809544389778
0.18655487804878057,-1.1406189888039748,0.0011061195134307656,0.811073747478
0.18846951219512198,-1.1557061540176148,0.001106511801704851,0.811361396974
0.1903841463414635,-1.1696633245643466,0.001105142024914747,0.81035699376
0.19229878048780502,-1.1821537291579396,0.0011019785185578657,0.808037319507
0.19421341463414643,-1.1934055252801903,0.0010969135866421278,0.804323404998
0.19612804878048784,-1.203037055153891,0.0010899329929608917,0.799204811385
0.19804268292682936,-1.2113410148799115,0.001081025344497624,0.792673184619
0.19995731707317088,-1.215979905226149,0.0010701334627720978,0.784686597979
0.2018719512195123,-1.22152698733885,0.001057261329872535,0.775247971373
0.2037865853658537,-1.2256598003425505,0.0010423904052502485,0.764343709749
0.20570121951219522,-1.2279885445345406,0.0010254160318918036,0.751897072253
0.20761585365853674,-1.2288486138928136,0.001006317655400775,0.737892987158
0.20953048780487815,-1.2284351851946784,0.000985147742221216,0.722369926035
0.21144512195121956,-1.226331396986457,0.0009618755222489142,0.705305326382
0.21335975609756108,-1.2227466325860339,0.0009365265302481177,0.686717911833
0.2152743902439026,-1.2173367009904104,0.0009090811455901415,0.666593295356
0.217189024390244,-1.210469842887024,0.000879563255285127,0.644948992352
0.21910365853658542,-1.20492759476486,0.0008479633198242643,0.621778007876
0.22101829268292683,-1.1951956767515979,0.0008143018860486824,0.597095408115
0.22293292682926835,-1.1840721134450936,0.0007785776861470104,0.570900263433
0.22484756097560987,-1.1712616698211573,0.0007408063744235505,0.543204052513
0.22676219512195128,-1.157135299108058,0.0007009953413377645,0.514012194487
0.2286768292682927,-1.146845032405495,0.0006591546122639907,0.483332040566
0.2305914634146342,-1.1302016385236482,0.0006153015916976299,0.451176352779
0.23250609756097573,-1.112365675171854,0.0005694471445741315,0.417553097954
0.23442073170731714,-1.0930882643528914,0.000521553681834764,0.382434713519
0.23633536585365855,-1.0727267638576252,0.0004714375771120904,0.345686553512
0.23825000000000007,-1.0513761073148273,0.0004192525790479645,0.307421355739
0.2401646341463416,-1.02849156961728,0.00036498459830578626,0.267628789046
0.242079268292683,-1.012787813511131,0.00030800789186244176,0.225850020791
0.2439939024390244,-0.9885091979496404,0.0002491785502710155,0.182712788361
0.24590853658536593,-0.9631673533763817,0.00017890125755580725,0.131181225566
0.24782317073170745,-0.937020394082724,0.00011442669149886021,0.0839045730218
0.24973780487804886,-0.9102773465762436,3.429093400994598e-05,0.0251441874176
0.2516524390243903,-0.8827341087945196,-6.425968808383922e-05,-0.0471190910142
0.2535670731707318,-0.8549164160374192,-0.00016043329728384386,-0.117639399783
0.2554817073170733,-0.8359860391564755,-0.0002561013072134664,-0.187788972578
0.2573963414634147,-0.806958851998463,-0.00035166124230474703,-0.257859298363
0.25931097560975613,-0.7781198191292509,-0.00044339313807030377,-0.325122674118
0.26122560975609765,-0.7483442857569002,-0.0005324802105227269,-0.390446705408
0.2631402439024392,-0.7191114086868751,-0.0006190817918529635,-0.453948224235
0.2650548780487806,-0.6889851125654459,-0.0007031245951050137,-0.515573492169
0.266969512195122,-0.6597729001617825,-0.0007846688255647208,-0.575366655368
0.2688841463414635,-0.6292149267598395,-0.0008626204946550371,-0.632525535221
0.27079878048780504,-0.6011012225920289,-0.0009404798530985917,-0.689616727323
0.27271341463414644,-0.5712382293565974,-0.0010115970112845297,-0.741764130293
0.27462804878048785,-0.5441299509076697,-0.001083141033144428,-0.794224535534
0.2765426829268294,-0.5152596727555668,-0.0011506913288415234,-0.843756499132
0.2784573170731709,-0.48958936336377873,-0.001215356293530062,-0.891172763472
0.2803719512195123,-0.46279803050830265,-0.0012773015679734554,-0.936594786383
0.2822865853658537,-0.43978950821568563,-0.0013365374731749494,-0.980030135849
0.28420121951219524,-0.4165439616967411,-0.0013931088873326736,-1.02151171928
0.28611585365853676,-0.39738314712238454,-0.0014470749558717533,-1.06108290568
0.28803048780487817,-0.3784357146329078,-0.0014985087688618162,-1.09879728911
0.2899451219512196,-0.36292041779829654,-0.0015474858179596472,-1.13471022462
0.291859756097561,-0.34779847447112355,-0.0015940882636798243,-1.16888195727
0.2937743902439025,-0.3354178462720295,-0.001638399267477247,-1.20137346607
0.295689024390244,-0.3231969683969521,-0.0016805061669897669,-1.23224879226
0.29760365853658544,-0.3130652538119891,-0.0017204986290274738,-1.26157368497
0.29951829268292685,-0.3030970048185922,-0.0017584626213467108,-1.28941118096
0.30143292682926837,-0.29479495800901545,-0.0017944873218317362,-1.31582667085
0.3033475609756099,-0.2866457636619364,-0.001828658449759669,-1.3408830092
0.3052621951219513,-0.27977385280697603,-0.0018610618895331193,-1.36464317165
0.3071768292682927,-0.2729616835844605,-0.0018917792846062209,-1.38716702412
0.3090914634146342,-0.2670782280284201,-0.0019208931532381738,-1.40851507399
0.31100609756097575,-0.26135718547868214,-0.0019484818979475915,-1.42874481073
0.31292073170731716,-0.25621541316589846,-0.0019746222480687284,-1.44791249693
0.31483536585365857,-0.25120210276983373,-0.001999386755320926,-1.4660713319
0.3167500000000001,-0.2466552130922548,-0.002022846705584168,-1.48327358676
0.3186646341463416,-0.24206018483984276,-0.002045069932063707,-1.49956900092
0.320579268292683,-0.23803800055782812,-0.002066121923422849,-1.51500559463
0.3224939024390244,-0.23380899254210777,-0.0020860641818971565,-1.52962846505
0.32440853658536595,-0.23007079953704487,-0.002104956349019209,-1.54348134496
0.32632317073170747,-0.22608748407084978,-0.002122855325508465,-1.55660595741
0.3282378048780489,-0.22253785261558928,-0.0021398159308049455,-1.56904249933
0.3301524390243903,-0.21872333008025263,-0.00215589008761552,-1.58082904359
0.3320670731707318,-0.21530526506832606,-0.0021711277922648224,-1.59200225052
0.33398170731707333,-0.2115977877562385,-0.0021855765424702404,-1.60259694832
0.33589634146341474,-0.20825723804641508,-0.002199281693722763,-1.61264639438
0.33781097560975615,-0.20460588855609824,-0.00221228568496462,-1.6221817075
0.33972560975609767,-0.20129766396994422,-0.0022246283063386066,-1.63123206422
0.3416402439024392,-0.1976531998633046,-0.0022363466036831384,-1.63982462879
0.3435548780487806,-0.19433507867317731,-0.0022474754349784284,-1.64798496119
0.345469512195122,-0.190652033182735,-0.0022580474729512905,-1.65573701904
0.34738414634146353,-0.18728011785966012,-0.0022680935778621645,-1.66310343095
0.34929878048780505,-0.1834969362333335,-0.002277642772479903,-1.67010547817
0.35121341463414646,-0.18000966453195463,-0.0022867224264228056,-1.67676322976
0.35312804878048787,-0.1760493285009291,-0.0022953582406525373,-1.68309553122
0.3550426829268294,-0.17237142615650689,-0.0023035744222005684,-1.68912013261
0.3569573170731709,-0.16813433543654221,-0.002311393719926274,-1.69485371477
0.3588719512195123,-0.16417182074424208,-0.0023188375119892585,-1.70031195346
0.36078658536585373,-0.15954579796611615,-0.0023259258807477013,-1.70550957428
0.36270121951219514,-0.15519671506733734,-0.0023326777122591492,-1.71046042563
0.36461585365853666,-0.15199331352467957,-0.0023391107575684218,-1.71517752365
0.3665304878048782,-0.1466649724085627,-0.002345241668342969,-1.71967307835
0.3684451219512196,-0.1416424906659275,-0.002351086106165544,-1.72395857375
0.370359756097561,-0.13582566924932749,-0.0023566587842247058,-1.72804479845
0.3722743902439025,-0.13002894828370457,-0.0023619735336486824,-1.73194189427
0.37418902439024404,-0.12348328455688369,-0.0023670433325400724,-1.73565937754
0.37610365853658545,-0.11697297439907554,-0.0023718804191825414,-1.73920622211
0.37801829268292686,-0.10964756782575427,-0.0023764962982187094,-1.74259086388
0.3799329268292684,-0.10238364969188075,-0.002380901815425759,-1.74582125563
0.3818475609756099,-0.09717076555775653,-0.0023851071754035567,-1.74890487999
0.3837621951219513,-0.08876940946457874,-0.0023891220491898853,-1.75184882835
0.3856768292682927,-0.08050808504241444,-0.002392955550708104,-1.75465978359
0.38759146341463424,-0.07135260959397198,-0.0023966163125110377,-1.75734407562
0.38950609756097576,-0.06241716090455348,-0.002400112487267485,-1.75990768247
0.39142073170731717,-0.05261023243420694,-0.00240345184308987,-1.76235630019
0.3933353658536586,-0.04311414873688591,-0.00240664171184729,-1.76469530495
0.3952500000000001,-0.03646262740353985,-0.0024096890644593563,-1.76692980825
0.3971646341463416,-0.026027423855498708,-0.002412600509464235,-1.76906465587
0.39907926829268303,-0.016041198561343988,-0.002415382355533947,-1.77110447371
0.40099390243902444,-0.0053693213346268105,-0.002418040560987534,-1.77305363077
0.40290853658536596,0.004744804059725931,-0.0024205808054027183,-1.77491629166
0.4048231707317075,0.01541873412767299,-0.0024230084739597997,-1.77669640512
0.4067378048780489,0.025424507664502133,-0.0024253287010550816,-1.778397736
0.4086524390243903,0.03220355048296843,-0.0024275463243281204,-1.78002383155
0.4105670731707318,0.042470473663909464,-0.002429665931998246,-1.78157805613
0.41248170731707334,0.051924194315099,-0.002431691849145017,-1.78306358115
0.41439634146341475,0.0615485635425657,-0.0024336280107274287,-1.78448329196
0.41631097560975616,0.07019875213524615,-0.0024354780350775746,-1.78583984174
0.4182256097560977,0.07652939763408317,-0.0024372464551956634,-1.78713655436
0.4201402439024392,0.08484820572322749,-0.0024389222752350627,-1.788365367
0.4220548780487806,0.09421216136632962,-0.0024404705588941446,-1.78950066225
0.423969512195122,0.0999932597203404,-0.002441896902806028,-1.7905465439
0.42588414634146354,0.105001138536441,-0.002443211663276557,-1.79151060582
0.42779878048780506,0.10934304069534481,-0.0024444256841327193,-1.79240079936
0.4297134146341465,0.11301037456741345,-0.0024455491748566842,-1.79322461073
0.4316280487804879,0.11602882866739261,-0.002446591762450043,-1.79398909903
0.4335426829268293,0.1184361660190796,-0.002447559781100986,-1.79469890887
0.4354573170731708,0.12027432684565866,-0.002448428571864978,-1.79533595882
0.43737195121951233,0.12158160362099597,-0.0024492098219391334,-1.79590881864
0.43928658536585374,0.12240276697429567,-0.002449916253814299,-1.79642681723
0.44120121951219515,0.1227645506263084,-0.002450559119030685,-1.7968982049
0.4431158536585367,0.12273703999501767,-0.00245114781289869,-1.79732987086
0.4450304878048782,0.12233886959657887,-0.0024516900744960346,-1.79772748987
0.4469451219512196,0.12160132277419367,-0.0024521922476936913,-1.79809571364
0.448859756097561,0.12056927117852385,-0.0024526595188340294,-1.79843834511
0.45077439024390253,0.1192785807487698,-0.0024530961057359557,-1.79875847704
0.45268902439024405,0.11776239842578302,-0.0024535054516096255,-1.7990586342
0.45460365853658546,0.11605125272679732,-0.00245389035697409,-1.7993408701
0.4565182926829269,0.11417094978986167,-0.002454253095741554,-1.79960685211
0.4584329268292684,0.11214889395069462,-0.002454595505049024,-1.79985792733
0.4603475609756099,0.11000620159952249,-0.002454919095682912,-1.80009520356
0.4622621951219513,0.10776647654046546,-0.0024552250861324177,-1.80031957427
0.46417682926829273,0.10544658493006386,-0.002455514477160572,-1.80053177328
0.46609146341463426,0.10306651392349647,-0.002455788089198859,-1.80073240218
0.4680060975609758,0.10063867636108403,-0.002456046606888002,-1.80092196299
0.4699207317073172,0.0981795246113307,-0.0024562905812600022,-1.80110085976
0.4718353658536586,0.09569897316206176,-0.002456520462386832,-1.80126942251
0.4737500000000001,0.09320960963351739,-0.002456736687302807,-1.8014279717
0.47566463414634164,0.09071905371433481,-0.0024569395545784886,-1.80157672626
0.47757926829268305,0.08823718911137308,-0.0024571294869422254,-1.80171599616
0.47949390243902446,0.08576983729800738,-0.0024573055838818534,-1.80184512109
0.481408536585366,0.08332415742146812,-0.002457464062308006,-1.80196132706
0.4833231707317075,0.08090445486197909,-0.002457601974837046,-1.80206245287
0.4852378048780489,0.07851612664829057,-0.0024577191436331285,-1.80214836812
0.4871524390243903,0.07616228954478735,-0.00245781575351461,-1.80221920833
0.48906707317073184,0.07384662088754418,-0.0024578923688102655,-1.8022753873
0.49098170731707336,0.07157116576043271,-0.002457949481800806,-1.802317266
0.49289634146341477,0.06933849853366496,-0.002457987202829008,-1.80234492534
0.4948109756097562,0.06715000131547914,-0.0024580045766545446,-1.80235766488
0.4967256097560977,0.06500716598933423,-0.002458000141204933,-1.80235441254
0.4986402439024392,0.06291063653126458,-0.0024579744526126795,-1.80233557611
0.5005548780487806,0.06086118399136459,-0.002457928206415046,-1.8023016656
0.502469512195122,0.058858968510948316,-0.0024578620033535144,-1.80225312151
0.5043841463414634,0.056904112927746074,-0.0024577763643889175,-1.80219032584
0.506298780487805,0.05499635819916658,-0.002457671805763436,-1.80211365713
0.5082134146341465,0.05313541574754885,-0.002457548716370239,-1.80202340054
0.5101280487804879,0.05132085620912804,-0.0024574073863926934,-1.80191976885
0.5120426829268293,0.049552217664254376,-0.002457248151591419,-1.80180300826
0.5139573170731708,0.047828982528749626,-0.0024570713875355344,-1.80167339416
0.5158719512195123,0.046150528577406424,-0.0024568773444635294,-1.80153111004
0.5177865853658538,0.044516229171821534,-0.0024566662099076656,-1.80137629341
0.5197012195121952,0.04292532080555878,-0.002456438388185372,-1.80120924074
0.5216158536585367,0.04137709079489636,-0.00245619432835943,-1.80103028131
0.5235304878048782,0.03987067555606469,-0.0024559342162301114,-1.80083955136
0.5254451219512196,0.038405300659406394,-0.002455658268637135,-1.80063720989
0.527359756097561,0.03698003893835213,-0.0024553665992781554,-1.80042334027
0.5292743902439025,0.03559408009010591,-0.002455059328028715,-1.8001980304
0.5311890243902441,0.0342464626233863,-0.002454736638738893,-1.79996141509
0.5331036585365855,0.03293635553637182,-0.0024543986795006684,-1.79971360293
0.5350182926829269,0.031662786652371294,-0.002454045488213261,-1.79945462171
0.5369329268292684,0.030424921432863516,-0.002453677216869039,-1.79918458288
0.5388475609756099,0.029221792083728923,-0.0024532940623421,-1.7989036308
0.5407621951219513,0.028052570585169474,-0.002452896119360036,-1.79861183493
0.5426768292682927,0.026916309114124893,-0.0024524834610346524,-1.79830924888
0.5445914634146343,0.02581219489844787,-0.002452056194067456,-1.79799595089
0.5465060975609758,0.024739307117153834,-0.002451614436206505,-1.7976720273
0.5484207317073172,0.023696854668581093,-0.0024511582922031117,-1.79733755492
0.5503353658536586,0.022683952064481545,-0.002450687872631895,-1.79699261483
0.5522500000000001,0.02169983292002713,-0.002450203283757955,-1.79663728495
0.5541646341463417,0.02074364958383367,-0.0024497046349694273,-1.79627164549
0.5560792682926831,0.019814664484252942,-0.00244919203457707,-1.79589577587
0.5579939024390245,0.01891207102838774,-0.0024486655903324943,-1.7955097551
0.559908536585366,0.01803516050310754,-0.002448125414569583,-1.79511366555
0.5618231707317075,0.01718316713088701,-0.0024475716132534068,-1.79470758492
0.5637378048780489,0.016355413291304913,-0.0024470043010089864,-1.79429159726
0.5656524390243903,0.015551175558602828,-0.00244642358577886,-1.79386578172
0.5675670731707319,0.01476980460341174,-0.0024458295797878103,-1.79343022059
0.5694817073170734,0.014010618569344263,-0.002445222395342446,-1.79298499622
0.5713963414634148,0.013272999263154091,-0.002444602140248929,-1.79253018766
0.5733109756097562,0.012556304568915893,-0.00244396893026421,-1.79206587979
0.5752256097560976,0.011859945052042666,-0.0024433228719397807,-1.79159215074
0.5771402439024391,0.011183318908461283,-0.0024426640799552132,-1.7911090846
0.5790548780487806,0.010525866765464352,-0.0024419926645714582,-1.79061676222
0.580969512195122,0.009887026890094918,-0.0024413087368813672,-1.79011526506
0.5828841463414635,0.009266270747208295,-0.0024406124108007996,-1.78960467665
0.584798780487805,0.008663079169711471,-0.002439903794735977,-1.78908507648
0.5867134146341465,0.008076957997101073,-0.00243918300426656,-1.7885565493
0.5886280487804879,0.007507379532573273,-0.002438450145998591,-1.78801917328
0.5905426829268293,0.006953732638006697,-0.002437705336166342,-1.78747303365
0.5924573170731708,0.006415443904542334,-0.002436948680666693,-1.78691820806
0.5943719512195124,0.005892060704983648,-0.002436180295843019,-1.78635478182
0.5962865853658538,0.0053832174385198385,-0.002435400288137708,-1.78578283298
0.5982012195121952,0.004888536365043526,-0.0024346087704983426,-1.78520244436
0.6001158536585367,0.004407658091905946,-0.002433805852422161,-1.78461369625
0.6020304878048782,0.003940177628929659,-0.0024329916421790073,-1.78401666804
0.6039451219512196,0.0034856699007909026,-0.002432166252020939,-1.78341144204
0.605859756097561,0.003043692629684657,-0.0024313297913497317,-1.78279809847
0.6077743902439026,0.002613910485821734,-0.0024304823717082808,-1.78217671912
0.6096890243902441,0.0021960021159525755,-0.0024296241102445856,-1.78154738989
0.6116036585365855,0.0017896785849867355,-0.0024287551158694624,-1.78091019064
0.6135182926829269,0.001394608182797549,-0.0024278755105723,-1.78026521082
0.6154329268292684,0.0010104946075023035,-0.0024269854036594084,-1.77961253058
0.6173475609756099,0.0006370060017172887,-0.002426084913847125,-1.77895223697
0.6192621951219514,0.00027385552116577616,-0.0024251741508645288,-1.77828441045
0.6211768292682928,-7.927841204531903e-05,-0.00242425322629543,-1.77760913284
0.6230914634146343,-0.0004226704510879842,-0.0024233222455457507,-1.77692648143
0.6250060975609758,-0.0007566296069556598,-0.0024223813119075687,-1.77623653196
0.6269207317073172,-0.0010814146798822201,-0.002421430518471948,-1.77553935269
0.6288353658536586,-0.0013973216637803954,-0.002420469955861525,-1.77483501007
0.6307500000000001,-0.0017045938724550597,-0.00241949969567432,-1.7741235566
0.6326646341463417,-0.002003514239814275,-0.002418519801680303,-1.77340503904
0.6345792682926831,-0.0022943082568079288,-0.0024175303098284986,-1.77267948375
0.6364939024390245,-0.0025772485597561987,-0.0024165312365387196,-1.77194690277
0.638408536585366,-0.0028525433193236087,-0.002415522555872026,-1.77120727708
0.6403231707317075,-0.0031204535622697074,-0.002414504206240483,-1.77046056152
0.6422378048780489,-0.0033811730600274005,-0.0024134760587540167,-1.76970666158
0.6441524390243903,-0.0036349476233586537,-0.002412437916620355,-1.76894543296
0.6460670731707318,-0.0038819689507829155,-0.002411389477150344,-1.76817665371
0.6479817073170733,-0.004122443759899185,-0.00241033035243273,-1.76740003939
0.6498963414634148,-0.0043566027965959335,-0.002409259874928487,-1.76661510052
0.6518109756097562,-0.004584468808153599,-0.0024081776690412205,-1.76582156169
0.6537256097560976,-0.004806448857308479,-0.002407082037106867,-1.76501817807
0.6556402439024391,-0.0050226942666290585,-0.0024059744839521557,-1.76420605309
0.6575548780487807,-0.005233290085363781,-0.002404849267334051,-1.76338097619
0.6594695121951221,-0.005438437900946072,-0.0024037220221735656,-1.76255441184
0.6613841463414635,-0.005638280750395741,-0.0024025651951250612,-1.76170615626
0.663298780487805,-0.005833023647057675,-0.0024014876994328752,-1.76091607123
0.6652134146341465,-0.006022784191387494,-0.002400309389337077,-1.76005206298
0.6671280487804879,-0.006207758235467173,-0.0023997921146304757,-1.75967276587
0.6690426829268293,-0.006388051564907698,-0.002398601061109933,-1.75879941337
